[2026-09-13T14:24:08.136-0400][177.228s][info][gc] GC(10) Major Collection (Metadata GC Threshold)
[2026-09-13T14:24:08.136-0400][177.228s][info][gc,task] GC(10) Using 1 Workers for Young Generation
[2026-09-13T14:24:08.136-0400][177.228s][info][gc,task] GC(10) Using 1 Workers for Old Generation
[2026-09-13T14:24:08.136-0400][177.228s][info][gc,phases] GC(10) Y: Young Generation
[2026-09-13T14:24:08.136-0400][177.228s][info][gc,phases] GC(10) Y: Pause Mark Start (Major) 0.014ms
[2026-09-13T14:24:09.314-0400][178.407s][info][gc,phases] GC(10) Y: Concurrent Mark 1178.315ms
[2026-09-13T14:24:09.314-0400][178.407s][info][gc,phases] GC(10) Y: Pause Mark End 0.015ms
[2026-09-13T14:24:09.314-0400][178.407s][info][gc,phases] GC(10) Y: Concurrent Mark Free 0.003ms
[2026-09-13T14:24:09.315-0400][178.407s][info][gc,phases] GC(10) Y: Concurrent Reset Relocation Set 0.141ms
[2026-09-13T14:24:09.315-0400][178.408s][info][gc,reloc ] GC(10) Y: Using tenuring threshold: 2 (Computed)
[2026-09-13T14:24:09.389-0400][178.482s][info][gc,phases] GC(10) Y: Concurrent Select Relocation Set 74.703ms
[2026-09-13T14:24:09.390-0400][178.482s][info][gc,phases] GC(10) Y: Pause Relocate Start 0.061ms
[2026-09-13T14:24:09.602-0400][178.694s][info][gc,phases] GC(10) Y: Concurrent Relocate 212.256ms
[2026-09-13T14:24:09.602-0400][178.695s][info][gc,alloc ] GC(10) Y:                         Mark Start        Mark End      Relocate Start    Relocate End   
[2026-09-13T14:24:09.602-0400][178.695s][info][gc,alloc ] GC(10) Y: Allocation Stalls:          0                0                0                0         
[2026-09-13T14:24:09.602-0400][178.695s][info][gc,load  ] GC(10) Y: Load: 0.00 (0%) / 0.00 (0%) / 0.00 (0%)
[2026-09-13T14:24:09.602-0400][178.695s][info][gc,mmu   ] GC(10) Y: MMU: 2ms/96.9%, 5ms/98.8%, 10ms/99.4%, 20ms/99.6%, 50ms/99.9%, 100ms/99.9%
[2026-09-13T14:24:09.602-0400][178.695s][info][gc,marking] GC(10) Y: Mark: 1 stripe(s), 2 proactive flush(es), 1 terminate flush(es), 0 completion(s), 0 continuation(s) 
[2026-09-13T14:24:09.602-0400][178.695s][info][gc,nmethod] GC(10) Y: NMethods: 18139 registered, 0 unregistered
[2026-09-13T14:24:09.602-0400][178.695s][info][gc,metaspace] GC(10) Y: Metaspace: 394M used, 396M committed, 1344M reserved
[2026-09-13T14:24:09.602-0400][178.695s][info][gc,reloc    ] GC(10) Y:                        Candidates     Selected     In-Place         Size        Empty    Relocated 
[2026-09-13T14:24:09.602-0400][178.695s][info][gc,reloc    ] GC(10) Y: Small Pages:                 1681         1338            0        3362M          56M          74M 
[2026-09-13T14:24:09.602-0400][178.695s][info][gc,reloc    ] GC(10) Y: Medium Pages:                  14            3            0         448M           0M          32M 
[2026-09-13T14:24:09.602-0400][178.695s][info][gc,reloc    ] GC(10) Y: Large Pages:                    0            0            0           0M           0M           0M 
[2026-09-13T14:24:09.602-0400][178.695s][info][gc,reloc    ] GC(10) Y: Forwarding Usage: 23M
[2026-09-13T14:24:09.602-0400][178.695s][info][gc,reloc    ] GC(10) Y: Age Table:
[2026-09-13T14:24:09.602-0400][178.695s][info][gc,reloc    ] GC(10) Y:                    Live             Garbage             Small              Medium             Large        
[2026-09-13T14:24:09.602-0400][178.695s][info][gc,reloc    ] GC(10) Y: Eden              93M (0%)         2752M (13%)       1407 / 1334           1 / 1              0 / 0        
[2026-09-13T14:24:09.602-0400][178.695s][info][gc,reloc    ] GC(10) Y: Survivor 1       604M (3%)           41M (0%)         163 / 2             10 / 1              0 / 0        
[2026-09-13T14:24:09.602-0400][178.695s][info][gc,reloc    ] GC(10) Y: Survivor 2       190M (1%)           61M (0%)          94 / 2              2 / 0              0 / 0        
[2026-09-13T14:24:09.602-0400][178.695s][info][gc,reloc    ] GC(10) Y: Survivor 3        35M (0%)           30M (0%)          17 / 0              1 / 1              0 / 0        
[2026-09-13T14:24:09.602-0400][178.695s][info][gc,heap     ] GC(10) Y: Min Capacity: 256M(1%)
[2026-09-13T14:24:09.602-0400][178.695s][info][gc,heap     ] GC(10) Y: Max Capacity: 20576M(100%)
[2026-09-13T14:24:09.602-0400][178.695s][info][gc,heap     ] GC(10) Y: Soft Max Capacity: 20576M(100%)
[2026-09-13T14:24:09.602-0400][178.695s][info][gc,heap     ] GC(10) Y: Heap Statistics:
[2026-09-13T14:24:09.602-0400][178.695s][info][gc,heap     ] GC(10) Y:                Mark Start          Mark End        Relocate Start      Relocate End           High               Low         
[2026-09-13T14:24:09.602-0400][178.695s][info][gc,heap     ] GC(10) Y:  Capacity:    17288M (84%)       17288M (84%)       17288M (84%)       17288M (84%)       17288M (84%)       17288M (84%)    
[2026-09-13T14:24:09.602-0400][178.695s][info][gc,heap     ] GC(10) Y:      Free:    15302M (74%)       14878M (72%)       14900M (72%)       17492M (85%)       17510M (85%)       14766M (72%)    
[2026-09-13T14:24:09.602-0400][178.695s][info][gc,heap     ] GC(10) Y:      Used:     5274M (26%)        5698M (28%)        5676M (28%)        3084M (15%)        5810M (28%)        3066M (15%)    
[2026-09-13T14:24:09.602-0400][178.695s][info][gc,heap     ] GC(10) Y: Young Generation Statistics:
[2026-09-13T14:24:09.602-0400][178.695s][info][gc,heap     ] GC(10) Y:                Mark Start          Mark End        Relocate Start      Relocate End    
[2026-09-13T14:24:09.602-0400][178.695s][info][gc,heap     ] GC(10) Y:      Used:     3810M (19%)        4234M (21%)        3994M (19%)        1336M (6%)     
[2026-09-13T14:24:09.602-0400][178.695s][info][gc,heap     ] GC(10) Y:      Live:         -               923M (4%)          715M (3%)          697M (3%)     
[2026-09-13T14:24:09.602-0400][178.695s][info][gc,heap     ] GC(10) Y:   Garbage:         -              2886M (14%)        2820M (14%)          20M (0%)     
[2026-09-13T14:24:09.602-0400][178.695s][info][gc,heap     ] GC(10) Y: Allocated:         -               424M (2%)          458M (2%)          617M (3%)     
[2026-09-13T14:24:09.602-0400][178.695s][info][gc,heap     ] GC(10) Y: Reclaimed:         -                  -                66M (0%)         2866M (14%)    
[2026-09-13T14:24:09.602-0400][178.695s][info][gc,heap     ] GC(10) Y:  Promoted:         -                  -               207M (1%)          225M (1%)     
[2026-09-13T14:24:09.602-0400][178.695s][info][gc,heap     ] GC(10) Y: Compacted:         -                  -                  -               112M (1%)     
[2026-09-13T14:24:09.603-0400][178.695s][info][gc,phases   ] GC(10) Y: Young Generation 5274M(26%)->3084M(15%) 1.466s
[2026-09-13T14:24:09.603-0400][178.695s][info][gc,phases   ] GC(10) O: Old Generation
[2026-09-13T14:24:11.655-0400][180.747s][info][gc,phases   ] GC(10) O: Concurrent Mark 2051.778ms
[2026-09-13T14:24:11.655-0400][180.747s][info][gc,phases   ] GC(10) O: Pause Mark End 0.024ms
[2026-09-13T14:24:11.655-0400][180.747s][info][gc,phases   ] GC(10) O: Concurrent Mark Free 0.003ms
[2026-09-13T14:24:11.708-0400][180.801s][info][gc,phases   ] GC(10) O: Concurrent Process Non-Strong 53.930ms
[2026-09-13T14:24:11.708-0400][180.801s][info][gc,phases   ] GC(10) O: Concurrent Reset Relocation Set 0.004ms
[2026-09-13T14:24:11.720-0400][180.812s][info][gc,phases   ] GC(10) O: Concurrent Select Relocation Set 10.917ms
[2026-09-13T14:24:11.720-0400][180.812s][info][gc,task     ] GC(10) O: Using 2 Workers for Old Generation
[2026-09-13T14:24:11.738-0400][180.831s][info][gc,task     ] GC(10) O: Using 1 Workers for Old Generation
[2026-09-13T14:24:11.738-0400][180.831s][info][gc,phases   ] GC(10) O: Concurrent Remap Roots 19.269ms
[2026-09-13T14:24:11.739-0400][180.831s][info][gc,phases   ] GC(10) O: Pause Relocate Start 0.011ms
[2026-09-13T14:24:11.899-0400][180.991s][info][gc,phases   ] GC(10) O: Concurrent Relocate 159.761ms
[2026-09-13T14:24:11.899-0400][180.991s][info][gc,alloc    ] GC(10) O:                         Mark Start        Mark End      Relocate Start    Relocate End   
[2026-09-13T14:24:11.899-0400][180.991s][info][gc,alloc    ] GC(10) O: Allocation Stalls:          0                0                0                0         
[2026-09-13T14:24:11.899-0400][180.991s][info][gc,load     ] GC(10) O: Load: 0.00 (0%) / 0.00 (0%) / 0.00 (0%)
[2026-09-13T14:24:11.899-0400][180.991s][info][gc,mmu      ] GC(10) O: MMU: 2ms/96.9%, 5ms/98.8%, 10ms/99.4%, 20ms/99.6%, 50ms/99.9%, 100ms/99.9%
[2026-09-13T14:24:11.899-0400][180.991s][info][gc,marking  ] GC(10) O: Mark: 1 stripe(s), 2 proactive flush(es), 1 terminate flush(es), 0 completion(s), 0 continuation(s) 
[2026-09-13T14:24:11.899-0400][180.991s][info][gc,nmethod  ] GC(10) O: NMethods: 14977 registered, 3244 unregistered
[2026-09-13T14:24:11.899-0400][180.991s][info][gc,metaspace] GC(10) O: Metaspace: 397M used, 399M committed, 1344M reserved
[2026-09-13T14:24:11.901-0400][180.993s][info][gc,ref      ] GC(10) O:                       Encountered   Discovered     Enqueued 
[2026-09-13T14:24:11.901-0400][180.993s][info][gc,ref      ] GC(10) O: Soft References:            22741            0            0 
[2026-09-13T14:24:11.901-0400][180.993s][info][gc,ref      ] GC(10) O: Weak References:            51250        13050         8766 
[2026-09-13T14:24:11.901-0400][180.993s][info][gc,ref      ] GC(10) O: Final References:            1462          499          485 
[2026-09-13T14:24:11.901-0400][180.993s][info][gc,ref      ] GC(10) O: Phantom References:          7985         1275           10 
[2026-09-13T14:24:11.901-0400][180.993s][info][gc,reloc    ] GC(10) O:                        Candidates     Selected     In-Place         Size        Empty    Relocated 
[2026-09-13T14:24:11.901-0400][180.993s][info][gc,reloc    ] GC(10) O: Small Pages:                  652           18            0        1304M           2M          18M 
[2026-09-13T14:24:11.901-0400][180.993s][info][gc,reloc    ] GC(10) O: Medium Pages:                   6            2            0         160M           0M          29M 
[2026-09-13T14:24:11.901-0400][180.993s][info][gc,reloc    ] GC(10) O: Large Pages:                    0            0            0           0M           0M           0M 
[2026-09-13T14:24:11.901-0400][180.993s][info][gc,reloc    ] GC(10) O: Forwarding Usage: 40M
[2026-09-13T14:24:11.901-0400][180.993s][info][gc,heap     ] GC(10) O: Min Capacity: 256M(1%)
[2026-09-13T14:24:11.901-0400][180.993s][info][gc,heap     ] GC(10) O: Max Capacity: 20576M(100%)
[2026-09-13T14:24:11.901-0400][180.993s][info][gc,heap     ] GC(10) O: Soft Max Capacity: 20576M(100%)
[2026-09-13T14:24:11.901-0400][180.993s][info][gc,heap     ] GC(10) O: Heap Statistics:
[2026-09-13T14:24:11.901-0400][180.993s][info][gc,heap     ] GC(10) O:                Mark Start          Mark End        Relocate Start      Relocate End           High               Low         
[2026-09-13T14:24:11.901-0400][180.993s][info][gc,heap     ] GC(10) O:  Capacity:    17288M (84%)       17288M (84%)       17288M (84%)       17288M (84%)       17288M (84%)       17288M (84%)    
[2026-09-13T14:24:11.901-0400][180.993s][info][gc,heap     ] GC(10) O:      Free:    15302M (74%)       17180M (83%)       17154M (83%)       17224M (84%)       17510M (85%)       14766M (72%)    
[2026-09-13T14:24:11.901-0400][180.993s][info][gc,heap     ] GC(10) O:      Used:     5274M (26%)        3396M (17%)        3422M (17%)        3352M (16%)        5810M (28%)        3066M (15%)    
[2026-09-13T14:24:11.901-0400][180.993s][info][gc,heap     ] GC(10) O: Old Generation Statistics:
[2026-09-13T14:24:11.901-0400][180.993s][info][gc,heap     ] GC(10) O:                Mark Start          Mark End        Relocate Start      Relocate End    
[2026-09-13T14:24:11.901-0400][180.993s][info][gc,heap     ] GC(10) O:      Used:     1464M (7%)         1748M (8%)         1746M (8%)         1634M (8%)     
[2026-09-13T14:24:11.901-0400][180.993s][info][gc,heap     ] GC(10) O:      Live:         -              1300M (6%)         1300M (6%)         1300M (6%)     
[2026-09-13T14:24:11.901-0400][180.993s][info][gc,heap     ] GC(10) O:   Garbage:         -               163M (1%)          161M (1%)           35M (0%)     
[2026-09-13T14:24:11.901-0400][180.993s][info][gc,heap     ] GC(10) O: Allocated:         -               284M (1%)          284M (1%)          298M (1%)     
[2026-09-13T14:24:11.901-0400][180.993s][info][gc,heap     ] GC(10) O: Reclaimed:         -                  -                 2M (0%)          128M (1%)     
[2026-09-13T14:24:11.901-0400][180.993s][info][gc,heap     ] GC(10) O: Compacted:         -                  -                  -               183M (1%)     
[2026-09-13T14:24:11.901-0400][180.993s][info][gc,phases   ] GC(10) O: Old Generation 3084M(15%)->3352M(16%) 2.296s
[2026-09-13T14:24:11.901-0400][180.993s][info][gc          ] GC(10) Major Collection (Metadata GC Threshold) 5274M(26%)->3352M(16%) 3.766s
[2026-09-13T14:24:35.367-0400][204.459s][info][gc          ] GC(11) Minor Collection (Allocation Rate)
[2026-09-13T14:24:35.367-0400][204.459s][info][gc,task     ] GC(11) Using 1 Workers for Young Generation
[2026-09-13T14:24:35.367-0400][204.459s][info][gc,phases   ] GC(11) y: Young Generation
[2026-09-13T14:24:35.367-0400][204.459s][info][gc,phases   ] GC(11) y: Pause Mark Start 0.012ms
[2026-09-13T14:24:36.866-0400][205.958s][info][gc,phases   ] GC(11) y: Concurrent Mark 1498.936ms
[2026-09-13T14:24:36.866-0400][205.959s][info][gc,phases   ] GC(11) y: Pause Mark End 0.016ms
[2026-09-13T14:24:36.866-0400][205.959s][info][gc,phases   ] GC(11) y: Concurrent Mark Free 0.004ms
[2026-09-13T14:24:36.866-0400][205.959s][info][gc,phases   ] GC(11) y: Concurrent Reset Relocation Set 0.203ms
[2026-09-13T14:24:36.868-0400][205.960s][info][gc,reloc    ] GC(11) y: Using tenuring threshold: 1 (Computed)
[2026-09-13T14:24:37.125-0400][206.217s][info][gc,phases   ] GC(11) y: Concurrent Select Relocation Set 258.114ms
[2026-09-13T14:24:37.125-0400][206.217s][info][gc,phases   ] GC(11) y: Pause Relocate Start 0.011ms
[2026-09-13T14:24:38.198-0400][207.290s][info][gc,phases   ] GC(11) y: Concurrent Relocate 1072.404ms
[2026-09-13T14:24:38.198-0400][207.290s][info][gc,alloc    ] GC(11) y:                         Mark Start        Mark End      Relocate Start    Relocate End   
[2026-09-13T14:24:38.198-0400][207.290s][info][gc,alloc    ] GC(11) y: Allocation Stalls:          0                0                0                0         
[2026-09-13T14:24:38.198-0400][207.290s][info][gc,load     ] GC(11) y: Load: 0.00 (0%) / 0.00 (0%) / 0.00 (0%)
[2026-09-13T14:24:38.198-0400][207.290s][info][gc,mmu      ] GC(11) y: MMU: 2ms/96.9%, 5ms/98.8%, 10ms/99.4%, 20ms/99.6%, 50ms/99.9%, 100ms/99.9%
[2026-09-13T14:24:38.198-0400][207.290s][info][gc,marking  ] GC(11) y: Mark: 1 stripe(s), 2 proactive flush(es), 1 terminate flush(es), 0 completion(s), 0 continuation(s) 
[2026-09-13T14:24:38.198-0400][207.290s][info][gc,nmethod  ] GC(11) y: NMethods: 19648 registered, 3244 unregistered
[2026-09-13T14:24:38.198-0400][207.290s][info][gc,metaspace] GC(11) y: Metaspace: 486M used, 489M committed, 1408M reserved
[2026-09-13T14:24:38.198-0400][207.290s][info][gc,reloc    ] GC(11) y:                        Candidates     Selected     In-Place         Size        Empty    Relocated 
[2026-09-13T14:24:38.198-0400][207.290s][info][gc,reloc    ] GC(11) y: Small Pages:                 7017         4625            0       14034M        3844M         253M 
[2026-09-13T14:24:38.198-0400][207.290s][info][gc,reloc    ] GC(11) y: Medium Pages:                  55            8            0        1732M         224M          56M 
[2026-09-13T14:24:38.198-0400][207.290s][info][gc,reloc    ] GC(11) y: Large Pages:                    3            0            0          34M          16M           0M 
[2026-09-13T14:24:38.198-0400][207.290s][info][gc,reloc    ] GC(11) y: Forwarding Usage: 87M
[2026-09-13T14:24:38.198-0400][207.290s][info][gc,reloc    ] GC(11) y: Age Table:
[2026-09-13T14:24:38.198-0400][207.290s][info][gc,reloc    ] GC(11) y:                    Live             Garbage             Small              Medium             Large        
[2026-09-13T14:24:38.198-0400][207.290s][info][gc,reloc    ] GC(11) y: Eden            1388M (7%)        13587M (66%)       6813 / 4623          42 / 6              3 / 0        
[2026-09-13T14:24:38.198-0400][207.290s][info][gc,reloc    ] GC(11) y: Survivor 1        92M (0%)           59M (0%)          44 / 2              2 / 1              0 / 0        
[2026-09-13T14:24:38.198-0400][207.290s][info][gc,reloc    ] GC(11) y: Survivor 2       601M (3%)           70M (0%)         160 / 0             11 / 1              0 / 0        
[2026-09-13T14:24:38.198-0400][207.290s][info][gc,heap     ] GC(11) y: Min Capacity: 256M(1%)
[2026-09-13T14:24:38.198-0400][207.290s][info][gc,heap     ] GC(11) y: Max Capacity: 20576M(100%)
[2026-09-13T14:24:38.198-0400][207.290s][info][gc,heap     ] GC(11) y: Soft Max Capacity: 20576M(100%)
[2026-09-13T14:24:38.198-0400][207.290s][info][gc,heap     ] GC(11) y: Heap Statistics:
[2026-09-13T14:24:38.198-0400][207.290s][info][gc,heap     ] GC(11) y:                Mark Start          Mark End        Relocate Start      Relocate End           High               Low         
[2026-09-13T14:24:38.198-0400][207.290s][info][gc,heap     ] GC(11) y:  Capacity:    17434M (85%)       18482M (90%)       18482M (90%)       18482M (90%)       18482M (90%)       17434M (85%)    
[2026-09-13T14:24:38.198-0400][207.290s][info][gc,heap     ] GC(11) y:      Free:     3142M (15%)        2094M (10%)        6088M (30%)       14760M (72%)       15204M (74%)        2094M (10%)    
[2026-09-13T14:24:38.198-0400][207.290s][info][gc,heap     ] GC(11) y:      Used:    17434M (85%)       18482M (90%)       14488M (70%)        5816M (28%)       18482M (90%)        5372M (26%)    
[2026-09-13T14:24:38.198-0400][207.290s][info][gc,heap     ] GC(11) y: Young Generation Statistics:
[2026-09-13T14:24:38.198-0400][207.290s][info][gc,heap     ] GC(11) y:                Mark Start          Mark End        Relocate Start      Relocate End    
[2026-09-13T14:24:38.198-0400][207.290s][info][gc,heap     ] GC(11) y:      Used:    15800M (77%)       16848M (82%)       12172M (59%)        3452M (17%)    
[2026-09-13T14:24:38.198-0400][207.290s][info][gc,heap     ] GC(11) y:      Live:         -              2082M (10%)        1423M (7%)         1388M (7%)     
[2026-09-13T14:24:38.198-0400][207.290s][info][gc,heap     ] GC(11) y:   Garbage:         -             13717M (67%)        9610M (47%)          43M (0%)     
[2026-09-13T14:24:38.198-0400][207.290s][info][gc,heap     ] GC(11) y: Allocated:         -              1048M (5%)         1138M (6%)         2019M (10%)    
[2026-09-13T14:24:38.198-0400][207.290s][info][gc,heap     ] GC(11) y: Reclaimed:         -                  -              4106M (20%)       13673M (66%)    
[2026-09-13T14:24:38.198-0400][207.290s][info][gc,heap     ] GC(11) y:  Promoted:         -                  -               659M (3%)          693M (3%)     
[2026-09-13T14:24:38.198-0400][207.290s][info][gc,heap     ] GC(11) y: Compacted:         -                  -                  -               362M (2%)     
[2026-09-13T14:24:38.198-0400][207.290s][info][gc,phases   ] GC(11) y: Young Generation 17434M(85%)->5816M(28%) 2.830s
[2026-09-13T14:24:38.198-0400][207.290s][info][gc          ] GC(11) Minor Collection (Allocation Rate) 17434M(85%)->5816M(28%) 2.831s
[2026-09-13T14:24:40.325-0400][209.417s][info][gc          ] GC(12) Minor Collection (Allocation Rate)
[2026-09-13T14:24:40.325-0400][209.417s][info][gc,task     ] GC(12) Using 1 Workers for Young Generation
[2026-09-13T14:24:40.325-0400][209.417s][info][gc,phases   ] GC(12) y: Young Generation
[2026-09-13T14:24:40.325-0400][209.417s][info][gc,phases   ] GC(12) y: Pause Mark Start 0.011ms
[2026-09-13T14:24:42.073-0400][211.165s][info][gc,phases   ] GC(12) y: Concurrent Mark 1748.354ms
[2026-09-13T14:24:42.073-0400][211.165s][info][gc,phases   ] GC(12) y: Pause Mark End 0.017ms
[2026-09-13T14:24:42.073-0400][211.166s][info][gc,phases   ] GC(12) y: Concurrent Mark Free 0.010ms
[2026-09-13T14:24:42.074-0400][211.167s][info][gc,phases   ] GC(12) y: Concurrent Reset Relocation Set 0.938ms
[2026-09-13T14:24:42.075-0400][211.167s][info][gc,reloc    ] GC(12) y: Using tenuring threshold: 1 (Computed)
[2026-09-13T14:24:42.769-0400][211.862s][info][gc,phases   ] GC(12) y: Concurrent Select Relocation Set 695.163ms
[2026-09-13T14:24:42.769-0400][211.862s][info][gc,phases   ] GC(12) y: Pause Relocate Start 0.012ms
[2026-09-13T14:24:43.911-0400][213.004s][info][gc,phases   ] GC(12) y: Concurrent Relocate 1142.067ms
[2026-09-13T14:24:43.911-0400][213.004s][info][gc,alloc    ] GC(12) y:                         Mark Start        Mark End      Relocate Start    Relocate End   
[2026-09-13T14:24:43.912-0400][213.004s][info][gc,alloc    ] GC(12) y: Allocation Stalls:          0                0                0                0         
[2026-09-13T14:24:43.912-0400][213.004s][info][gc,load     ] GC(12) y: Load: 0.00 (0%) / 0.00 (0%) / 0.00 (0%)
[2026-09-13T14:24:43.912-0400][213.004s][info][gc,mmu      ] GC(12) y: MMU: 2ms/96.9%, 5ms/98.8%, 10ms/99.4%, 20ms/99.6%, 50ms/99.9%, 100ms/99.9%
[2026-09-13T14:24:43.912-0400][213.004s][info][gc,marking  ] GC(12) y: Mark: 1 stripe(s), 2 proactive flush(es), 1 terminate flush(es), 0 completion(s), 0 continuation(s) 
[2026-09-13T14:24:43.912-0400][213.004s][info][gc,nmethod  ] GC(12) y: NMethods: 20887 registered, 0 unregistered
[2026-09-13T14:24:43.912-0400][213.004s][info][gc,metaspace] GC(12) y: Metaspace: 490M used, 492M committed, 1408M reserved
[2026-09-13T14:24:43.912-0400][213.004s][info][gc,reloc    ] GC(12) y:                        Candidates     Selected     In-Place         Size        Empty    Relocated 
[2026-09-13T14:24:43.912-0400][213.004s][info][gc,reloc    ] GC(12) y: Small Pages:                 1539          792            0        3078M         816M          61M 
[2026-09-13T14:24:43.912-0400][213.004s][info][gc,reloc    ] GC(12) y: Medium Pages:                  93            3            0        2948M        1504M          33M 
[2026-09-13T14:24:43.912-0400][213.004s][info][gc,reloc    ] GC(12) y: Large Pages:                   14            0            0         252M         234M           0M 
[2026-09-13T14:24:43.912-0400][213.004s][info][gc,reloc    ] GC(12) y: Forwarding Usage: 32M
[2026-09-13T14:24:43.912-0400][213.004s][info][gc,reloc    ] GC(12) y: Age Table:
[2026-09-13T14:24:43.912-0400][213.004s][info][gc,reloc    ] GC(12) y:                    Live             Garbage             Small              Medium             Large        
[2026-09-13T14:24:43.912-0400][213.004s][info][gc,reloc    ] GC(12) y: Eden             539M (3%)         4264M (21%)       1277 / 777           63 / 3             13 / 0        
[2026-09-13T14:24:43.912-0400][213.004s][info][gc,reloc    ] GC(12) y: Survivor 1      1376M (7%)           97M (0%)         262 / 15            30 / 0              1 / 0        
[2026-09-13T14:24:43.912-0400][213.004s][info][gc,heap     ] GC(12) y: Min Capacity: 256M(1%)
[2026-09-13T14:24:43.912-0400][213.004s][info][gc,heap     ] GC(12) y: Max Capacity: 20576M(100%)
[2026-09-13T14:24:43.912-0400][213.004s][info][gc,heap     ] GC(12) y: Soft Max Capacity: 20576M(100%)
[2026-09-13T14:24:43.912-0400][213.004s][info][gc,heap     ] GC(12) y: Heap Statistics:
[2026-09-13T14:24:43.912-0400][213.005s][info][gc,heap     ] GC(12) y:                Mark Start          Mark End        Relocate Start      Relocate End           High               Low         
[2026-09-13T14:24:43.912-0400][213.005s][info][gc,heap     ] GC(12) y:  Capacity:    18482M (90%)       18482M (90%)       18482M (90%)       18482M (90%)       18482M (90%)       18482M (90%)    
[2026-09-13T14:24:43.912-0400][213.005s][info][gc,heap     ] GC(12) y:      Free:    11934M (58%)        4898M (24%)        6380M (31%)        6104M (30%)       11934M (58%)        4896M (24%)    
[2026-09-13T14:24:43.912-0400][213.005s][info][gc,heap     ] GC(12) y:      Used:     8642M (42%)       15678M (76%)       14196M (69%)       14472M (70%)       15680M (76%)        8642M (42%)    
[2026-09-13T14:24:43.912-0400][213.005s][info][gc,heap     ] GC(12) y: Young Generation Statistics:
[2026-09-13T14:24:43.912-0400][213.005s][info][gc,heap     ] GC(12) y:                Mark Start          Mark End        Relocate Start      Relocate End    
[2026-09-13T14:24:43.912-0400][213.005s][info][gc,heap     ] GC(12) y:      Used:     6278M (31%)       13314M (65%)       10390M (50%)       10662M (52%)    
[2026-09-13T14:24:43.912-0400][213.005s][info][gc,heap     ] GC(12) y:      Live:         -              1915M (9%)          541M (3%)          539M (3%)     
[2026-09-13T14:24:43.912-0400][213.005s][info][gc,heap     ] GC(12) y:   Garbage:         -              4362M (21%)        1740M (8%)           33M (0%)     
[2026-09-13T14:24:43.912-0400][213.005s][info][gc,heap     ] GC(12) y: Allocated:         -              7036M (34%)        8108M (39%)       10088M (49%)    
[2026-09-13T14:24:43.912-0400][213.005s][info][gc,heap     ] GC(12) y: Reclaimed:         -                  -              2622M (13%)        4328M (21%)    
[2026-09-13T14:24:43.912-0400][213.005s][info][gc,heap     ] GC(12) y:  Promoted:         -                  -              1373M (7%)         1376M (7%)     
[2026-09-13T14:24:43.912-0400][213.005s][info][gc,heap     ] GC(12) y: Compacted:         -                  -                  -               135M (1%)     
[2026-09-13T14:24:43.912-0400][213.005s][info][gc,phases   ] GC(12) y: Young Generation 8642M(42%)->14472M(70%) 3.587s
[2026-09-13T14:24:43.912-0400][213.005s][info][gc          ] GC(12) Minor Collection (Allocation Rate) 8642M(42%)->14474M(70%) 3.588s
[2026-09-13T14:24:43.912-0400][213.005s][info][gc          ] GC(13) Major Collection (Allocation Rate)
[2026-09-13T14:24:43.912-0400][213.005s][info][gc,task     ] GC(13) Using 5 Workers for Young Generation
[2026-09-13T14:24:43.912-0400][213.005s][info][gc,task     ] GC(13) Using 1 Workers for Old Generation
[2026-09-13T14:24:43.912-0400][213.005s][info][gc,phases   ] GC(13) Y: Young Generation
[2026-09-13T14:24:43.912-0400][213.005s][info][gc,phases   ] GC(13) Y: Pause Mark Start (Major) 0.016ms
[2026-09-13T14:24:44.197-0400][213.289s][info][gc,phases   ] GC(13) Y: Concurrent Mark 283.861ms
[2026-09-13T14:24:44.197-0400][213.289s][info][gc,phases   ] GC(13) Y: Pause Mark End 0.021ms
[2026-09-13T14:24:44.197-0400][213.289s][info][gc,phases   ] GC(13) Y: Concurrent Mark Free 0.032ms
[2026-09-13T14:24:44.197-0400][213.290s][info][gc,phases   ] GC(13) Y: Concurrent Reset Relocation Set 0.926ms
[2026-09-13T14:24:44.199-0400][213.291s][info][gc,reloc    ] GC(13) Y: Using tenuring threshold: 1 (Computed)
[2026-09-13T14:24:44.271-0400][213.363s][info][gc,phases   ] GC(13) Y: Concurrent Select Relocation Set 72.961ms
[2026-09-13T14:24:44.271-0400][213.363s][info][gc,phases   ] GC(13) Y: Pause Relocate Start 0.012ms
[2026-09-13T14:24:44.466-0400][213.559s][info][gc,phases   ] GC(13) Y: Concurrent Relocate 195.118ms
[2026-09-13T14:24:44.466-0400][213.559s][info][gc,alloc    ] GC(13) Y:                         Mark Start        Mark End      Relocate Start    Relocate End   
[2026-09-13T14:24:44.466-0400][213.559s][info][gc,alloc    ] GC(13) Y: Allocation Stalls:          0                0                0                0         
[2026-09-13T14:24:44.466-0400][213.559s][info][gc,load     ] GC(13) Y: Load: 0.00 (0%) / 0.00 (0%) / 0.00 (0%)
[2026-09-13T14:24:44.466-0400][213.559s][info][gc,mmu      ] GC(13) Y: MMU: 2ms/96.9%, 5ms/98.8%, 10ms/99.4%, 20ms/99.6%, 50ms/99.9%, 100ms/99.9%
[2026-09-13T14:24:44.466-0400][213.559s][info][gc,marking  ] GC(13) Y: Mark: 4 stripe(s), 2 proactive flush(es), 1 terminate flush(es), 0 completion(s), 0 continuation(s) 
[2026-09-13T14:24:44.466-0400][213.559s][info][gc,nmethod  ] GC(13) Y: NMethods: 20906 registered, 0 unregistered
[2026-09-13T14:24:44.466-0400][213.559s][info][gc,metaspace] GC(13) Y: Metaspace: 490M used, 492M committed, 1408M reserved
[2026-09-13T14:24:44.466-0400][213.559s][info][gc,reloc    ] GC(13) Y:                        Candidates     Selected     In-Place         Size        Empty    Relocated 
[2026-09-13T14:24:44.466-0400][213.559s][info][gc,reloc    ] GC(13) Y: Small Pages:                 2758         2418            0        5516M         458M          35M 
[2026-09-13T14:24:44.466-0400][213.559s][info][gc,reloc    ] GC(13) Y: Medium Pages:                 160            8            0        5120M        4416M          17M 
[2026-09-13T14:24:44.466-0400][213.559s][info][gc,reloc    ] GC(13) Y: Large Pages:                    4            0            0          28M           0M           0M 
[2026-09-13T14:24:44.466-0400][213.559s][info][gc,reloc    ] GC(13) Y: Forwarding Usage: 21M
[2026-09-13T14:24:44.466-0400][213.559s][info][gc,reloc    ] GC(13) Y: Age Table:
[2026-09-13T14:24:44.466-0400][213.559s][info][gc,reloc    ] GC(13) Y:                    Live             Garbage             Small              Medium             Large        
[2026-09-13T14:24:44.466-0400][213.559s][info][gc,reloc    ] GC(13) Y: Eden              91M (0%)         9924M (48%)       2642 / 2387         147 / 8              4 / 0        
[2026-09-13T14:24:44.466-0400][213.559s][info][gc,reloc    ] GC(13) Y: Survivor 1       532M (3%)          115M (1%)         116 / 31            13 / 0              0 / 0        
[2026-09-13T14:24:44.466-0400][213.559s][info][gc,heap     ] GC(13) Y: Min Capacity: 256M(1%)
[2026-09-13T14:24:44.466-0400][213.559s][info][gc,heap     ] GC(13) Y: Max Capacity: 20576M(100%)
[2026-09-13T14:24:44.466-0400][213.559s][info][gc,heap     ] GC(13) Y: Soft Max Capacity: 20576M(100%)
[2026-09-13T14:24:44.466-0400][213.559s][info][gc,heap     ] GC(13) Y: Heap Statistics:
[2026-09-13T14:24:44.466-0400][213.559s][info][gc,heap     ] GC(13) Y:                Mark Start          Mark End        Relocate Start      Relocate End           High               Low         
[2026-09-13T14:24:44.466-0400][213.559s][info][gc,heap     ] GC(13) Y:  Capacity:    18482M (90%)       18482M (90%)       18482M (90%)       18482M (90%)       18482M (90%)       18482M (90%)    
[2026-09-13T14:24:44.466-0400][213.559s][info][gc,heap     ] GC(13) Y:      Free:     6102M (30%)        5432M (26%)       10152M (49%)       14682M (71%)       14918M (73%)        5426M (26%)    
[2026-09-13T14:24:44.466-0400][213.559s][info][gc,heap     ] GC(13) Y:      Used:    14474M (70%)       15144M (74%)       10424M (51%)        5894M (29%)       15150M (74%)        5658M (27%)    
[2026-09-13T14:24:44.466-0400][213.559s][info][gc,heap     ] GC(13) Y: Young Generation Statistics:
[2026-09-13T14:24:44.466-0400][213.559s][info][gc,heap     ] GC(13) Y:                Mark Start          Mark End        Relocate Start      Relocate End    
[2026-09-13T14:24:44.466-0400][213.559s][info][gc,heap     ] GC(13) Y:      Used:    10664M (52%)       11334M (55%)        6032M (29%)        1428M (7%)     
[2026-09-13T14:24:44.467-0400][213.559s][info][gc,heap     ] GC(13) Y:      Live:         -               623M (3%)           95M (0%)           91M (0%)     
[2026-09-13T14:24:44.467-0400][213.559s][info][gc,heap     ] GC(13) Y:   Garbage:         -             10040M (49%)        5112M (25%)           1M (0%)     
[2026-09-13T14:24:44.467-0400][213.559s][info][gc,heap     ] GC(13) Y: Allocated:         -               670M (3%)          824M (4%)         1335M (6%)     
[2026-09-13T14:24:44.467-0400][213.559s][info][gc,heap     ] GC(13) Y: Reclaimed:         -                  -              4928M (24%)       10038M (49%)    
[2026-09-13T14:24:44.467-0400][213.559s][info][gc,heap     ] GC(13) Y:  Promoted:         -                  -               527M (3%)          532M (3%)     
[2026-09-13T14:24:44.467-0400][213.559s][info][gc,heap     ] GC(13) Y: Compacted:         -                  -                  -                54M (0%)     
[2026-09-13T14:24:44.467-0400][213.559s][info][gc,phases   ] GC(13) Y: Young Generation 14474M(70%)->5894M(29%) 0.554s
[2026-09-13T14:24:44.467-0400][213.559s][info][gc,phases   ] GC(13) O: Old Generation
[2026-09-13T14:24:45.889-0400][214.981s][info][gc          ] GC(14) Minor Collection (Allocation Rate)
[2026-09-13T14:24:45.889-0400][214.981s][info][gc,task     ] GC(14) Using 3 Workers for Young Generation
[2026-09-13T14:24:45.889-0400][214.981s][info][gc,phases   ] GC(14) y: Young Generation
[2026-09-13T14:24:45.889-0400][214.981s][info][gc,phases   ] GC(14) y: Pause Mark Start 0.011ms
[2026-09-13T14:24:46.146-0400][215.238s][info][gc,phases   ] GC(14) y: Concurrent Mark 256.798ms
[2026-09-13T14:24:46.146-0400][215.238s][info][gc,phases   ] GC(14) y: Pause Mark End 0.017ms
[2026-09-13T14:24:46.146-0400][215.239s][info][gc,phases   ] GC(14) y: Concurrent Mark Free 0.022ms
[2026-09-13T14:24:46.147-0400][215.239s][info][gc,phases   ] GC(14) y: Concurrent Reset Relocation Set 0.636ms
[2026-09-13T14:24:46.147-0400][215.240s][info][gc,reloc    ] GC(14) y: Using tenuring threshold: 2 (Computed)
[2026-09-13T14:24:46.149-0400][215.242s][info][gc,phases   ] GC(14) y: Concurrent Select Relocation Set 2.336ms
[2026-09-13T14:24:46.149-0400][215.242s][info][gc,phases   ] GC(14) y: Pause Relocate Start 0.011ms
[2026-09-13T14:24:46.224-0400][215.316s][info][gc,phases   ] GC(14) y: Concurrent Relocate 73.935ms
[2026-09-13T14:24:46.224-0400][215.316s][info][gc,alloc    ] GC(14) y:                         Mark Start        Mark End      Relocate Start    Relocate End   
[2026-09-13T14:24:46.224-0400][215.316s][info][gc,alloc    ] GC(14) y: Allocation Stalls:          0                0                0                0         
[2026-09-13T14:24:46.224-0400][215.316s][info][gc,load     ] GC(14) y: Load: 0.00 (0%) / 0.00 (0%) / 0.00 (0%)
[2026-09-13T14:24:46.224-0400][215.316s][info][gc,mmu      ] GC(14) y: MMU: 2ms/96.9%, 5ms/98.8%, 10ms/99.4%, 20ms/99.6%, 50ms/99.9%, 100ms/99.9%
[2026-09-13T14:24:46.224-0400][215.316s][info][gc,marking  ] GC(14) y: Mark: 2 stripe(s), 2 proactive flush(es), 1 terminate flush(es), 0 completion(s), 0 continuation(s) 
[2026-09-13T14:24:46.224-0400][215.316s][info][gc,nmethod  ] GC(14) y: NMethods: 20946 registered, 0 unregistered
[2026-09-13T14:24:46.224-0400][215.316s][info][gc,metaspace] GC(14) y: Metaspace: 490M used, 492M committed, 1408M reserved
[2026-09-13T14:24:46.224-0400][215.316s][info][gc,reloc    ] GC(14) y:                        Candidates     Selected     In-Place         Size        Empty    Relocated 
[2026-09-13T14:24:46.224-0400][215.316s][info][gc,reloc    ] GC(14) y: Small Pages:                 2091         2060            0        4182M           2M          16M 
[2026-09-13T14:24:46.224-0400][215.316s][info][gc,reloc    ] GC(14) y: Medium Pages:                   3            2            0          96M           0M          21M 
[2026-09-13T14:24:46.224-0400][215.316s][info][gc,reloc    ] GC(14) y: Large Pages:                    5            0            0          34M           0M           0M 
[2026-09-13T14:24:46.224-0400][215.316s][info][gc,reloc    ] GC(14) y: Forwarding Usage: 10M
[2026-09-13T14:24:46.224-0400][215.316s][info][gc,reloc    ] GC(14) y: Age Table:
[2026-09-13T14:24:46.224-0400][215.316s][info][gc,reloc    ] GC(14) y:                    Live             Garbage             Small              Medium             Large        
[2026-09-13T14:24:46.224-0400][215.316s][info][gc,reloc    ] GC(14) y: Eden              25M (0%)         4080M (20%)       2034 / 2027           1 / 1              1 / 0        
[2026-09-13T14:24:46.224-0400][215.316s][info][gc,reloc    ] GC(14) y: Survivor 1        87M (0%)          118M (1%)          57 / 33             2 / 1              4 / 0        
[2026-09-13T14:24:46.224-0400][215.316s][info][gc,heap     ] GC(14) y: Min Capacity: 256M(1%)
[2026-09-13T14:24:46.224-0400][215.316s][info][gc,heap     ] GC(14) y: Max Capacity: 20576M(100%)
[2026-09-13T14:24:46.224-0400][215.316s][info][gc,heap     ] GC(14) y: Soft Max Capacity: 20576M(100%)
[2026-09-13T14:24:46.224-0400][215.316s][info][gc,heap     ] GC(14) y: Heap Statistics:
[2026-09-13T14:24:46.224-0400][215.316s][info][gc,heap     ] GC(14) y:                Mark Start          Mark End        Relocate Start      Relocate End           High               Low         
[2026-09-13T14:24:46.224-0400][215.316s][info][gc,heap     ] GC(14) y:  Capacity:    18482M (90%)       18482M (90%)       18482M (90%)       18482M (90%)       18482M (90%)       18482M (90%)    
[2026-09-13T14:24:46.224-0400][215.316s][info][gc,heap     ] GC(14) y:      Free:    11798M (57%)       11150M (54%)       11142M (54%)       14974M (73%)       14974M (73%)       10954M (53%)    
[2026-09-13T14:24:46.224-0400][215.316s][info][gc,heap     ] GC(14) y:      Used:     8778M (43%)        9426M (46%)        9434M (46%)        5602M (27%)        9622M (47%)        5602M (27%)    
[2026-09-13T14:24:46.224-0400][215.316s][info][gc,heap     ] GC(14) y: Young Generation Statistics:
[2026-09-13T14:24:46.224-0400][215.316s][info][gc,heap     ] GC(14) y:                Mark Start          Mark End        Relocate Start      Relocate End    
[2026-09-13T14:24:46.224-0400][215.316s][info][gc,heap     ] GC(14) y:      Used:     4312M (21%)        4960M (24%)        4968M (24%)        1136M (6%)     
[2026-09-13T14:24:46.224-0400][215.316s][info][gc,heap     ] GC(14) y:      Live:         -               113M (1%)          113M (1%)          113M (1%)     
[2026-09-13T14:24:46.224-0400][215.316s][info][gc,heap     ] GC(14) y:   Garbage:         -              4198M (20%)        4196M (20%)           4M (0%)     
[2026-09-13T14:24:46.224-0400][215.316s][info][gc,heap     ] GC(14) y: Allocated:         -               648M (3%)          658M (3%)         1018M (5%)     
[2026-09-13T14:24:46.224-0400][215.316s][info][gc,heap     ] GC(14) y: Reclaimed:         -                  -                 2M (0%)         4194M (20%)    
[2026-09-13T14:24:46.224-0400][215.316s][info][gc,heap     ] GC(14) y:  Promoted:         -                  -                 0M (0%)            0M (0%)     
[2026-09-13T14:24:46.224-0400][215.316s][info][gc,heap     ] GC(14) y: Compacted:         -                  -                  -                45M (0%)     
[2026-09-13T14:24:46.224-0400][215.316s][info][gc,phases   ] GC(14) y: Young Generation 8778M(43%)->5602M(27%) 0.334s
[2026-09-13T14:24:46.224-0400][215.316s][info][gc          ] GC(14) Minor Collection (Allocation Rate) 8778M(43%)->5604M(27%) 0.335s
[2026-09-13T14:24:46.302-0400][215.394s][info][gc          ] GC(15) Minor Collection (Allocation Rate)
[2026-09-13T14:24:46.302-0400][215.394s][info][gc,task     ] GC(15) Using 3 Workers for Young Generation
[2026-09-13T14:24:46.302-0400][215.394s][info][gc,phases   ] GC(15) y: Young Generation
[2026-09-13T14:24:46.302-0400][215.395s][info][gc,phases   ] GC(15) y: Pause Mark Start 0.017ms
[2026-09-13T14:24:46.482-0400][215.574s][info][gc,phases   ] GC(15) y: Concurrent Mark 179.211ms
[2026-09-13T14:24:46.482-0400][215.574s][info][gc,phases   ] GC(15) y: Pause Mark End 0.019ms
[2026-09-13T14:24:46.482-0400][215.574s][info][gc,phases   ] GC(15) y: Concurrent Mark Free 0.015ms
[2026-09-13T14:24:46.482-0400][215.574s][info][gc,phases   ] GC(15) y: Concurrent Reset Relocation Set 0.101ms
[2026-09-13T14:24:46.482-0400][215.575s][info][gc,reloc    ] GC(15) y: Using tenuring threshold: 2 (Computed)
[2026-09-13T14:24:46.504-0400][215.597s][info][gc,phases   ] GC(15) y: Concurrent Select Relocation Set 22.653ms
[2026-09-13T14:24:46.505-0400][215.597s][info][gc,phases   ] GC(15) y: Pause Relocate Start 0.016ms
[2026-09-13T14:24:46.560-0400][215.652s][info][gc,phases   ] GC(15) y: Concurrent Relocate 54.913ms
[2026-09-13T14:24:46.560-0400][215.652s][info][gc,alloc    ] GC(15) y:                         Mark Start        Mark End      Relocate Start    Relocate End   
[2026-09-13T14:24:46.560-0400][215.652s][info][gc,alloc    ] GC(15) y: Allocation Stalls:          0                0                0                0         
[2026-09-13T14:24:46.560-0400][215.652s][info][gc,load     ] GC(15) y: Load: 0.00 (0%) / 0.00 (0%) / 0.00 (0%)
[2026-09-13T14:24:46.560-0400][215.652s][info][gc,mmu      ] GC(15) y: MMU: 2ms/96.9%, 5ms/98.8%, 10ms/99.4%, 20ms/99.6%, 50ms/99.9%, 100ms/99.9%
[2026-09-13T14:24:46.560-0400][215.652s][info][gc,marking  ] GC(15) y: Mark: 2 stripe(s), 3 proactive flush(es), 1 terminate flush(es), 0 completion(s), 0 continuation(s) 
[2026-09-13T14:24:46.560-0400][215.652s][info][gc,nmethod  ] GC(15) y: NMethods: 20948 registered, 0 unregistered
[2026-09-13T14:24:46.560-0400][215.652s][info][gc,metaspace] GC(15) y: Metaspace: 490M used, 492M committed, 1408M reserved
[2026-09-13T14:24:46.560-0400][215.652s][info][gc,reloc    ] GC(15) y:                        Candidates     Selected     In-Place         Size        Empty    Relocated 
[2026-09-13T14:24:46.560-0400][215.652s][info][gc,reloc    ] GC(15) y: Small Pages:                  564          533            0        1128M           0M           6M 
[2026-09-13T14:24:46.560-0400][215.652s][info][gc,reloc    ] GC(15) y: Medium Pages:                   5            3            0         160M          32M          23M 
[2026-09-13T14:24:46.560-0400][215.652s][info][gc,reloc    ] GC(15) y: Large Pages:                    5            0            0          34M           0M           0M 
[2026-09-13T14:24:46.560-0400][215.652s][info][gc,reloc    ] GC(15) y: Forwarding Usage: 2M
[2026-09-13T14:24:46.561-0400][215.652s][info][gc,reloc    ] GC(15) y: Age Table:
[2026-09-13T14:24:46.561-0400][215.652s][info][gc,reloc    ] GC(15) y:                    Live             Garbage             Small              Medium             Large        
[2026-09-13T14:24:46.561-0400][215.652s][info][gc,reloc    ] GC(15) y: Eden               4M (0%)          967M (5%)         470 / 469            1 / 0              0 / 0        
[2026-09-13T14:24:46.561-0400][215.652s][info][gc,reloc    ] GC(15) y: Survivor 1        24M (0%)          125M (1%)          40 / 34             2 / 1              1 / 0        
[2026-09-13T14:24:46.561-0400][215.652s][info][gc,reloc    ] GC(15) y: Survivor 2        86M (0%)          113M (1%)          54 / 30             2 / 2              4 / 0        
[2026-09-13T14:24:46.561-0400][215.652s][info][gc,heap     ] GC(15) y: Min Capacity: 256M(1%)
[2026-09-13T14:24:46.561-0400][215.652s][info][gc,heap     ] GC(15) y: Max Capacity: 20576M(100%)
[2026-09-13T14:24:46.561-0400][215.652s][info][gc,heap     ] GC(15) y: Soft Max Capacity: 20576M(100%)
[2026-09-13T14:24:46.561-0400][215.652s][info][gc,heap     ] GC(15) y: Heap Statistics:
[2026-09-13T14:24:46.561-0400][215.653s][info][gc,heap     ] GC(15) y:                Mark Start          Mark End        Relocate Start      Relocate End           High               Low         
[2026-09-13T14:24:46.561-0400][215.653s][info][gc,heap     ] GC(15) y:  Capacity:    18482M (90%)       18482M (90%)       18482M (90%)       18482M (90%)       18482M (90%)       18482M (90%)    
[2026-09-13T14:24:46.561-0400][215.653s][info][gc,heap     ] GC(15) y:      Free:    14788M (72%)       14356M (70%)       14340M (70%)       15096M (73%)       15178M (74%)       14128M (69%)    
[2026-09-13T14:24:46.561-0400][215.653s][info][gc,heap     ] GC(15) y:      Used:     5788M (28%)        6220M (30%)        6236M (30%)        5480M (27%)        6448M (31%)        5398M (26%)    
[2026-09-13T14:24:46.561-0400][215.653s][info][gc,heap     ] GC(15) y: Young Generation Statistics:
[2026-09-13T14:24:46.561-0400][215.653s][info][gc,heap     ] GC(15) y:                Mark Start          Mark End        Relocate Start      Relocate End    
[2026-09-13T14:24:46.561-0400][215.653s][info][gc,heap     ] GC(15) y:      Used:     1322M (6%)         1754M (9%)         1700M (8%)          876M (4%)     
[2026-09-13T14:24:46.561-0400][215.653s][info][gc,heap     ] GC(15) y:      Live:         -               115M (1%)           48M (0%)           28M (0%)     
[2026-09-13T14:24:46.561-0400][215.653s][info][gc,heap     ] GC(15) y:   Garbage:         -              1206M (6%)         1171M (6%)            1M (0%)     
[2026-09-13T14:24:46.561-0400][215.653s][info][gc,heap     ] GC(15) y: Allocated:         -               432M (2%)          480M (2%)          845M (4%)     
[2026-09-13T14:24:46.561-0400][215.653s][info][gc,heap     ] GC(15) y: Reclaimed:         -                  -                34M (0%)         1204M (6%)     
[2026-09-13T14:24:46.561-0400][215.653s][info][gc,heap     ] GC(15) y:  Promoted:         -                  -                67M (0%)           86M (0%)     
[2026-09-13T14:24:46.561-0400][215.653s][info][gc,heap     ] GC(15) y: Compacted:         -                  -                  -                12M (0%)     
[2026-09-13T14:24:46.561-0400][215.653s][info][gc,phases   ] GC(15) y: Young Generation 5786M(28%)->5480M(27%) 0.258s
[2026-09-13T14:24:46.561-0400][215.653s][info][gc          ] GC(15) Minor Collection (Allocation Rate) 5784M(28%)->5480M(27%) 0.258s
[2026-09-13T14:24:48.265-0400][217.357s][info][gc          ] GC(16) Minor Collection (Allocation Rate)
[2026-09-13T14:24:48.265-0400][217.357s][info][gc,task     ] GC(16) Using 3 Workers for Young Generation
[2026-09-13T14:24:48.265-0400][217.357s][info][gc,phases   ] GC(16) y: Young Generation
[2026-09-13T14:24:48.265-0400][217.357s][info][gc,phases   ] GC(16) y: Pause Mark Start 0.015ms
[2026-09-13T14:24:48.509-0400][217.601s][info][gc,phases   ] GC(16) y: Concurrent Mark 243.703ms
[2026-09-13T14:24:48.509-0400][217.601s][info][gc,phases   ] GC(16) y: Pause Mark End 0.017ms
[2026-09-13T14:24:48.509-0400][217.601s][info][gc,phases   ] GC(16) y: Concurrent Mark Free 0.024ms
[2026-09-13T14:24:48.510-0400][217.602s][info][gc,phases   ] GC(16) y: Concurrent Reset Relocation Set 0.265ms
[2026-09-13T14:24:48.511-0400][217.603s][info][gc,reloc    ] GC(16) y: Using tenuring threshold: 1 (Computed)
[2026-09-13T14:24:48.527-0400][217.619s][info][gc,phases   ] GC(16) y: Concurrent Select Relocation Set 16.982ms
[2026-09-13T14:24:48.527-0400][217.619s][info][gc,phases   ] GC(16) y: Pause Relocate Start 0.013ms
[2026-09-13T14:24:48.656-0400][217.748s][info][gc,phases   ] GC(16) y: Concurrent Relocate 128.819ms
[2026-09-13T14:24:48.656-0400][217.748s][info][gc,alloc    ] GC(16) y:                         Mark Start        Mark End      Relocate Start    Relocate End   
[2026-09-13T14:24:48.656-0400][217.748s][info][gc,alloc    ] GC(16) y: Allocation Stalls:          0                0                0                0         
[2026-09-13T14:24:48.656-0400][217.748s][info][gc,load     ] GC(16) y: Load: 0.00 (0%) / 0.00 (0%) / 0.00 (0%)
[2026-09-13T14:24:48.656-0400][217.748s][info][gc,mmu      ] GC(16) y: MMU: 2ms/96.9%, 5ms/98.8%, 10ms/99.4%, 20ms/99.6%, 50ms/99.9%, 100ms/99.9%
[2026-09-13T14:24:48.656-0400][217.748s][info][gc,marking  ] GC(16) y: Mark: 2 stripe(s), 2 proactive flush(es), 1 terminate flush(es), 0 completion(s), 0 continuation(s) 
[2026-09-13T14:24:48.656-0400][217.748s][info][gc,nmethod  ] GC(16) y: NMethods: 20975 registered, 0 unregistered
[2026-09-13T14:24:48.656-0400][217.748s][info][gc,metaspace] GC(16) y: Metaspace: 490M used, 492M committed, 1408M reserved
[2026-09-13T14:24:48.656-0400][217.748s][info][gc,reloc    ] GC(16) y:                        Candidates     Selected     In-Place         Size        Empty    Relocated 
[2026-09-13T14:24:48.656-0400][217.748s][info][gc,reloc    ] GC(16) y: Small Pages:                 2685         2666            0        5370M           0M          18M 
[2026-09-13T14:24:48.656-0400][217.748s][info][gc,reloc    ] GC(16) y: Medium Pages:                   5            2            0         160M          64M           7M 
[2026-09-13T14:24:48.656-0400][217.748s][info][gc,reloc    ] GC(16) y: Large Pages:                    3            0            0          26M           0M           0M 
[2026-09-13T14:24:48.656-0400][217.748s][info][gc,reloc    ] GC(16) y: Forwarding Usage: 10M
[2026-09-13T14:24:48.656-0400][217.748s][info][gc,reloc    ] GC(16) y: Age Table:
[2026-09-13T14:24:48.656-0400][217.748s][info][gc,reloc    ] GC(16) y:                    Live             Garbage             Small              Medium             Large        
[2026-09-13T14:24:48.656-0400][217.748s][info][gc,reloc    ] GC(16) y: Eden              39M (0%)         5248M (26%)       2618 / 2608           1 / 1              2 / 0        
[2026-09-13T14:24:48.656-0400][217.748s][info][gc,reloc    ] GC(16) y: Survivor 1         4M (0%)          117M (1%)          29 / 26             2 / 0              0 / 0        
[2026-09-13T14:24:48.656-0400][217.748s][info][gc,reloc    ] GC(16) y: Survivor 2        24M (0%)          121M (1%)          38 / 32             2 / 1              1 / 0        
[2026-09-13T14:24:48.656-0400][217.748s][info][gc,heap     ] GC(16) y: Min Capacity: 256M(1%)
[2026-09-13T14:24:48.656-0400][217.748s][info][gc,heap     ] GC(16) y: Max Capacity: 20576M(100%)
[2026-09-13T14:24:48.656-0400][217.748s][info][gc,heap     ] GC(16) y: Soft Max Capacity: 20576M(100%)
[2026-09-13T14:24:48.656-0400][217.748s][info][gc,heap     ] GC(16) y: Heap Statistics:
[2026-09-13T14:24:48.656-0400][217.748s][info][gc,heap     ] GC(16) y:                Mark Start          Mark End        Relocate Start      Relocate End           High               Low         
[2026-09-13T14:24:48.656-0400][217.748s][info][gc,heap     ] GC(16) y:  Capacity:    18482M (90%)       18482M (90%)       18482M (90%)       18482M (90%)       18482M (90%)       18482M (90%)    
[2026-09-13T14:24:48.656-0400][217.748s][info][gc,heap     ] GC(16) y:      Free:    10416M (51%)        9644M (47%)        9658M (47%)       14518M (71%)       14568M (71%)        9522M (46%)    
[2026-09-13T14:24:48.656-0400][217.748s][info][gc,heap     ] GC(16) y:      Used:    10160M (49%)       10932M (53%)       10918M (53%)        6058M (29%)       11054M (54%)        6008M (29%)    
[2026-09-13T14:24:48.656-0400][217.748s][info][gc,heap     ] GC(16) y: Young Generation Statistics:
[2026-09-13T14:24:48.656-0400][217.748s][info][gc,heap     ] GC(16) y:                Mark Start          Mark End        Relocate Start      Relocate End    
[2026-09-13T14:24:48.656-0400][217.749s][info][gc,heap     ] GC(16) y:      Used:     5556M (27%)        6328M (31%)        6292M (31%)        1362M (7%)     
[2026-09-13T14:24:48.656-0400][217.749s][info][gc,heap     ] GC(16) y:      Live:         -                67M (0%)           47M (0%)           37M (0%)     
[2026-09-13T14:24:48.656-0400][217.749s][info][gc,heap     ] GC(16) y:   Garbage:         -              5488M (27%)        5422M (26%)           2M (0%)     
[2026-09-13T14:24:48.656-0400][217.749s][info][gc,heap     ] GC(16) y: Allocated:         -               772M (4%)          822M (4%)         1322M (6%)     
[2026-09-13T14:24:48.656-0400][217.749s][info][gc,heap     ] GC(16) y: Reclaimed:         -                  -                65M (0%)         5486M (27%)    
[2026-09-13T14:24:48.656-0400][217.749s][info][gc,heap     ] GC(16) y:  Promoted:         -                  -                20M (0%)           30M (0%)     
[2026-09-13T14:24:48.656-0400][217.749s][info][gc,heap     ] GC(16) y: Compacted:         -                  -                  -                19M (0%)     
[2026-09-13T14:24:48.656-0400][217.749s][info][gc,phases   ] GC(16) y: Young Generation 10160M(49%)->6058M(29%) 0.391s
[2026-09-13T14:24:48.656-0400][217.749s][info][gc          ] GC(16) Minor Collection (Allocation Rate) 10160M(49%)->6062M(29%) 0.392s
[2026-09-13T14:24:50.339-0400][219.431s][info][gc,phases   ] GC(13) O: Concurrent Mark 5871.986ms
[2026-09-13T14:24:50.339-0400][219.431s][info][gc,phases   ] GC(13) O: Pause Mark End 0.022ms
[2026-09-13T14:24:50.339-0400][219.431s][info][gc,phases   ] GC(13) O: Concurrent Mark Free 0.004ms
[2026-09-13T14:24:50.462-0400][219.554s][info][gc,phases   ] GC(13) O: Concurrent Process Non-Strong 123.158ms
[2026-09-13T14:24:50.462-0400][219.554s][info][gc,phases   ] GC(13) O: Concurrent Reset Relocation Set 0.009ms
[2026-09-13T14:24:50.466-0400][219.559s][info][gc,phases   ] GC(13) O: Concurrent Select Relocation Set 4.348ms
[2026-09-13T14:24:50.466-0400][219.559s][info][gc,task     ] GC(13) O: Using 4 Workers for Old Generation
[2026-09-13T14:24:50.494-0400][219.587s][info][gc,task     ] GC(13) O: Using 1 Workers for Old Generation
[2026-09-13T14:24:50.494-0400][219.587s][info][gc,phases   ] GC(13) O: Concurrent Remap Roots 28.055ms
[2026-09-13T14:24:50.494-0400][219.587s][info][gc,phases   ] GC(13) O: Pause Relocate Start 0.017ms
[2026-09-13T14:24:50.637-0400][219.730s][info][gc,phases   ] GC(13) O: Concurrent Relocate 142.901ms
[2026-09-13T14:24:50.637-0400][219.730s][info][gc,alloc    ] GC(13) O:                         Mark Start        Mark End      Relocate Start    Relocate End   
[2026-09-13T14:24:50.637-0400][219.730s][info][gc,alloc    ] GC(13) O: Allocation Stalls:          0                0                0                0         
[2026-09-13T14:24:50.638-0400][219.730s][info][gc,load     ] GC(13) O: Load: 0.00 (0%) / 0.00 (0%) / 0.00 (0%)
[2026-09-13T14:24:50.638-0400][219.730s][info][gc,mmu      ] GC(13) O: MMU: 2ms/96.9%, 5ms/98.8%, 10ms/99.4%, 20ms/99.6%, 50ms/99.9%, 100ms/99.9%
[2026-09-13T14:24:50.638-0400][219.730s][info][gc,marking  ] GC(13) O: Mark: 1 stripe(s), 2 proactive flush(es), 1 terminate flush(es), 0 completion(s), 0 continuation(s) 
[2026-09-13T14:24:50.638-0400][219.730s][info][gc,nmethod  ] GC(13) O: NMethods: 18154 registered, 2910 unregistered
[2026-09-13T14:24:50.638-0400][219.730s][info][gc,metaspace] GC(13) O: Metaspace: 490M used, 492M committed, 1408M reserved
[2026-09-13T14:24:50.638-0400][219.730s][info][gc,ref      ] GC(13) O:                       Encountered   Discovered     Enqueued 
[2026-09-13T14:24:50.638-0400][219.730s][info][gc,ref      ] GC(13) O: Soft References:            35284            0            0 
[2026-09-13T14:24:50.638-0400][219.730s][info][gc,ref      ] GC(13) O: Weak References:            58421        44898        19110 
[2026-09-13T14:24:50.638-0400][219.730s][info][gc,ref      ] GC(13) O: Final References:             981          494          487 
[2026-09-13T14:24:50.638-0400][219.730s][info][gc,ref      ] GC(13) O: Phantom References:         10192         6896         3591 
[2026-09-13T14:24:50.638-0400][219.730s][info][gc,reloc    ] GC(13) O:                        Candidates     Selected     In-Place         Size        Empty    Relocated 
[2026-09-13T14:24:50.638-0400][219.730s][info][gc,reloc    ] GC(13) O: Small Pages:                 1190           20            0        2380M           2M          16M 
[2026-09-13T14:24:50.638-0400][219.730s][info][gc,reloc    ] GC(13) O: Medium Pages:                  46            5            0        1412M           0M          60M 
[2026-09-13T14:24:50.638-0400][219.730s][info][gc,reloc    ] GC(13) O: Large Pages:                    1            0            0          18M           0M           0M 
[2026-09-13T14:24:50.638-0400][219.730s][info][gc,reloc    ] GC(13) O: Forwarding Usage: 23M
[2026-09-13T14:24:50.638-0400][219.730s][info][gc,heap     ] GC(13) O: Min Capacity: 256M(1%)
[2026-09-13T14:24:50.638-0400][219.730s][info][gc,heap     ] GC(13) O: Max Capacity: 20576M(100%)
[2026-09-13T14:24:50.638-0400][219.730s][info][gc,heap     ] GC(13) O: Soft Max Capacity: 20576M(100%)
[2026-09-13T14:24:50.638-0400][219.730s][info][gc,heap     ] GC(13) O: Heap Statistics:
[2026-09-13T14:24:50.638-0400][219.730s][info][gc,heap     ] GC(13) O:                Mark Start          Mark End        Relocate Start      Relocate End           High               Low         
[2026-09-13T14:24:50.638-0400][219.730s][info][gc,heap     ] GC(13) O:  Capacity:    18482M (90%)       18482M (90%)       18482M (90%)       18482M (90%)       18482M (90%)       18482M (90%)    
[2026-09-13T14:24:50.638-0400][219.730s][info][gc,heap     ] GC(13) O:      Free:     6102M (30%)       12660M (62%)       12620M (61%)       12772M (62%)       15178M (74%)        5426M (26%)    
[2026-09-13T14:24:50.638-0400][219.730s][info][gc,heap     ] GC(13) O:      Used:    14474M (70%)        7916M (38%)        7956M (39%)        7804M (38%)       15150M (74%)        5398M (26%)    
[2026-09-13T14:24:50.638-0400][219.730s][info][gc,heap     ] GC(13) O: Old Generation Statistics:
[2026-09-13T14:24:50.638-0400][219.730s][info][gc,heap     ] GC(13) O:                Mark Start          Mark End        Relocate Start      Relocate End    
[2026-09-13T14:24:50.638-0400][219.730s][info][gc,heap     ] GC(13) O:      Used:     3810M (19%)        4696M (23%)        4694M (23%)        4510M (22%)    
[2026-09-13T14:24:50.638-0400][219.730s][info][gc,heap     ] GC(13) O:      Live:         -              3528M (17%)        3528M (17%)        3528M (17%)    
[2026-09-13T14:24:50.638-0400][219.731s][info][gc,heap     ] GC(13) O:   Garbage:         -               281M (1%)          279M (1%)           88M (0%)     
[2026-09-13T14:24:50.638-0400][219.731s][info][gc,heap     ] GC(13) O: Allocated:         -               886M (4%)          886M (4%)          893M (4%)     
[2026-09-13T14:24:50.638-0400][219.731s][info][gc,heap     ] GC(13) O: Reclaimed:         -                  -                 2M (0%)          193M (1%)     
[2026-09-13T14:24:50.638-0400][219.731s][info][gc,heap     ] GC(13) O: Compacted:         -                  -                  -               336M (2%)     
[2026-09-13T14:24:50.638-0400][219.731s][info][gc,phases   ] GC(13) O: Old Generation 5894M(29%)->7804M(38%) 6.171s
[2026-09-13T14:24:50.638-0400][219.731s][info][gc          ] GC(13) Major Collection (Allocation Rate) 14474M(70%)->7804M(38%) 6.726s
[2026-09-13T14:24:59.762-0400][228.854s][info][gc          ] GC(17) Minor Collection (Allocation Rate)
[2026-09-13T14:24:59.762-0400][228.854s][info][gc,task     ] GC(17) Using 2 Workers for Young Generation
[2026-09-13T14:24:59.762-0400][228.854s][info][gc,phases   ] GC(17) y: Young Generation
[2026-09-13T14:24:59.762-0400][228.854s][info][gc,phases   ] GC(17) y: Pause Mark Start 0.012ms
[2026-09-13T14:25:00.107-0400][229.200s][info][gc,phases   ] GC(17) y: Concurrent Mark 345.734ms
[2026-09-13T14:25:00.108-0400][229.200s][info][gc,phases   ] GC(17) y: Pause Mark End 0.017ms
[2026-09-13T14:25:00.108-0400][229.200s][info][gc,phases   ] GC(17) y: Concurrent Mark Free 0.007ms
[2026-09-13T14:25:00.108-0400][229.201s][info][gc,phases   ] GC(17) y: Concurrent Reset Relocation Set 0.324ms
[2026-09-13T14:25:00.109-0400][229.201s][info][gc,reloc    ] GC(17) y: Using tenuring threshold: 2 (Computed)
[2026-09-13T14:25:00.117-0400][229.210s][info][gc,phases   ] GC(17) y: Concurrent Select Relocation Set 9.248ms
[2026-09-13T14:25:00.117-0400][229.210s][info][gc,phases   ] GC(17) y: Pause Relocate Start 0.014ms
[2026-09-13T14:25:00.287-0400][229.378s][info][gc,phases   ] GC(17) y: Concurrent Relocate 168.284ms
[2026-09-13T14:25:00.287-0400][229.379s][info][gc,alloc    ] GC(17) y:                         Mark Start        Mark End      Relocate Start    Relocate End   
[2026-09-13T14:25:00.287-0400][229.379s][info][gc,alloc    ] GC(17) y: Allocation Stalls:          0                0                0                0         
[2026-09-13T14:25:00.287-0400][229.379s][info][gc,load     ] GC(17) y: Load: 0.00 (0%) / 0.00 (0%) / 0.00 (0%)
[2026-09-13T14:25:00.287-0400][229.379s][info][gc,mmu      ] GC(17) y: MMU: 2ms/96.9%, 5ms/98.8%, 10ms/99.4%, 20ms/99.6%, 50ms/99.9%, 100ms/99.9%
[2026-09-13T14:25:00.287-0400][229.379s][info][gc,marking  ] GC(17) y: Mark: 2 stripe(s), 2 proactive flush(es), 1 terminate flush(es), 0 completion(s), 0 continuation(s) 
[2026-09-13T14:25:00.287-0400][229.379s][info][gc,nmethod  ] GC(17) y: NMethods: 18244 registered, 2910 unregistered
[2026-09-13T14:25:00.287-0400][229.379s][info][gc,metaspace] GC(17) y: Metaspace: 490M used, 492M committed, 1408M reserved
[2026-09-13T14:25:00.287-0400][229.379s][info][gc,reloc    ] GC(17) y:                        Candidates     Selected     In-Place         Size        Empty    Relocated 
[2026-09-13T14:25:00.287-0400][229.379s][info][gc,reloc    ] GC(17) y: Small Pages:                 3661         3583            0        7322M          90M          42M 
[2026-09-13T14:25:00.287-0400][229.379s][info][gc,reloc    ] GC(17) y: Medium Pages:                   3            2            0          96M           0M          13M 
[2026-09-13T14:25:00.287-0400][229.379s][info][gc,reloc    ] GC(17) y: Large Pages:                    3            0            0          26M           0M           0M 
[2026-09-13T14:25:00.287-0400][229.379s][info][gc,reloc    ] GC(17) y: Forwarding Usage: 24M
[2026-09-13T14:25:00.287-0400][229.379s][info][gc,reloc    ] GC(17) y: Age Table:
[2026-09-13T14:25:00.287-0400][229.379s][info][gc,reloc    ] GC(17) y:                    Live             Garbage             Small              Medium             Large        
[2026-09-13T14:25:00.287-0400][229.379s][info][gc,reloc    ] GC(17) y: Eden              60M (0%)         7217M (35%)       3620 / 3551           1 / 1              1 / 0        
[2026-09-13T14:25:00.287-0400][229.379s][info][gc,reloc    ] GC(17) y: Survivor 1        38M (0%)          127M (1%)          41 / 32             2 / 1              2 / 0        
[2026-09-13T14:25:00.287-0400][229.379s][info][gc,heap     ] GC(17) y: Min Capacity: 256M(1%)
[2026-09-13T14:25:00.287-0400][229.379s][info][gc,heap     ] GC(17) y: Max Capacity: 20576M(100%)
[2026-09-13T14:25:00.287-0400][229.379s][info][gc,heap     ] GC(17) y: Soft Max Capacity: 20576M(100%)
[2026-09-13T14:25:00.287-0400][229.379s][info][gc,heap     ] GC(17) y: Heap Statistics:
[2026-09-13T14:25:00.287-0400][229.379s][info][gc,heap     ] GC(17) y:                Mark Start          Mark End        Relocate Start      Relocate End           High               Low         
[2026-09-13T14:25:00.287-0400][229.379s][info][gc,heap     ] GC(17) y:  Capacity:    18482M (90%)       18482M (90%)       18482M (90%)       18482M (90%)       18482M (90%)       18482M (90%)    
[2026-09-13T14:25:00.287-0400][229.379s][info][gc,heap     ] GC(17) y:      Free:     8622M (42%)        8456M (41%)        8542M (42%)       15662M (76%)       15662M (76%)        8456M (41%)    
[2026-09-13T14:25:00.287-0400][229.379s][info][gc,heap     ] GC(17) y:      Used:    11954M (58%)       12120M (59%)       12034M (58%)        4914M (24%)       12120M (59%)        4914M (24%)    
[2026-09-13T14:25:00.287-0400][229.379s][info][gc,heap     ] GC(17) y: Young Generation Statistics:
[2026-09-13T14:25:00.287-0400][229.379s][info][gc,heap     ] GC(17) y:                Mark Start          Mark End        Relocate Start      Relocate End    
[2026-09-13T14:25:00.287-0400][229.379s][info][gc,heap     ] GC(17) y:      Used:     7444M (36%)        7610M (37%)        7524M (37%)         404M (2%)     
[2026-09-13T14:25:00.287-0400][229.379s][info][gc,heap     ] GC(17) y:      Live:         -                98M (0%)           98M (0%)           98M (0%)     
[2026-09-13T14:25:00.287-0400][229.379s][info][gc,heap     ] GC(17) y:   Garbage:         -              7345M (36%)        7255M (35%)           1M (0%)     
[2026-09-13T14:25:00.287-0400][229.379s][info][gc,heap     ] GC(17) y: Allocated:         -               166M (1%)          170M (1%)          304M (1%)     
[2026-09-13T14:25:00.287-0400][229.379s][info][gc,heap     ] GC(17) y: Reclaimed:         -                  -                90M (0%)         7344M (36%)    
[2026-09-13T14:25:00.287-0400][229.379s][info][gc,heap     ] GC(17) y:  Promoted:         -                  -                 0M (0%)            0M (0%)     
[2026-09-13T14:25:00.287-0400][229.379s][info][gc,heap     ] GC(17) y: Compacted:         -                  -                  -                59M (0%)     
[2026-09-13T14:25:00.287-0400][229.379s][info][gc,phases   ] GC(17) y: Young Generation 11954M(58%)->4914M(24%) 0.524s
[2026-09-13T14:25:00.287-0400][229.379s][info][gc          ] GC(17) Minor Collection (Allocation Rate) 11954M(58%)->4914M(24%) 0.525s
[2026-09-13T14:25:03.750-0400][232.842s][info][gc          ] GC(18) Minor Collection (Allocation Rate)
[2026-09-13T14:25:03.750-0400][232.842s][info][gc,task     ] GC(18) Using 1 Workers for Young Generation
[2026-09-13T14:25:03.750-0400][232.842s][info][gc,phases   ] GC(18) y: Young Generation
[2026-09-13T14:25:03.750-0400][232.842s][info][gc,phases   ] GC(18) y: Pause Mark Start 0.015ms
[2026-09-13T14:25:04.348-0400][233.440s][info][gc,phases   ] GC(18) y: Concurrent Mark 598.545ms
[2026-09-13T14:25:04.348-0400][233.441s][info][gc,phases   ] GC(18) y: Pause Mark End 0.016ms
[2026-09-13T14:25:04.348-0400][233.441s][info][gc,phases   ] GC(18) y: Concurrent Mark Free 0.006ms
[2026-09-13T14:25:04.348-0400][233.441s][info][gc,phases   ] GC(18) y: Concurrent Reset Relocation Set 0.109ms
[2026-09-13T14:25:04.349-0400][233.441s][info][gc,reloc    ] GC(18) y: Using tenuring threshold: 3 (Computed)
[2026-09-13T14:25:04.351-0400][233.443s][info][gc,phases   ] GC(18) y: Concurrent Select Relocation Set 2.068ms
[2026-09-13T14:25:04.351-0400][233.443s][info][gc,phases   ] GC(18) y: Pause Relocate Start 0.007ms
[2026-09-13T14:25:04.376-0400][233.468s][info][gc,phases   ] GC(18) y: Concurrent Relocate 25.286ms
[2026-09-13T14:25:04.376-0400][233.468s][info][gc,alloc    ] GC(18) y:                         Mark Start        Mark End      Relocate Start    Relocate End   
[2026-09-13T14:25:04.376-0400][233.468s][info][gc,alloc    ] GC(18) y: Allocation Stalls:          0                0                0                0         
[2026-09-13T14:25:04.376-0400][233.468s][info][gc,load     ] GC(18) y: Load: 0.00 (0%) / 0.00 (0%) / 0.00 (0%)
[2026-09-13T14:25:04.376-0400][233.468s][info][gc,mmu      ] GC(18) y: MMU: 2ms/96.9%, 5ms/98.8%, 10ms/99.4%, 20ms/99.6%, 50ms/99.9%, 100ms/99.9%
[2026-09-13T14:25:04.376-0400][233.468s][info][gc,marking  ] GC(18) y: Mark: 1 stripe(s), 2 proactive flush(es), 1 terminate flush(es), 0 completion(s), 0 continuation(s) 
[2026-09-13T14:25:04.376-0400][233.468s][info][gc,nmethod  ] GC(18) y: NMethods: 18560 registered, 2910 unregistered
[2026-09-13T14:25:04.376-0400][233.468s][info][gc,metaspace] GC(18) y: Metaspace: 491M used, 494M committed, 1408M reserved
[2026-09-13T14:25:04.376-0400][233.468s][info][gc,reloc    ] GC(18) y:                        Candidates     Selected     In-Place         Size        Empty    Relocated 
[2026-09-13T14:25:04.376-0400][233.468s][info][gc,reloc    ] GC(18) y: Small Pages:                  856          819            0        1712M           6M           7M 
[2026-09-13T14:25:04.376-0400][233.468s][info][gc,reloc    ] GC(18) y: Medium Pages:                   3            2            0          96M           0M          14M 
[2026-09-13T14:25:04.376-0400][233.468s][info][gc,reloc    ] GC(18) y: Large Pages:                    9            0            0         130M          88M           0M 
[2026-09-13T14:25:04.376-0400][233.468s][info][gc,reloc    ] GC(18) y: Forwarding Usage: 3M
[2026-09-13T14:25:04.376-0400][233.468s][info][gc,reloc    ] GC(18) y: Age Table:
[2026-09-13T14:25:04.376-0400][233.468s][info][gc,reloc    ] GC(18) y:                    Live             Garbage             Small              Medium             Large        
[2026-09-13T14:25:04.376-0400][233.468s][info][gc,reloc    ] GC(18) y: Eden              24M (0%)         1753M (9%)         821 / 813            1 / 0              6 / 0        
[2026-09-13T14:25:04.376-0400][233.468s][info][gc,reloc    ] GC(18) y: Survivor 1        58M (0%)           27M (0%)          24 / 4              1 / 1              1 / 0        
[2026-09-13T14:25:04.376-0400][233.469s][info][gc,reloc    ] GC(18) y: Survivor 2        38M (0%)           35M (0%)          11 / 2              1 / 1              2 / 0        
[2026-09-13T14:25:04.376-0400][233.469s][info][gc,heap     ] GC(18) y: Min Capacity: 256M(1%)
[2026-09-13T14:25:04.376-0400][233.469s][info][gc,heap     ] GC(18) y: Max Capacity: 20576M(100%)
[2026-09-13T14:25:04.376-0400][233.469s][info][gc,heap     ] GC(18) y: Soft Max Capacity: 20576M(100%)
[2026-09-13T14:25:04.376-0400][233.469s][info][gc,heap     ] GC(18) y: Heap Statistics:
[2026-09-13T14:25:04.376-0400][233.469s][info][gc,heap     ] GC(18) y:                Mark Start          Mark End        Relocate Start      Relocate End           High               Low         
[2026-09-13T14:25:04.376-0400][233.469s][info][gc,heap     ] GC(18) y:  Capacity:    18482M (90%)       18482M (90%)       18482M (90%)       18482M (90%)       18482M (90%)       18482M (90%)    
[2026-09-13T14:25:04.376-0400][233.469s][info][gc,heap     ] GC(18) y:      Free:    14128M (69%)       12966M (63%)       13060M (63%)       14682M (71%)       14682M (71%)       12966M (63%)    
[2026-09-13T14:25:04.376-0400][233.469s][info][gc,heap     ] GC(18) y:      Used:     6448M (31%)        7610M (37%)        7516M (37%)        5894M (29%)        7610M (37%)        5894M (29%)    
[2026-09-13T14:25:04.376-0400][233.469s][info][gc,heap     ] GC(18) y: Young Generation Statistics:
[2026-09-13T14:25:04.376-0400][233.469s][info][gc,heap     ] GC(18) y:                Mark Start          Mark End        Relocate Start      Relocate End    
[2026-09-13T14:25:04.376-0400][233.469s][info][gc,heap     ] GC(18) y:      Used:     1938M (9%)         3100M (15%)        3006M (15%)        1384M (7%)     
[2026-09-13T14:25:04.376-0400][233.469s][info][gc,heap     ] GC(18) y:      Live:         -               121M (1%)          121M (1%)          121M (1%)     
[2026-09-13T14:25:04.376-0400][233.469s][info][gc,heap     ] GC(18) y:   Garbage:         -              1816M (9%)         1722M (8%)            3M (0%)     
[2026-09-13T14:25:04.376-0400][233.469s][info][gc,heap     ] GC(18) y: Allocated:         -              1162M (6%)         1162M (6%)         1259M (6%)     
[2026-09-13T14:25:04.376-0400][233.469s][info][gc,heap     ] GC(18) y: Reclaimed:         -                  -                94M (0%)         1813M (9%)     
[2026-09-13T14:25:04.376-0400][233.469s][info][gc,heap     ] GC(18) y:  Promoted:         -                  -                 0M (0%)            0M (0%)     
[2026-09-13T14:25:04.376-0400][233.469s][info][gc,heap     ] GC(18) y: Compacted:         -                  -                  -                24M (0%)     
[2026-09-13T14:25:04.376-0400][233.469s][info][gc,phases   ] GC(18) y: Young Generation 6448M(31%)->5894M(29%) 0.627s
[2026-09-13T14:25:04.376-0400][233.469s][info][gc          ] GC(18) Minor Collection (Allocation Rate) 6448M(31%)->5894M(29%) 0.627s
[2026-09-13T14:25:05.409-0400][234.501s][info][gc          ] GC(19) Minor Collection (Allocation Rate)
[2026-09-13T14:25:05.409-0400][234.501s][info][gc,task     ] GC(19) Using 1 Workers for Young Generation
[2026-09-13T14:25:05.409-0400][234.501s][info][gc,phases   ] GC(19) y: Young Generation
[2026-09-13T14:25:05.409-0400][234.501s][info][gc,phases   ] GC(19) y: Pause Mark Start 0.012ms
[2026-09-13T14:25:05.934-0400][235.026s][info][gc,phases   ] GC(19) y: Concurrent Mark 524.871ms
[2026-09-13T14:25:05.934-0400][235.026s][info][gc,phases   ] GC(19) y: Pause Mark End 0.018ms
[2026-09-13T14:25:05.934-0400][235.026s][info][gc,phases   ] GC(19) y: Concurrent Mark Free 0.012ms
[2026-09-13T14:25:05.934-0400][235.026s][info][gc,phases   ] GC(19) y: Concurrent Reset Relocation Set 0.049ms
[2026-09-13T14:25:05.934-0400][235.027s][info][gc,reloc    ] GC(19) y: Using tenuring threshold: 1 (Computed)
[2026-09-13T14:25:05.983-0400][235.075s][info][gc,phases   ] GC(19) y: Concurrent Select Relocation Set 49.106ms
[2026-09-13T14:25:05.983-0400][235.076s][info][gc,phases   ] GC(19) y: Pause Relocate Start 0.012ms
[2026-09-13T14:25:06.161-0400][235.253s][info][gc,phases   ] GC(19) y: Concurrent Relocate 177.282ms
[2026-09-13T14:25:06.161-0400][235.253s][info][gc,alloc    ] GC(19) y:                         Mark Start        Mark End      Relocate Start    Relocate End   
[2026-09-13T14:25:06.161-0400][235.253s][info][gc,alloc    ] GC(19) y: Allocation Stalls:          0                0                0                0         
[2026-09-13T14:25:06.161-0400][235.253s][info][gc,load     ] GC(19) y: Load: 0.00 (0%) / 0.00 (0%) / 0.00 (0%)
[2026-09-13T14:25:06.161-0400][235.253s][info][gc,mmu      ] GC(19) y: MMU: 2ms/96.9%, 5ms/98.8%, 10ms/99.4%, 20ms/99.6%, 50ms/99.9%, 100ms/99.9%
[2026-09-13T14:25:06.161-0400][235.253s][info][gc,marking  ] GC(19) y: Mark: 1 stripe(s), 2 proactive flush(es), 1 terminate flush(es), 0 completion(s), 0 continuation(s) 
[2026-09-13T14:25:06.161-0400][235.253s][info][gc,nmethod  ] GC(19) y: NMethods: 18687 registered, 2910 unregistered
[2026-09-13T14:25:06.161-0400][235.253s][info][gc,metaspace] GC(19) y: Metaspace: 491M used, 494M committed, 1408M reserved
[2026-09-13T14:25:06.161-0400][235.253s][info][gc,reloc    ] GC(19) y:                        Candidates     Selected     In-Place         Size        Empty    Relocated 
[2026-09-13T14:25:06.161-0400][235.253s][info][gc,reloc    ] GC(19) y: Small Pages:                 1381         1342            0        2762M           0M          10M 
[2026-09-13T14:25:06.161-0400][235.253s][info][gc,reloc    ] GC(19) y: Medium Pages:                   4            3            0         128M           0M          18M 
[2026-09-13T14:25:06.161-0400][235.253s][info][gc,reloc    ] GC(19) y: Large Pages:                   66            0            0        1102M        1042M           0M 
[2026-09-13T14:25:06.161-0400][235.253s][info][gc,reloc    ] GC(19) y: Forwarding Usage: 4M
[2026-09-13T14:25:06.161-0400][235.253s][info][gc,reloc    ] GC(19) y: Age Table:
[2026-09-13T14:25:06.161-0400][235.253s][info][gc,reloc    ] GC(19) y:                    Live             Garbage             Small              Medium             Large        
[2026-09-13T14:25:06.161-0400][235.253s][info][gc,reloc    ] GC(19) y: Eden              46M (0%)         3729M (18%)       1342 / 1337           1 / 1             62 / 0        
[2026-09-13T14:25:06.161-0400][235.253s][info][gc,reloc    ] GC(19) y: Survivor 1         8M (0%)           51M (0%)           6 / 1              1 / 0              1 / 0        
[2026-09-13T14:25:06.161-0400][235.253s][info][gc,reloc    ] GC(19) y: Survivor 2        58M (0%)           23M (0%)          22 / 2              1 / 1              1 / 0        
[2026-09-13T14:25:06.161-0400][235.253s][info][gc,reloc    ] GC(19) y: Survivor 3        38M (0%)           35M (0%)          11 / 2              1 / 1              2 / 0        
[2026-09-13T14:25:06.161-0400][235.253s][info][gc,heap     ] GC(19) y: Min Capacity: 256M(1%)
[2026-09-13T14:25:06.161-0400][235.253s][info][gc,heap     ] GC(19) y: Max Capacity: 20576M(100%)
[2026-09-13T14:25:06.161-0400][235.253s][info][gc,heap     ] GC(19) y: Soft Max Capacity: 20576M(100%)
[2026-09-13T14:25:06.161-0400][235.253s][info][gc,heap     ] GC(19) y: Heap Statistics:
[2026-09-13T14:25:06.161-0400][235.253s][info][gc,heap     ] GC(19) y:                Mark Start          Mark End        Relocate Start      Relocate End           High               Low         
[2026-09-13T14:25:06.161-0400][235.253s][info][gc,heap     ] GC(19) y:  Capacity:    18482M (90%)       18482M (90%)       18482M (90%)       18482M (90%)       18482M (90%)       18482M (90%)    
[2026-09-13T14:25:06.161-0400][235.253s][info][gc,heap     ] GC(19) y:      Free:    12074M (59%)       10380M (50%)       11260M (55%)       13366M (65%)       13672M (66%)       10374M (50%)    
[2026-09-13T14:25:06.161-0400][235.253s][info][gc,heap     ] GC(19) y:      Used:     8502M (41%)       10196M (50%)        9316M (45%)        7210M (35%)       10202M (50%)        6904M (34%)    
[2026-09-13T14:25:06.161-0400][235.253s][info][gc,heap     ] GC(19) y: Young Generation Statistics:
[2026-09-13T14:25:06.161-0400][235.253s][info][gc,heap     ] GC(19) y:                Mark Start          Mark End        Relocate Start      Relocate End    
[2026-09-13T14:25:06.161-0400][235.253s][info][gc,heap     ] GC(19) y:      Used:     3992M (19%)        5686M (28%)        4714M (23%)        2574M (13%)    
[2026-09-13T14:25:06.161-0400][235.253s][info][gc,heap     ] GC(19) y:      Live:         -               151M (1%)           64M (0%)           46M (0%)     
[2026-09-13T14:25:06.161-0400][235.253s][info][gc,heap     ] GC(19) y:   Garbage:         -              3840M (19%)        2793M (14%)           0M (0%)     
[2026-09-13T14:25:06.161-0400][235.253s][info][gc,heap     ] GC(19) y: Allocated:         -              1694M (8%)         1856M (9%)         2527M (12%)    
[2026-09-13T14:25:06.161-0400][235.253s][info][gc,heap     ] GC(19) y: Reclaimed:         -                  -              1046M (5%)         3840M (19%)    
[2026-09-13T14:25:06.161-0400][235.253s][info][gc,heap     ] GC(19) y:  Promoted:         -                  -                87M (0%)          105M (1%)     
[2026-09-13T14:25:06.161-0400][235.254s][info][gc,heap     ] GC(19) y: Compacted:         -                  -                  -                12M (0%)     
[2026-09-13T14:25:06.161-0400][235.254s][info][gc,phases   ] GC(19) y: Young Generation 8502M(41%)->7210M(35%) 0.752s
[2026-09-13T14:25:06.161-0400][235.254s][info][gc          ] GC(19) Minor Collection (Allocation Rate) 8500M(41%)->7214M(35%) 0.753s
[2026-09-13T14:25:09.088-0400][238.180s][info][gc          ] GC(20) Minor Collection (Allocation Rate)
[2026-09-13T14:25:09.088-0400][238.180s][info][gc,task     ] GC(20) Using 1 Workers for Young Generation
[2026-09-13T14:25:09.088-0400][238.180s][info][gc,phases   ] GC(20) y: Young Generation
[2026-09-13T14:25:09.088-0400][238.180s][info][gc,phases   ] GC(20) y: Pause Mark Start 0.012ms
[2026-09-13T14:25:10.123-0400][239.215s][info][gc,phases   ] GC(20) y: Concurrent Mark 1034.869ms
[2026-09-13T14:25:10.123-0400][239.216s][info][gc,phases   ] GC(20) y: Pause Mark End 0.021ms
[2026-09-13T14:25:10.123-0400][239.216s][info][gc,phases   ] GC(20) y: Concurrent Mark Free 0.006ms
[2026-09-13T14:25:10.124-0400][239.216s][info][gc,phases   ] GC(20) y: Concurrent Reset Relocation Set 0.572ms
[2026-09-13T14:25:10.125-0400][239.218s][info][gc,reloc    ] GC(20) y: Using tenuring threshold: 2 (Computed)
[2026-09-13T14:25:10.132-0400][239.225s][info][gc,phases   ] GC(20) y: Concurrent Select Relocation Set 8.729ms
[2026-09-13T14:25:10.133-0400][239.225s][info][gc,phases   ] GC(20) y: Pause Relocate Start 0.011ms
[2026-09-13T14:25:10.412-0400][239.505s][info][gc,phases   ] GC(20) y: Concurrent Relocate 279.806ms
[2026-09-13T14:25:10.412-0400][239.505s][info][gc,alloc    ] GC(20) y:                         Mark Start        Mark End      Relocate Start    Relocate End   
[2026-09-13T14:25:10.412-0400][239.505s][info][gc,alloc    ] GC(20) y: Allocation Stalls:          0                0                0                0         
[2026-09-13T14:25:10.412-0400][239.505s][info][gc,load     ] GC(20) y: Load: 0.00 (0%) / 0.00 (0%) / 0.00 (0%)
[2026-09-13T14:25:10.412-0400][239.505s][info][gc,mmu      ] GC(20) y: MMU: 2ms/96.9%, 5ms/98.8%, 10ms/99.4%, 20ms/99.6%, 50ms/99.9%, 100ms/99.9%
[2026-09-13T14:25:10.412-0400][239.505s][info][gc,marking  ] GC(20) y: Mark: 1 stripe(s), 2 proactive flush(es), 1 terminate flush(es), 0 completion(s), 0 continuation(s) 
[2026-09-13T14:25:10.412-0400][239.505s][info][gc,nmethod  ] GC(20) y: NMethods: 19439 registered, 2910 unregistered
[2026-09-13T14:25:10.412-0400][239.505s][info][gc,metaspace] GC(20) y: Metaspace: 492M used, 494M committed, 1408M reserved
[2026-09-13T14:25:10.412-0400][239.505s][info][gc,reloc    ] GC(20) y:                        Candidates     Selected     In-Place         Size        Empty    Relocated 
[2026-09-13T14:25:10.412-0400][239.505s][info][gc,reloc    ] GC(20) y: Small Pages:                 5105         4953            0       10210M          58M         166M 
[2026-09-13T14:25:10.412-0400][239.505s][info][gc,reloc    ] GC(20) y: Medium Pages:                  18           14            0         576M           0M          86M 
[2026-09-13T14:25:10.412-0400][239.505s][info][gc,reloc    ] GC(20) y: Large Pages:                   39            0            0         286M         132M           0M 
[2026-09-13T14:25:10.412-0400][239.505s][info][gc,reloc    ] GC(20) y: Forwarding Usage: 21M
[2026-09-13T14:25:10.412-0400][239.505s][info][gc,reloc    ] GC(20) y: Age Table:
[2026-09-13T14:25:10.412-0400][239.505s][info][gc,reloc    ] GC(20) y:                    Live             Garbage             Small              Medium             Large        
[2026-09-13T14:25:10.412-0400][239.505s][info][gc,reloc    ] GC(20) y: Eden             434M (2%)        10465M (51%)       5068 / 4922          16 / 12            36 / 0        
[2026-09-13T14:25:10.412-0400][239.505s][info][gc,reloc    ] GC(20) y: Survivor 1        45M (0%)          126M (1%)          37 / 31             2 / 2              3 / 0        
[2026-09-13T14:25:10.412-0400][239.505s][info][gc,heap     ] GC(20) y: Min Capacity: 256M(1%)
[2026-09-13T14:25:10.412-0400][239.505s][info][gc,heap     ] GC(20) y: Max Capacity: 20576M(100%)
[2026-09-13T14:25:10.412-0400][239.505s][info][gc,heap     ] GC(20) y: Soft Max Capacity: 20576M(100%)
[2026-09-13T14:25:10.412-0400][239.505s][info][gc,heap     ] GC(20) y: Heap Statistics:
[2026-09-13T14:25:10.412-0400][239.505s][info][gc,heap     ] GC(20) y:                Mark Start          Mark End        Relocate Start      Relocate End           High               Low         
[2026-09-13T14:25:10.412-0400][239.505s][info][gc,heap     ] GC(20) y:  Capacity:    18482M (90%)       18482M (90%)       18482M (90%)       18482M (90%)       18482M (90%)       18482M (90%)    
[2026-09-13T14:25:10.412-0400][239.505s][info][gc,heap     ] GC(20) y:      Free:     4868M (24%)        2570M (12%)        2754M (13%)       12916M (63%)       12916M (63%)        2568M (12%)    
[2026-09-13T14:25:10.412-0400][239.505s][info][gc,heap     ] GC(20) y:      Used:    15708M (76%)       18006M (88%)       17822M (87%)        7660M (37%)       18008M (88%)        7660M (37%)    
[2026-09-13T14:25:10.412-0400][239.505s][info][gc,heap     ] GC(20) y: Young Generation Statistics:
[2026-09-13T14:25:10.412-0400][239.505s][info][gc,heap     ] GC(20) y:                Mark Start          Mark End        Relocate Start      Relocate End    
[2026-09-13T14:25:10.412-0400][239.505s][info][gc,heap     ] GC(20) y:      Used:    11072M (54%)       13370M (65%)       13186M (64%)        3024M (15%)    
[2026-09-13T14:25:10.412-0400][239.505s][info][gc,heap     ] GC(20) y:      Live:         -               480M (2%)          480M (2%)          480M (2%)     
[2026-09-13T14:25:10.412-0400][239.505s][info][gc,heap     ] GC(20) y:   Garbage:         -             10591M (51%)       10401M (51%)           2M (0%)     
[2026-09-13T14:25:10.412-0400][239.505s][info][gc,heap     ] GC(20) y: Allocated:         -              2298M (11%)        2304M (11%)        2541M (12%)    
[2026-09-13T14:25:10.412-0400][239.505s][info][gc,heap     ] GC(20) y: Reclaimed:         -                  -               190M (1%)        10589M (51%)    
[2026-09-13T14:25:10.414-0400][239.505s][info][gc,heap     ] GC(20) y:  Promoted:         -                  -                 0M (0%)            0M (0%)     
[2026-09-13T14:25:10.414-0400][239.505s][info][gc,heap     ] GC(20) y: Compacted:         -                  -                  -               294M (1%)     
[2026-09-13T14:25:10.414-0400][239.505s][info][gc,phases   ] GC(20) y: Young Generation 15708M(76%)->7660M(37%) 1.325s
[2026-09-13T14:25:10.414-0400][239.505s][info][gc          ] GC(20) Minor Collection (Allocation Rate) 15708M(76%)->7660M(37%) 1.326s
[2026-09-13T14:25:13.477-0400][242.569s][info][gc          ] GC(21) Minor Collection (Allocation Rate)
[2026-09-13T14:25:13.477-0400][242.569s][info][gc,task     ] GC(21) Using 2 Workers for Young Generation
[2026-09-13T14:25:13.477-0400][242.569s][info][gc,phases   ] GC(21) y: Young Generation
[2026-09-13T14:25:13.477-0400][242.569s][info][gc,phases   ] GC(21) y: Pause Mark Start 0.012ms
[2026-09-13T14:25:13.805-0400][242.898s][info][gc,phases   ] GC(21) y: Concurrent Mark 328.280ms
[2026-09-13T14:25:13.805-0400][242.898s][info][gc,phases   ] GC(21) y: Pause Mark End 0.015ms
[2026-09-13T14:25:13.805-0400][242.898s][info][gc,phases   ] GC(21) y: Concurrent Mark Free 0.003ms
[2026-09-13T14:25:13.805-0400][242.898s][info][gc,phases   ] GC(21) y: Concurrent Reset Relocation Set 0.148ms
[2026-09-13T14:25:13.806-0400][242.898s][info][gc,reloc    ] GC(21) y: Using tenuring threshold: 3 (Computed)
[2026-09-13T14:25:13.807-0400][242.899s][info][gc,phases   ] GC(21) y: Concurrent Select Relocation Set 1.480ms
[2026-09-13T14:25:13.807-0400][242.899s][info][gc,phases   ] GC(21) y: Pause Relocate Start 0.008ms
[2026-09-13T14:25:13.892-0400][242.984s][info][gc,phases   ] GC(21) y: Concurrent Relocate 84.385ms
[2026-09-13T14:25:13.892-0400][242.984s][info][gc,alloc    ] GC(21) y:                         Mark Start        Mark End      Relocate Start    Relocate End   
[2026-09-13T14:25:13.892-0400][242.984s][info][gc,alloc    ] GC(21) y: Allocation Stalls:          0                0                0                0         
[2026-09-13T14:25:13.892-0400][242.984s][info][gc,load     ] GC(21) y: Load: 0.00 (0%) / 0.00 (0%) / 0.00 (0%)
[2026-09-13T14:25:13.892-0400][242.984s][info][gc,mmu      ] GC(21) y: MMU: 2ms/96.9%, 5ms/98.8%, 10ms/99.4%, 20ms/99.6%, 50ms/99.9%, 100ms/99.9%
[2026-09-13T14:25:13.892-0400][242.984s][info][gc,marking  ] GC(21) y: Mark: 2 stripe(s), 2 proactive flush(es), 1 terminate flush(es), 0 completion(s), 0 continuation(s) 
[2026-09-13T14:25:13.892-0400][242.984s][info][gc,nmethod  ] GC(21) y: NMethods: 19667 registered, 2910 unregistered
[2026-09-13T14:25:13.892-0400][242.984s][info][gc,metaspace] GC(21) y: Metaspace: 492M used, 494M committed, 1408M reserved
[2026-09-13T14:25:13.892-0400][242.984s][info][gc,reloc    ] GC(21) y:                        Candidates     Selected     In-Place         Size        Empty    Relocated 
[2026-09-13T14:25:13.892-0400][242.984s][info][gc,reloc    ] GC(21) y: Small Pages:                 1964         1663            0        3928M         140M         191M 
[2026-09-13T14:25:13.892-0400][242.984s][info][gc,reloc    ] GC(21) y: Medium Pages:                  21           12            0         672M          64M          57M 
[2026-09-13T14:25:13.892-0400][242.984s][info][gc,reloc    ] GC(21) y: Large Pages:                   39            0            0         418M         228M           0M 
[2026-09-13T14:25:13.892-0400][242.984s][info][gc,reloc    ] GC(21) y: Forwarding Usage: 14M
[2026-09-13T14:25:13.892-0400][242.984s][info][gc,reloc    ] GC(21) y: Age Table:
[2026-09-13T14:25:13.892-0400][242.984s][info][gc,reloc    ] GC(21) y:                    Live             Garbage             Small              Medium             Large        
[2026-09-13T14:25:13.892-0400][242.984s][info][gc,reloc    ] GC(21) y: Eden             330M (2%)         4105M (20%)       1846 / 1654          15 / 10            20 / 0        
[2026-09-13T14:25:13.892-0400][242.984s][info][gc,reloc    ] GC(21) y: Survivor 1       429M (2%)           38M (0%)         110 / 6              4 / 0             16 / 0        
[2026-09-13T14:25:13.892-0400][242.984s][info][gc,reloc    ] GC(21) y: Survivor 2        45M (0%)           68M (0%)           8 / 3              2 / 2              3 / 0        
[2026-09-13T14:25:13.892-0400][242.984s][info][gc,heap     ] GC(21) y: Min Capacity: 256M(1%)
[2026-09-13T14:25:13.892-0400][242.984s][info][gc,heap     ] GC(21) y: Max Capacity: 20576M(100%)
[2026-09-13T14:25:13.892-0400][242.984s][info][gc,heap     ] GC(21) y: Soft Max Capacity: 20576M(100%)
[2026-09-13T14:25:13.892-0400][242.984s][info][gc,heap     ] GC(21) y: Heap Statistics:
[2026-09-13T14:25:13.892-0400][242.984s][info][gc,heap     ] GC(21) y:                Mark Start          Mark End        Relocate Start      Relocate End           High               Low         
[2026-09-13T14:25:13.892-0400][242.984s][info][gc,heap     ] GC(21) y:  Capacity:    18482M (90%)       18482M (90%)       18482M (90%)       18482M (90%)       18482M (90%)       18482M (90%)    
[2026-09-13T14:25:13.892-0400][242.984s][info][gc,heap     ] GC(21) y:      Free:    10922M (53%)       10644M (52%)       11074M (54%)       14684M (71%)       14684M (71%)       10642M (52%)    
[2026-09-13T14:25:13.892-0400][242.984s][info][gc,heap     ] GC(21) y:      Used:     9654M (47%)        9932M (48%)        9502M (46%)        5892M (29%)        9934M (48%)        5892M (29%)    
[2026-09-13T14:25:13.892-0400][242.984s][info][gc,heap     ] GC(21) y: Young Generation Statistics:
[2026-09-13T14:25:13.892-0400][242.984s][info][gc,heap     ] GC(21) y:                Mark Start          Mark End        Relocate Start      Relocate End    
[2026-09-13T14:25:13.892-0400][242.984s][info][gc,heap     ] GC(21) y:      Used:     5018M (24%)        5296M (26%)        4866M (24%)        1256M (6%)     
[2026-09-13T14:25:13.892-0400][242.984s][info][gc,heap     ] GC(21) y:      Live:         -               805M (4%)          805M (4%)          805M (4%)     
[2026-09-13T14:25:13.892-0400][242.984s][info][gc,heap     ] GC(21) y:   Garbage:         -              4212M (20%)        3780M (18%)          19M (0%)     
[2026-09-13T14:25:13.892-0400][242.984s][info][gc,heap     ] GC(21) y: Allocated:         -               278M (1%)          280M (1%)          431M (2%)     
[2026-09-13T14:25:13.892-0400][242.984s][info][gc,heap     ] GC(21) y: Reclaimed:         -                  -               432M (2%)         4193M (20%)    
[2026-09-13T14:25:13.892-0400][242.984s][info][gc,heap     ] GC(21) y:  Promoted:         -                  -                 0M (0%)            0M (0%)     
[2026-09-13T14:25:13.892-0400][242.984s][info][gc,heap     ] GC(21) y: Compacted:         -                  -                  -               290M (1%)     
[2026-09-13T14:25:13.892-0400][242.984s][info][gc,phases   ] GC(21) y: Young Generation 9654M(47%)->5892M(29%) 0.415s
[2026-09-13T14:25:13.892-0400][242.984s][info][gc          ] GC(21) Minor Collection (Allocation Rate) 9654M(47%)->5892M(29%) 0.415s
[2026-09-13T14:25:24.401-0400][253.492s][info][gc          ] GC(22) Minor Collection (Allocation Rate)
[2026-09-13T14:25:24.401-0400][253.493s][info][gc,task     ] GC(22) Using 2 Workers for Young Generation
[2026-09-13T14:25:24.401-0400][253.493s][info][gc,phases   ] GC(22) y: Young Generation
[2026-09-13T14:25:24.401-0400][253.493s][info][gc,phases   ] GC(22) y: Pause Mark Start 0.011ms
[2026-09-13T14:25:24.870-0400][253.962s][info][gc,phases   ] GC(22) y: Concurrent Mark 469.805ms
[2026-09-13T14:25:24.870-0400][253.963s][info][gc,phases   ] GC(22) y: Pause Mark End 0.017ms
[2026-09-13T14:25:24.870-0400][253.963s][info][gc,phases   ] GC(22) y: Concurrent Mark Free 0.004ms
[2026-09-13T14:25:24.870-0400][253.963s][info][gc,phases   ] GC(22) y: Concurrent Reset Relocation Set 0.069ms
[2026-09-13T14:25:24.871-0400][253.964s][info][gc,reloc    ] GC(22) y: Using tenuring threshold: 4 (Computed)
[2026-09-13T14:25:24.884-0400][253.977s][info][gc,phases   ] GC(22) y: Concurrent Select Relocation Set 14.064ms
[2026-09-13T14:25:24.884-0400][253.977s][info][gc,phases   ] GC(22) y: Pause Relocate Start 0.012ms
[2026-09-13T14:25:25.053-0400][254.145s][info][gc,phases   ] GC(22) y: Concurrent Relocate 168.187ms
[2026-09-13T14:25:25.053-0400][254.145s][info][gc,alloc    ] GC(22) y:                         Mark Start        Mark End      Relocate Start    Relocate End   
[2026-09-13T14:25:25.053-0400][254.145s][info][gc,alloc    ] GC(22) y: Allocation Stalls:          0                0                0                0         
[2026-09-13T14:25:25.053-0400][254.145s][info][gc,load     ] GC(22) y: Load: 0.00 (0%) / 0.00 (0%) / 0.00 (0%)
[2026-09-13T14:25:25.053-0400][254.145s][info][gc,mmu      ] GC(22) y: MMU: 2ms/96.9%, 5ms/98.8%, 10ms/99.4%, 20ms/99.6%, 50ms/99.9%, 100ms/99.9%
[2026-09-13T14:25:25.053-0400][254.145s][info][gc,marking  ] GC(22) y: Mark: 2 stripe(s), 2 proactive flush(es), 1 terminate flush(es), 0 completion(s), 0 continuation(s) 
[2026-09-13T14:25:25.053-0400][254.145s][info][gc,nmethod  ] GC(22) y: NMethods: 21994 registered, 0 unregistered
[2026-09-13T14:25:25.053-0400][254.145s][info][gc,metaspace] GC(22) y: Metaspace: 495M used, 498M committed, 1408M reserved
[2026-09-13T14:25:25.053-0400][254.145s][info][gc,reloc    ] GC(22) y:                        Candidates     Selected     In-Place         Size        Empty    Relocated 
[2026-09-13T14:25:25.053-0400][254.145s][info][gc,reloc    ] GC(22) y: Small Pages:                 4524         2156            0        9048M        4046M         189M 
[2026-09-13T14:25:25.053-0400][254.145s][info][gc,reloc    ] GC(22) y: Medium Pages:                  23            9            0         736M         160M          45M 
[2026-09-13T14:25:25.053-0400][254.145s][info][gc,reloc    ] GC(22) y: Large Pages:                   29            0            0         282M          92M           0M 
[2026-09-13T14:25:25.053-0400][254.145s][info][gc,reloc    ] GC(22) y: Forwarding Usage: 47M
[2026-09-13T14:25:25.053-0400][254.145s][info][gc,reloc    ] GC(22) y: Age Table:
[2026-09-13T14:25:25.053-0400][254.145s][info][gc,reloc    ] GC(22) y:                    Live             Garbage             Small              Medium             Large        
[2026-09-13T14:25:25.053-0400][254.145s][info][gc,reloc    ] GC(22) y: Eden             297M (1%)         8842M (43%)       4300 / 2148          14 / 5              6 / 0        
[2026-09-13T14:25:25.053-0400][254.145s][info][gc,reloc    ] GC(22) y: Survivor 1       320M (2%)           63M (0%)         110 / 3              4 / 2              4 / 0        
[2026-09-13T14:25:25.053-0400][254.145s][info][gc,reloc    ] GC(22) y: Survivor 2       428M (2%)           33M (0%)         107 / 2              4 / 1             16 / 0        
[2026-09-13T14:25:25.053-0400][254.145s][info][gc,reloc    ] GC(22) y: Survivor 3        44M (0%)           35M (0%)           7 / 3              1 / 1              3 / 0        
[2026-09-13T14:25:25.053-0400][254.146s][info][gc,heap     ] GC(22) y: Min Capacity: 256M(1%)
[2026-09-13T14:25:25.053-0400][254.146s][info][gc,heap     ] GC(22) y: Max Capacity: 20576M(100%)
[2026-09-13T14:25:25.053-0400][254.146s][info][gc,heap     ] GC(22) y: Soft Max Capacity: 20576M(100%)
[2026-09-13T14:25:25.053-0400][254.146s][info][gc,heap     ] GC(22) y: Heap Statistics:
[2026-09-13T14:25:25.053-0400][254.146s][info][gc,heap     ] GC(22) y:                Mark Start          Mark End        Relocate Start      Relocate End           High               Low         
[2026-09-13T14:25:25.053-0400][254.146s][info][gc,heap     ] GC(22) y:  Capacity:    18482M (90%)       18482M (90%)       18482M (90%)       18482M (90%)       18482M (90%)       18482M (90%)    
[2026-09-13T14:25:25.053-0400][254.146s][info][gc,heap     ] GC(22) y:      Free:     5874M (29%)        5426M (26%)        9708M (47%)       14068M (68%)       14068M (68%)        5426M (26%)    
[2026-09-13T14:25:25.053-0400][254.146s][info][gc,heap     ] GC(22) y:      Used:    14702M (71%)       15150M (74%)       10868M (53%)        6508M (32%)       15150M (74%)        6508M (32%)    
[2026-09-13T14:25:25.053-0400][254.146s][info][gc,heap     ] GC(22) y: Young Generation Statistics:
[2026-09-13T14:25:25.053-0400][254.146s][info][gc,heap     ] GC(22) y:                Mark Start          Mark End        Relocate Start      Relocate End    
[2026-09-13T14:25:25.053-0400][254.146s][info][gc,heap     ] GC(22) y:      Used:    10066M (49%)       10514M (51%)        6232M (30%)        1872M (9%)     
[2026-09-13T14:25:25.053-0400][254.146s][info][gc,heap     ] GC(22) y:      Live:         -              1091M (5%)         1091M (5%)         1091M (5%)     
[2026-09-13T14:25:25.053-0400][254.146s][info][gc,heap     ] GC(22) y:   Garbage:         -              8974M (44%)        4676M (23%)          27M (0%)     
[2026-09-13T14:25:25.053-0400][254.146s][info][gc,heap     ] GC(22) y: Allocated:         -               448M (2%)          464M (2%)          753M (4%)     
[2026-09-13T14:25:25.053-0400][254.146s][info][gc,heap     ] GC(22) y: Reclaimed:         -                  -              4298M (21%)        8947M (43%)    
[2026-09-13T14:25:25.053-0400][254.146s][info][gc,heap     ] GC(22) y:  Promoted:         -                  -                 0M (0%)            0M (0%)     
[2026-09-13T14:25:25.053-0400][254.146s][info][gc,heap     ] GC(22) y: Compacted:         -                  -                  -               298M (1%)     
[2026-09-13T14:25:25.053-0400][254.146s][info][gc,phases   ] GC(22) y: Young Generation 14702M(71%)->6508M(32%) 0.653s
[2026-09-13T14:25:25.053-0400][254.146s][info][gc          ] GC(22) Minor Collection (Allocation Rate) 14702M(71%)->6508M(32%) 0.653s
[2026-09-13T14:25:27.840-0400][256.932s][info][gc          ] GC(23) Minor Collection (Allocation Rate)
[2026-09-13T14:25:27.840-0400][256.932s][info][gc,task     ] GC(23) Using 1 Workers for Young Generation
[2026-09-13T14:25:27.840-0400][256.932s][info][gc,phases   ] GC(23) y: Young Generation
[2026-09-13T14:25:27.840-0400][256.932s][info][gc,phases   ] GC(23) y: Pause Mark Start 0.014ms
[2026-09-13T14:25:28.787-0400][257.879s][info][gc,phases   ] GC(23) y: Concurrent Mark 946.982ms
[2026-09-13T14:25:28.787-0400][257.879s][info][gc,phases   ] GC(23) y: Pause Mark End 0.024ms
[2026-09-13T14:25:28.787-0400][257.879s][info][gc,phases   ] GC(23) y: Concurrent Mark Free 0.005ms
[2026-09-13T14:25:28.787-0400][257.879s][info][gc,phases   ] GC(23) y: Concurrent Reset Relocation Set 0.135ms
[2026-09-13T14:25:28.788-0400][257.880s][info][gc,reloc    ] GC(23) y: Using tenuring threshold: 3 (Computed)
[2026-09-13T14:25:28.864-0400][257.955s][info][gc,phases   ] GC(23) y: Concurrent Select Relocation Set 75.868ms
[2026-09-13T14:25:28.864-0400][257.956s][info][gc,phases   ] GC(23) y: Pause Relocate Start 0.018ms
[2026-09-13T14:25:29.131-0400][258.223s][info][gc,phases   ] GC(23) y: Concurrent Relocate 267.712ms
[2026-09-13T14:25:29.131-0400][258.223s][info][gc,alloc    ] GC(23) y:                         Mark Start        Mark End      Relocate Start    Relocate End   
[2026-09-13T14:25:29.131-0400][258.223s][info][gc,alloc    ] GC(23) y: Allocation Stalls:          0                0                0                0         
[2026-09-13T14:25:29.131-0400][258.223s][info][gc,load     ] GC(23) y: Load: 0.00 (0%) / 0.00 (0%) / 0.00 (0%)
[2026-09-13T14:25:29.131-0400][258.223s][info][gc,mmu      ] GC(23) y: MMU: 2ms/96.9%, 5ms/98.8%, 10ms/99.4%, 20ms/99.6%, 50ms/99.9%, 100ms/99.9%
[2026-09-13T14:25:29.131-0400][258.223s][info][gc,marking  ] GC(23) y: Mark: 1 stripe(s), 2 proactive flush(es), 1 terminate flush(es), 0 completion(s), 0 continuation(s) 
[2026-09-13T14:25:29.131-0400][258.223s][info][gc,nmethod  ] GC(23) y: NMethods: 22338 registered, 0 unregistered
[2026-09-13T14:25:29.131-0400][258.223s][info][gc,metaspace] GC(23) y: Metaspace: 496M used, 499M committed, 1408M reserved
[2026-09-13T14:25:29.131-0400][258.224s][info][gc,reloc    ] GC(23) y:                        Candidates     Selected     In-Place         Size        Empty    Relocated 
[2026-09-13T14:25:29.131-0400][258.224s][info][gc,reloc    ] GC(23) y: Small Pages:                 1152          703            0        2304M         142M          76M 
[2026-09-13T14:25:29.131-0400][258.224s][info][gc,reloc    ] GC(23) y: Medium Pages:                  13            4            0         416M           0M          26M 
[2026-09-13T14:25:29.131-0400][258.224s][info][gc,reloc    ] GC(23) y: Large Pages:                   23            0            0         190M           0M           0M 
[2026-09-13T14:25:29.131-0400][258.224s][info][gc,reloc    ] GC(23) y: Forwarding Usage: 41M
[2026-09-13T14:25:29.131-0400][258.224s][info][gc,reloc    ] GC(23) y: Age Table:
[2026-09-13T14:25:29.131-0400][258.224s][info][gc,reloc    ] GC(23) y:                    Live             Garbage             Small              Medium             Large        
[2026-09-13T14:25:29.131-0400][258.224s][info][gc,reloc    ] GC(23) y: Eden              93M (0%)         1556M (8%)         809 / 689            1 / 1              0 / 0        
[2026-09-13T14:25:29.131-0400][258.224s][info][gc,reloc    ] GC(23) y: Survivor 1       280M (1%)           91M (0%)         122 / 10             4 / 1              0 / 0        
[2026-09-13T14:25:29.131-0400][258.224s][info][gc,reloc    ] GC(23) y: Survivor 2       320M (2%)           27M (0%)         108 / 2              3 / 0              4 / 0        
[2026-09-13T14:25:29.131-0400][258.224s][info][gc,reloc    ] GC(23) y: Survivor 3       428M (2%)           33M (0%)         107 / 0              4 / 1             16 / 0        
[2026-09-13T14:25:29.131-0400][258.224s][info][gc,reloc    ] GC(23) y: Survivor 4        44M (0%)           33M (0%)           6 / 2              1 / 1              3 / 0        
[2026-09-13T14:25:29.131-0400][258.224s][info][gc,heap     ] GC(23) y: Min Capacity: 256M(1%)
[2026-09-13T14:25:29.131-0400][258.224s][info][gc,heap     ] GC(23) y: Max Capacity: 20576M(100%)
[2026-09-13T14:25:29.131-0400][258.224s][info][gc,heap     ] GC(23) y: Soft Max Capacity: 20576M(100%)
[2026-09-13T14:25:29.131-0400][258.224s][info][gc,heap     ] GC(23) y: Heap Statistics:
[2026-09-13T14:25:29.131-0400][258.224s][info][gc,heap     ] GC(23) y:                Mark Start          Mark End        Relocate Start      Relocate End           High               Low         
[2026-09-13T14:25:29.131-0400][258.224s][info][gc,heap     ] GC(23) y:  Capacity:    18482M (90%)       18482M (90%)       18482M (90%)       18482M (90%)       18482M (90%)       18482M (90%)    
[2026-09-13T14:25:29.131-0400][258.224s][info][gc,heap     ] GC(23) y:      Free:    13030M (63%)       12624M (61%)       12694M (62%)       13952M (68%)       14030M (68%)       12624M (61%)    
[2026-09-13T14:25:29.131-0400][258.224s][info][gc,heap     ] GC(23) y:      Used:     7546M (37%)        7952M (39%)        7882M (38%)        6624M (32%)        7952M (39%)        6546M (32%)    
[2026-09-13T14:25:29.131-0400][258.224s][info][gc,heap     ] GC(23) y: Young Generation Statistics:
[2026-09-13T14:25:29.131-0400][258.224s][info][gc,heap     ] GC(23) y:                Mark Start          Mark End        Relocate Start      Relocate End    
[2026-09-13T14:25:29.131-0400][258.224s][info][gc,heap     ] GC(23) y:      Used:     2910M (14%)        3316M (16%)        2780M (14%)        1488M (7%)     
[2026-09-13T14:25:29.131-0400][258.224s][info][gc,heap     ] GC(23) y:      Live:         -              1167M (6%)          709M (3%)          694M (3%)     
[2026-09-13T14:25:29.131-0400][258.224s][info][gc,heap     ] GC(23) y:   Garbage:         -              1742M (8%)         1592M (8%)           39M (0%)     
[2026-09-13T14:25:29.131-0400][258.224s][info][gc,heap     ] GC(23) y: Allocated:         -               406M (2%)          478M (2%)          753M (4%)     
[2026-09-13T14:25:29.131-0400][258.224s][info][gc,heap     ] GC(23) y: Reclaimed:         -                  -               150M (1%)         1703M (8%)     
[2026-09-13T14:25:29.131-0400][258.224s][info][gc,heap     ] GC(23) y:  Promoted:         -                  -               457M (2%)          472M (2%)     
[2026-09-13T14:25:29.131-0400][258.224s][info][gc,heap     ] GC(23) y: Compacted:         -                  -                  -               112M (1%)     
[2026-09-13T14:25:29.131-0400][258.224s][info][gc,phases   ] GC(23) y: Young Generation 7546M(37%)->6624M(32%) 1.291s
[2026-09-13T14:25:29.131-0400][258.224s][info][gc          ] GC(23) Minor Collection (Allocation Rate) 7544M(37%)->6624M(32%) 1.292s
[2026-09-13T14:25:41.492-0400][270.585s][info][gc          ] GC(24) Major Collection (CodeCache GC Threshold)
[2026-09-13T14:25:41.492-0400][270.585s][info][gc,task     ] GC(24) Using 1 Workers for Young Generation
[2026-09-13T14:25:41.492-0400][270.585s][info][gc,task     ] GC(24) Using 1 Workers for Old Generation
[2026-09-13T14:25:41.492-0400][270.585s][info][gc,phases   ] GC(24) Y: Young Generation
[2026-09-13T14:25:41.492-0400][270.585s][info][gc,phases   ] GC(24) Y: Pause Mark Start (Major) 0.013ms
[2026-09-13T14:25:43.278-0400][272.371s][info][gc,phases   ] GC(24) Y: Concurrent Mark 1785.944ms
[2026-09-13T14:25:43.278-0400][272.371s][info][gc,phases   ] GC(24) Y: Pause Mark End 0.022ms
[2026-09-13T14:25:43.278-0400][272.371s][info][gc,phases   ] GC(24) Y: Concurrent Mark Free 0.004ms
[2026-09-13T14:25:43.279-0400][272.372s][info][gc,phases   ] GC(24) Y: Concurrent Reset Relocation Set 0.790ms
[2026-09-13T14:25:43.280-0400][272.373s][info][gc,reloc    ] GC(24) Y: Using tenuring threshold: 1 (Computed)
[2026-09-13T14:25:43.450-0400][272.543s][info][gc,phases   ] GC(24) Y: Concurrent Select Relocation Set 170.863ms
[2026-09-13T14:25:43.450-0400][272.543s][info][gc,phases   ] GC(24) Y: Pause Relocate Start 0.009ms
[2026-09-13T14:25:44.342-0400][273.434s][info][gc,phases   ] GC(24) Y: Concurrent Relocate 891.450ms
[2026-09-13T14:25:44.342-0400][273.434s][info][gc,alloc    ] GC(24) Y:                         Mark Start        Mark End      Relocate Start    Relocate End   
[2026-09-13T14:25:44.342-0400][273.434s][info][gc,alloc    ] GC(24) Y: Allocation Stalls:          0                0                0                0         
[2026-09-13T14:25:44.342-0400][273.434s][info][gc,load     ] GC(24) Y: Load: 0.00 (0%) / 0.00 (0%) / 0.00 (0%)
[2026-09-13T14:25:44.342-0400][273.434s][info][gc,mmu      ] GC(24) Y: MMU: 2ms/96.9%, 5ms/98.8%, 10ms/99.4%, 20ms/99.6%, 50ms/99.9%, 100ms/99.9%
[2026-09-13T14:25:44.342-0400][273.434s][info][gc,marking  ] GC(24) Y: Mark: 1 stripe(s), 2 proactive flush(es), 1 terminate flush(es), 0 completion(s), 0 continuation(s) 
[2026-09-13T14:25:44.342-0400][273.434s][info][gc,nmethod  ] GC(24) Y: NMethods: 26585 registered, 0 unregistered
[2026-09-13T14:25:44.342-0400][273.434s][info][gc,metaspace] GC(24) Y: Metaspace: 515M used, 518M committed, 1472M reserved
[2026-09-13T14:25:44.342-0400][273.434s][info][gc,reloc    ] GC(24) Y:                        Candidates     Selected     In-Place         Size        Empty    Relocated 
[2026-09-13T14:25:44.342-0400][273.434s][info][gc,reloc    ] GC(24) Y: Small Pages:                 5097         4206            0       10194M         762M         358M 
[2026-09-13T14:25:44.342-0400][273.434s][info][gc,reloc    ] GC(24) Y: Medium Pages:                  15            2            0         480M           0M          16M 
[2026-09-13T14:25:44.342-0400][273.434s][info][gc,reloc    ] GC(24) Y: Large Pages:                    6            0            0          72M          36M           0M 
[2026-09-13T14:25:44.342-0400][273.434s][info][gc,reloc    ] GC(24) Y: Forwarding Usage: 145M
[2026-09-13T14:25:44.342-0400][273.434s][info][gc,reloc    ] GC(24) Y: Age Table:
[2026-09-13T14:25:44.342-0400][273.434s][info][gc,reloc    ] GC(24) Y:                    Live             Garbage             Small              Medium             Large        
[2026-09-13T14:25:44.342-0400][273.434s][info][gc,reloc    ] GC(24) Y: Eden             646M (3%)         9309M (45%)       4832 / 4203           8 / 1              2 / 0        
[2026-09-13T14:25:44.342-0400][273.434s][info][gc,reloc    ] GC(24) Y: Survivor 1        91M (0%)           34M (0%)          47 / 1              1 / 0              0 / 0        
[2026-09-13T14:25:44.342-0400][273.434s][info][gc,reloc    ] GC(24) Y: Survivor 2       275M (1%)           42M (0%)         111 / 1              3 / 1              0 / 0        
[2026-09-13T14:25:44.342-0400][273.435s][info][gc,reloc    ] GC(24) Y: Survivor 3       320M (2%)           25M (0%)         107 / 1              3 / 0              4 / 0        
[2026-09-13T14:25:44.342-0400][273.435s][info][gc,heap     ] GC(24) Y: Min Capacity: 256M(1%)
[2026-09-13T14:25:44.342-0400][273.435s][info][gc,heap     ] GC(24) Y: Max Capacity: 20576M(100%)
[2026-09-13T14:25:44.342-0400][273.435s][info][gc,heap     ] GC(24) Y: Soft Max Capacity: 20576M(100%)
[2026-09-13T14:25:44.342-0400][273.435s][info][gc,heap     ] GC(24) Y: Heap Statistics:
[2026-09-13T14:25:44.342-0400][273.435s][info][gc,heap     ] GC(24) Y:                Mark Start          Mark End        Relocate Start      Relocate End           High               Low         
[2026-09-13T14:25:44.342-0400][273.435s][info][gc,heap     ] GC(24) Y:  Capacity:    18482M (90%)       18482M (90%)       18482M (90%)       18482M (90%)       18482M (90%)       18482M (90%)    
[2026-09-13T14:25:44.342-0400][273.435s][info][gc,heap     ] GC(24) Y:      Free:     4694M (23%)        3388M (16%)        4044M (20%)       11522M (56%)       11724M (57%)        3388M (16%)    
[2026-09-13T14:25:44.342-0400][273.435s][info][gc,heap     ] GC(24) Y:      Used:    15882M (77%)       17188M (84%)       16532M (80%)        9054M (44%)       17188M (84%)        8852M (43%)    
[2026-09-13T14:25:44.342-0400][273.435s][info][gc,heap     ] GC(24) Y: Young Generation Statistics:
[2026-09-13T14:25:44.343-0400][273.435s][info][gc,heap     ] GC(24) Y:                Mark Start          Mark End        Relocate Start      Relocate End    
[2026-09-13T14:25:44.343-0400][273.435s][info][gc,heap     ] GC(24) Y:      Used:    10746M (52%)       12052M (59%)       10676M (52%)        3128M (15%)    
[2026-09-13T14:25:44.343-0400][273.435s][info][gc,heap     ] GC(24) Y:      Live:         -              1333M (6%)          660M (3%)          646M (3%)     
[2026-09-13T14:25:44.343-0400][273.435s][info][gc,heap     ] GC(24) Y:   Garbage:         -              9412M (46%)        8567M (42%)          16M (0%)     
[2026-09-13T14:25:44.343-0400][273.435s][info][gc,heap     ] GC(24) Y: Allocated:         -              1306M (6%)         1448M (7%)         2464M (12%)    
[2026-09-13T14:25:44.343-0400][273.435s][info][gc,heap     ] GC(24) Y: Reclaimed:         -                  -               844M (4%)         9396M (46%)    
[2026-09-13T14:25:44.343-0400][273.435s][info][gc,heap     ] GC(24) Y:  Promoted:         -                  -               673M (3%)          686M (3%)     
[2026-09-13T14:25:44.343-0400][273.435s][info][gc,heap     ] GC(24) Y: Compacted:         -                  -                  -               427M (2%)     
[2026-09-13T14:25:44.343-0400][273.435s][info][gc,phases   ] GC(24) Y: Young Generation 15882M(77%)->9054M(44%) 2.850s
[2026-09-13T14:25:44.343-0400][273.435s][info][gc,phases   ] GC(24) O: Old Generation
[2026-09-13T14:25:44.865-0400][273.957s][info][gc          ] GC(25) Minor Collection (Allocation Rate)
[2026-09-13T14:25:44.865-0400][273.957s][info][gc,task     ] GC(25) Using 1 Workers for Young Generation
[2026-09-13T14:25:44.865-0400][273.957s][info][gc,phases   ] GC(25) y: Young Generation
[2026-09-13T14:25:44.865-0400][273.957s][info][gc,phases   ] GC(25) y: Pause Mark Start 0.010ms
[2026-09-13T14:25:46.694-0400][275.786s][info][gc,phases   ] GC(25) y: Concurrent Mark 1829.404ms
[2026-09-13T14:25:46.694-0400][275.786s][info][gc,phases   ] GC(25) y: Pause Mark End 0.021ms
[2026-09-13T14:25:46.694-0400][275.786s][info][gc,phases   ] GC(25) y: Concurrent Mark Free 0.005ms
[2026-09-13T14:25:46.698-0400][275.789s][info][gc,phases   ] GC(25) y: Concurrent Reset Relocation Set 2.920ms
[2026-09-13T14:25:46.698-0400][275.790s][info][gc,reloc    ] GC(25) y: Using tenuring threshold: 1 (Computed)
[2026-09-13T14:25:46.870-0400][275.963s][info][gc,phases   ] GC(25) y: Concurrent Select Relocation Set 173.178ms
[2026-09-13T14:25:46.871-0400][275.963s][info][gc,phases   ] GC(25) y: Pause Relocate Start 0.011ms
[2026-09-13T14:25:47.517-0400][276.610s][info][gc,phases   ] GC(25) y: Concurrent Relocate 647.155ms
[2026-09-13T14:25:47.517-0400][276.610s][info][gc,alloc    ] GC(25) y:                         Mark Start        Mark End      Relocate Start    Relocate End   
[2026-09-13T14:25:47.517-0400][276.610s][info][gc,alloc    ] GC(25) y: Allocation Stalls:          0                0                0                0         
[2026-09-13T14:25:47.517-0400][276.610s][info][gc,load     ] GC(25) y: Load: 0.00 (0%) / 0.00 (0%) / 0.00 (0%)
[2026-09-13T14:25:47.517-0400][276.610s][info][gc,mmu      ] GC(25) y: MMU: 2ms/96.9%, 5ms/98.8%, 10ms/99.4%, 20ms/99.6%, 50ms/99.9%, 100ms/99.9%
[2026-09-13T14:25:47.517-0400][276.610s][info][gc,marking  ] GC(25) y: Mark: 1 stripe(s), 2 proactive flush(es), 1 terminate flush(es), 0 completion(s), 0 continuation(s) 
[2026-09-13T14:25:47.517-0400][276.610s][info][gc,nmethod  ] GC(25) y: NMethods: 27371 registered, 0 unregistered
[2026-09-13T14:25:47.517-0400][276.610s][info][gc,metaspace] GC(25) y: Metaspace: 520M used, 523M committed, 1472M reserved
[2026-09-13T14:25:47.517-0400][276.610s][info][gc,reloc    ] GC(25) y:                        Candidates     Selected     In-Place         Size        Empty    Relocated 
[2026-09-13T14:25:47.517-0400][276.610s][info][gc,reloc    ] GC(25) y: Small Pages:                 1736         1224            0        3472M         338M         168M 
[2026-09-13T14:25:47.517-0400][276.610s][info][gc,reloc    ] GC(25) y: Medium Pages:                  10            2            0         320M           0M           7M 
[2026-09-13T14:25:47.517-0400][276.610s][info][gc,reloc    ] GC(25) y: Large Pages:                    0            0            0           0M           0M           0M 
[2026-09-13T14:25:47.517-0400][276.610s][info][gc,reloc    ] GC(25) y: Forwarding Usage: 82M
[2026-09-13T14:25:47.517-0400][276.610s][info][gc,reloc    ] GC(25) y: Age Table:
[2026-09-13T14:25:47.517-0400][276.610s][info][gc,reloc    ] GC(25) y:                    Live             Garbage             Small              Medium             Large        
[2026-09-13T14:25:47.518-0400][276.610s][info][gc,reloc    ] GC(25) y: Eden             221M (1%)         2834M (14%)       1512 / 1221           1 / 1              0 / 0        
[2026-09-13T14:25:47.518-0400][276.610s][info][gc,reloc    ] GC(25) y: Survivor 1       642M (3%)           93M (0%)         224 / 3              9 / 1              0 / 0        
[2026-09-13T14:25:47.518-0400][276.610s][info][gc,heap     ] GC(25) y: Min Capacity: 256M(1%)
[2026-09-13T14:25:47.518-0400][276.610s][info][gc,heap     ] GC(25) y: Max Capacity: 20576M(100%)
[2026-09-13T14:25:47.518-0400][276.610s][info][gc,heap     ] GC(25) y: Soft Max Capacity: 20576M(100%)
[2026-09-13T14:25:47.518-0400][276.610s][info][gc,heap     ] GC(25) y: Heap Statistics:
[2026-09-13T14:25:47.518-0400][276.610s][info][gc,heap     ] GC(25) y:                Mark Start          Mark End        Relocate Start      Relocate End           High               Low         
[2026-09-13T14:25:47.518-0400][276.610s][info][gc,heap     ] GC(25) y:  Capacity:    18482M (90%)       18482M (90%)       18482M (90%)       18482M (90%)       18482M (90%)       18482M (90%)    
[2026-09-13T14:25:47.518-0400][276.610s][info][gc,heap     ] GC(25) y:      Free:    10858M (53%)        9214M (45%)        9434M (46%)       11262M (55%)       11536M (56%)        9212M (45%)    
[2026-09-13T14:25:47.518-0400][276.610s][info][gc,heap     ] GC(25) y:      Used:     9718M (47%)       11362M (55%)       11142M (54%)        9314M (45%)       11364M (55%)        9040M (44%)    
[2026-09-13T14:25:47.518-0400][276.610s][info][gc,heap     ] GC(25) y: Young Generation Statistics:
[2026-09-13T14:25:47.518-0400][276.610s][info][gc,heap     ] GC(25) y:                Mark Start          Mark End        Relocate Start      Relocate End    
[2026-09-13T14:25:47.518-0400][276.610s][info][gc,heap     ] GC(25) y:      Used:     3792M (18%)        5436M (26%)        4560M (22%)        2688M (13%)    
[2026-09-13T14:25:47.518-0400][276.610s][info][gc,heap     ] GC(25) y:      Live:         -               864M (4%)          230M (1%)          221M (1%)     
[2026-09-13T14:25:47.518-0400][276.610s][info][gc,heap     ] GC(25) y:   Garbage:         -              2927M (14%)        2567M (12%)           0M (0%)     
[2026-09-13T14:25:47.518-0400][276.610s][info][gc,heap     ] GC(25) y: Allocated:         -              1644M (8%)         1762M (9%)         2466M (12%)    
[2026-09-13T14:25:47.518-0400][276.610s][info][gc,heap     ] GC(25) y: Reclaimed:         -                  -               359M (2%)         2927M (14%)    
[2026-09-13T14:25:47.518-0400][276.610s][info][gc,heap     ] GC(25) y:  Promoted:         -                  -               634M (3%)          642M (3%)     
[2026-09-13T14:25:47.518-0400][276.610s][info][gc,heap     ] GC(25) y: Compacted:         -                  -                  -               221M (1%)     
[2026-09-13T14:25:47.518-0400][276.610s][info][gc,phases   ] GC(25) y: Young Generation 9718M(47%)->9314M(45%) 2.653s
[2026-09-13T14:25:47.518-0400][276.610s][info][gc          ] GC(25) Minor Collection (Allocation Rate) 9718M(47%)->9316M(45%) 2.654s
[2026-09-13T14:25:50.143-0400][279.235s][info][gc,phases   ] GC(24) O: Concurrent Mark 5800.427ms
[2026-09-13T14:25:50.143-0400][279.235s][info][gc,phases   ] GC(24) O: Pause Mark End 0.039ms
[2026-09-13T14:25:50.143-0400][279.235s][info][gc,phases   ] GC(24) O: Concurrent Mark Free 0.009ms
[2026-09-13T14:25:50.252-0400][279.344s][info][gc,phases   ] GC(24) O: Concurrent Process Non-Strong 108.809ms
[2026-09-13T14:25:50.252-0400][279.344s][info][gc,phases   ] GC(24) O: Concurrent Reset Relocation Set 0.006ms
[2026-09-13T14:25:50.271-0400][279.363s][info][gc,phases   ] GC(24) O: Concurrent Select Relocation Set 18.347ms
[2026-09-13T14:25:50.271-0400][279.363s][info][gc,task     ] GC(24) O: Using 2 Workers for Old Generation
[2026-09-13T14:25:50.307-0400][279.399s][info][gc,task     ] GC(24) O: Using 1 Workers for Old Generation
[2026-09-13T14:25:50.307-0400][279.399s][info][gc,phases   ] GC(24) O: Concurrent Remap Roots 35.825ms
[2026-09-13T14:25:50.307-0400][279.399s][info][gc,phases   ] GC(24) O: Pause Relocate Start 0.013ms
[2026-09-13T14:25:50.541-0400][279.633s][info][gc,phases   ] GC(24) O: Concurrent Relocate 234.422ms
[2026-09-13T14:25:50.541-0400][279.633s][info][gc,alloc    ] GC(24) O:                         Mark Start        Mark End      Relocate Start    Relocate End   
[2026-09-13T14:25:50.541-0400][279.633s][info][gc,alloc    ] GC(24) O: Allocation Stalls:          0                0                0                0         
[2026-09-13T14:25:50.541-0400][279.633s][info][gc,load     ] GC(24) O: Load: 0.00 (0%) / 0.00 (0%) / 0.00 (0%)
[2026-09-13T14:25:50.541-0400][279.633s][info][gc,mmu      ] GC(24) O: MMU: 2ms/96.9%, 5ms/98.8%, 10ms/99.4%, 20ms/99.6%, 50ms/99.9%, 100ms/99.9%
[2026-09-13T14:25:50.541-0400][279.633s][info][gc,marking  ] GC(24) O: Mark: 1 stripe(s), 2 proactive flush(es), 1 terminate flush(es), 0 completion(s), 0 continuation(s) 
[2026-09-13T14:25:50.541-0400][279.633s][info][gc,nmethod  ] GC(24) O: NMethods: 22304 registered, 5813 unregistered
[2026-09-13T14:25:50.541-0400][279.633s][info][gc,metaspace] GC(24) O: Metaspace: 524M used, 527M committed, 1472M reserved
[2026-09-13T14:25:50.541-0400][279.633s][info][gc,ref      ] GC(24) O:                       Encountered   Discovered     Enqueued 
[2026-09-13T14:25:50.541-0400][279.633s][info][gc,ref      ] GC(24) O: Soft References:            40516            0            0 
[2026-09-13T14:25:50.541-0400][279.633s][info][gc,ref      ] GC(24) O: Weak References:           292993        29072         2348 
[2026-09-13T14:25:50.541-0400][279.633s][info][gc,ref      ] GC(24) O: Final References:            6257           15            1 
[2026-09-13T14:25:50.541-0400][279.633s][info][gc,ref      ] GC(24) O: Phantom References:         70202        40868        36224 
[2026-09-13T14:25:50.541-0400][279.633s][info][gc,reloc    ] GC(24) O:                        Candidates     Selected     In-Place         Size        Empty    Relocated 
[2026-09-13T14:25:50.542-0400][279.633s][info][gc,reloc    ] GC(24) O: Small Pages:                 1460           58            0        2920M           6M          27M 
[2026-09-13T14:25:50.542-0400][279.633s][info][gc,reloc    ] GC(24) O: Medium Pages:                  62            5            0        1984M          32M          60M 
[2026-09-13T14:25:50.542-0400][279.633s][info][gc,reloc    ] GC(24) O: Large Pages:                   28            0            0         232M          44M           0M 
[2026-09-13T14:25:50.542-0400][279.633s][info][gc,reloc    ] GC(24) O: Forwarding Usage: 60M
[2026-09-13T14:25:50.542-0400][279.633s][info][gc,heap     ] GC(24) O: Min Capacity: 256M(1%)
[2026-09-13T14:25:50.542-0400][279.633s][info][gc,heap     ] GC(24) O: Max Capacity: 20576M(100%)
[2026-09-13T14:25:50.542-0400][279.633s][info][gc,heap     ] GC(24) O: Soft Max Capacity: 20576M(100%)
[2026-09-13T14:25:50.542-0400][279.633s][info][gc,heap     ] GC(24) O: Heap Statistics:
[2026-09-13T14:25:50.542-0400][279.633s][info][gc,heap     ] GC(24) O:                Mark Start          Mark End        Relocate Start      Relocate End           High               Low         
[2026-09-13T14:25:50.542-0400][279.633s][info][gc,heap     ] GC(24) O:  Capacity:    18482M (90%)       18482M (90%)       18482M (90%)       18482M (90%)       18482M (90%)       18482M (90%)    
[2026-09-13T14:25:50.542-0400][279.633s][info][gc,heap     ] GC(24) O:      Free:     4694M (23%)        9024M (44%)        8960M (44%)        9086M (44%)       11724M (57%)        3388M (16%)    
[2026-09-13T14:25:50.542-0400][279.634s][info][gc,heap     ] GC(24) O:      Used:    15882M (77%)       11552M (56%)       11616M (56%)       11490M (56%)       17188M (84%)        8852M (43%)    
[2026-09-13T14:25:50.542-0400][279.634s][info][gc,heap     ] GC(24) O: Old Generation Statistics:
[2026-09-13T14:25:50.542-0400][279.634s][info][gc,heap     ] GC(24) O:                Mark Start          Mark End        Relocate Start      Relocate End    
[2026-09-13T14:25:50.542-0400][279.634s][info][gc,heap     ] GC(24) O:      Used:     5136M (25%)        6626M (32%)        6544M (32%)        6260M (30%)    
[2026-09-13T14:25:50.542-0400][279.634s][info][gc,heap     ] GC(24) O:      Live:         -              4598M (22%)        4598M (22%)        4598M (22%)    
[2026-09-13T14:25:50.542-0400][279.634s][info][gc,heap     ] GC(24) O:   Garbage:         -               537M (3%)          455M (2%)          133M (1%)     
[2026-09-13T14:25:50.542-0400][279.634s][info][gc,heap     ] GC(24) O: Allocated:         -              1490M (7%)         1490M (7%)         1528M (7%)     
[2026-09-13T14:25:50.542-0400][279.634s][info][gc,heap     ] GC(24) O: Reclaimed:         -                  -                82M (0%)          404M (2%)     
[2026-09-13T14:25:50.542-0400][279.634s][info][gc,heap     ] GC(24) O: Compacted:         -                  -                  -               277M (1%)     
[2026-09-13T14:25:50.542-0400][279.634s][info][gc,phases   ] GC(24) O: Old Generation 9054M(44%)->11490M(56%) 6.198s
[2026-09-13T14:25:50.542-0400][279.634s][info][gc          ] GC(24) Major Collection (CodeCache GC Threshold) 15882M(77%)->11490M(56%) 9.049s
[2026-09-13T14:25:52.366-0400][281.458s][info][gc          ] GC(26) Minor Collection (Allocation Rate)
[2026-09-13T14:25:52.366-0400][281.458s][info][gc,task     ] GC(26) Using 1 Workers for Young Generation
[2026-09-13T14:25:52.366-0400][281.458s][info][gc,phases   ] GC(26) y: Young Generation
[2026-09-13T14:25:52.366-0400][281.458s][info][gc,phases   ] GC(26) y: Pause Mark Start 0.014ms
[2026-09-13T14:25:53.909-0400][283.001s][info][gc,phases   ] GC(26) y: Concurrent Mark 1543.239ms
[2026-09-13T14:25:53.909-0400][283.001s][info][gc,phases   ] GC(26) y: Pause Mark End 0.021ms
[2026-09-13T14:25:53.909-0400][283.001s][info][gc,phases   ] GC(26) y: Concurrent Mark Free 0.007ms
[2026-09-13T14:25:53.912-0400][283.004s][info][gc,phases   ] GC(26) y: Concurrent Reset Relocation Set 2.681ms
[2026-09-13T14:25:53.913-0400][283.005s][info][gc,reloc    ] GC(26) y: Using tenuring threshold: 1 (Computed)
[2026-09-13T14:25:54.024-0400][283.116s][info][gc,phases   ] GC(26) y: Concurrent Select Relocation Set 112.097ms
[2026-09-13T14:25:54.024-0400][283.116s][info][gc,phases   ] GC(26) y: Pause Relocate Start 0.010ms
[2026-09-13T14:25:54.450-0400][283.542s][info][gc,phases   ] GC(26) y: Concurrent Relocate 426.043ms
[2026-09-13T14:25:54.450-0400][283.542s][info][gc,alloc    ] GC(26) y:                         Mark Start        Mark End      Relocate Start    Relocate End   
[2026-09-13T14:25:54.450-0400][283.542s][info][gc,alloc    ] GC(26) y: Allocation Stalls:          0                0                0                0         
[2026-09-13T14:25:54.450-0400][283.542s][info][gc,load     ] GC(26) y: Load: 0.00 (0%) / 0.00 (0%) / 0.00 (0%)
[2026-09-13T14:25:54.450-0400][283.542s][info][gc,mmu      ] GC(26) y: MMU: 2ms/96.9%, 5ms/98.8%, 10ms/99.4%, 20ms/99.6%, 50ms/99.9%, 100ms/99.9%
[2026-09-13T14:25:54.450-0400][283.542s][info][gc,marking  ] GC(26) y: Mark: 1 stripe(s), 2 proactive flush(es), 1 terminate flush(es), 0 completion(s), 0 continuation(s) 
[2026-09-13T14:25:54.450-0400][283.542s][info][gc,nmethod  ] GC(26) y: NMethods: 22724 registered, 5813 unregistered
[2026-09-13T14:25:54.450-0400][283.542s][info][gc,metaspace] GC(26) y: Metaspace: 532M used, 535M committed, 1472M reserved
[2026-09-13T14:25:54.450-0400][283.543s][info][gc,reloc    ] GC(26) y:                        Candidates     Selected     In-Place         Size        Empty    Relocated 
[2026-09-13T14:25:54.450-0400][283.543s][info][gc,reloc    ] GC(26) y: Small Pages:                 3074         2576            0        6148M         628M         113M 
[2026-09-13T14:25:54.450-0400][283.543s][info][gc,reloc    ] GC(26) y: Medium Pages:                   3            2            0          96M           0M           5M 
[2026-09-13T14:25:54.450-0400][283.543s][info][gc,reloc    ] GC(26) y: Large Pages:                   61            0            0         392M         392M           0M 
[2026-09-13T14:25:54.450-0400][283.543s][info][gc,reloc    ] GC(26) y: Forwarding Usage: 45M
[2026-09-13T14:25:54.450-0400][283.543s][info][gc,reloc    ] GC(26) y: Age Table:
[2026-09-13T14:25:54.450-0400][283.543s][info][gc,reloc    ] GC(26) y:                    Live             Garbage             Small              Medium             Large        
[2026-09-13T14:25:54.450-0400][283.543s][info][gc,reloc    ] GC(26) y: Eden             132M (1%)         6215M (30%)       2962 / 2573           1 / 1             61 / 0        
[2026-09-13T14:25:54.450-0400][283.543s][info][gc,reloc    ] GC(26) y: Survivor 1       219M (1%)           68M (0%)         112 / 3              2 / 1              0 / 0        
[2026-09-13T14:25:54.450-0400][283.543s][info][gc,heap     ] GC(26) y: Min Capacity: 256M(1%)
[2026-09-13T14:25:54.450-0400][283.543s][info][gc,heap     ] GC(26) y: Max Capacity: 20576M(100%)
[2026-09-13T14:25:54.450-0400][283.543s][info][gc,heap     ] GC(26) y: Soft Max Capacity: 20576M(100%)
[2026-09-13T14:25:54.450-0400][283.543s][info][gc,heap     ] GC(26) y: Heap Statistics:
[2026-09-13T14:25:54.450-0400][283.543s][info][gc,heap     ] GC(26) y:                Mark Start          Mark End        Relocate Start      Relocate End           High               Low         
[2026-09-13T14:25:54.450-0400][283.543s][info][gc,heap     ] GC(26) y:  Capacity:    18482M (90%)       18482M (90%)       18482M (90%)       18482M (90%)       18482M (90%)       18482M (90%)    
[2026-09-13T14:25:54.450-0400][283.543s][info][gc,heap     ] GC(26) y:      Free:     7680M (37%)        4866M (24%)        5666M (28%)       10456M (51%)       10560M (51%)        4860M (24%)    
[2026-09-13T14:25:54.450-0400][283.543s][info][gc,heap     ] GC(26) y:      Used:    12896M (63%)       15710M (76%)       14910M (72%)       10120M (49%)       15716M (76%)       10016M (49%)    
[2026-09-13T14:25:54.450-0400][283.543s][info][gc,heap     ] GC(26) y: Young Generation Statistics:
[2026-09-13T14:25:54.450-0400][283.543s][info][gc,heap     ] GC(26) y:                Mark Start          Mark End        Relocate Start      Relocate End    
[2026-09-13T14:25:54.450-0400][283.543s][info][gc,heap     ] GC(26) y:      Used:     6636M (32%)        9450M (46%)        8432M (41%)        3606M (18%)    
[2026-09-13T14:25:54.450-0400][283.543s][info][gc,heap     ] GC(26) y:      Live:         -               352M (2%)          137M (1%)          132M (1%)     
[2026-09-13T14:25:54.450-0400][283.543s][info][gc,heap     ] GC(26) y:   Garbage:         -              6283M (31%)        5260M (26%)           0M (0%)     
[2026-09-13T14:25:54.450-0400][283.543s][info][gc,heap     ] GC(26) y: Allocated:         -              2814M (14%)        3034M (15%)        3472M (17%)    
[2026-09-13T14:25:54.450-0400][283.543s][info][gc,heap     ] GC(26) y: Reclaimed:         -                  -              1023M (5%)         6282M (31%)    
[2026-09-13T14:25:54.450-0400][283.543s][info][gc,heap     ] GC(26) y:  Promoted:         -                  -               214M (1%)          219M (1%)     
[2026-09-13T14:25:54.450-0400][283.543s][info][gc,heap     ] GC(26) y: Compacted:         -                  -                  -               131M (1%)     
[2026-09-13T14:25:54.450-0400][283.543s][info][gc,phases   ] GC(26) y: Young Generation 12896M(63%)->10120M(49%) 2.085s
[2026-09-13T14:25:54.451-0400][283.543s][info][gc          ] GC(26) Minor Collection (Allocation Rate) 12896M(63%)->10120M(49%) 2.085s
[2026-09-13T14:25:57.984-0400][287.076s][info][gc          ] GC(27) Minor Collection (Allocation Rate)
[2026-09-13T14:25:57.984-0400][287.076s][info][gc,task     ] GC(27) Using 1 Workers for Young Generation
[2026-09-13T14:25:57.984-0400][287.076s][info][gc,phases   ] GC(27) y: Young Generation
[2026-09-13T14:25:57.984-0400][287.076s][info][gc,phases   ] GC(27) y: Pause Mark Start 0.011ms
[2026-09-13T14:25:58.943-0400][288.036s][info][gc,phases   ] GC(27) y: Concurrent Mark 959.532ms
[2026-09-13T14:25:58.943-0400][288.036s][info][gc,phases   ] GC(27) y: Pause Mark End 0.022ms
[2026-09-13T14:25:58.943-0400][288.036s][info][gc,phases   ] GC(27) y: Concurrent Mark Free 0.006ms
[2026-09-13T14:25:58.945-0400][288.038s][info][gc,phases   ] GC(27) y: Concurrent Reset Relocation Set 1.840ms
[2026-09-13T14:25:58.946-0400][288.039s][info][gc,reloc    ] GC(27) y: Using tenuring threshold: 2 (Computed)
[2026-09-13T14:25:58.969-0400][288.062s][info][gc,phases   ] GC(27) y: Concurrent Select Relocation Set 24.421ms
[2026-09-13T14:25:58.970-0400][288.062s][info][gc,phases   ] GC(27) y: Pause Relocate Start 0.013ms
[2026-09-13T14:25:59.341-0400][288.433s][info][gc,phases   ] GC(27) y: Concurrent Relocate 370.967ms
[2026-09-13T14:25:59.341-0400][288.433s][info][gc,alloc    ] GC(27) y:                         Mark Start        Mark End      Relocate Start    Relocate End   
[2026-09-13T14:25:59.341-0400][288.433s][info][gc,alloc    ] GC(27) y: Allocation Stalls:          0                0                0                0         
[2026-09-13T14:25:59.341-0400][288.433s][info][gc,load     ] GC(27) y: Load: 0.00 (0%) / 0.00 (0%) / 0.00 (0%)
[2026-09-13T14:25:59.341-0400][288.433s][info][gc,mmu      ] GC(27) y: MMU: 2ms/96.9%, 5ms/98.8%, 10ms/99.4%, 20ms/99.6%, 50ms/99.9%, 100ms/99.9%
[2026-09-13T14:25:59.341-0400][288.433s][info][gc,marking  ] GC(27) y: Mark: 1 stripe(s), 2 proactive flush(es), 1 terminate flush(es), 0 completion(s), 0 continuation(s) 
[2026-09-13T14:25:59.341-0400][288.433s][info][gc,nmethod  ] GC(27) y: NMethods: 23789 registered, 5813 unregistered
[2026-09-13T14:25:59.341-0400][288.433s][info][gc,metaspace] GC(27) y: Metaspace: 540M used, 543M committed, 1472M reserved
[2026-09-13T14:25:59.341-0400][288.433s][info][gc,reloc    ] GC(27) y:                        Candidates     Selected     In-Place         Size        Empty    Relocated 
[2026-09-13T14:25:59.341-0400][288.433s][info][gc,reloc    ] GC(27) y: Small Pages:                 3034         2108            0        6068M        1488M         130M 
[2026-09-13T14:25:59.341-0400][288.433s][info][gc,reloc    ] GC(27) y: Medium Pages:                   7            3            0         224M          96M           5M 
[2026-09-13T14:25:59.341-0400][288.433s][info][gc,reloc    ] GC(27) y: Large Pages:                    2            0            0          34M          34M           0M 
[2026-09-13T14:25:59.341-0400][288.433s][info][gc,reloc    ] GC(27) y: Forwarding Usage: 94M
[2026-09-13T14:25:59.341-0400][288.433s][info][gc,reloc    ] GC(27) y: Age Table:
[2026-09-13T14:25:59.341-0400][288.433s][info][gc,reloc    ] GC(27) y:                    Live             Garbage             Small              Medium             Large        
[2026-09-13T14:25:59.341-0400][288.433s][info][gc,reloc    ] GC(27) y: Eden             204M (1%)         5913M (29%)       2962 / 2102           5 / 2              2 / 0        
[2026-09-13T14:25:59.341-0400][288.433s][info][gc,reloc    ] GC(27) y: Survivor 1       131M (1%)           76M (0%)          72 / 6              2 / 1              0 / 0        
[2026-09-13T14:25:59.341-0400][288.434s][info][gc,heap     ] GC(27) y: Min Capacity: 256M(1%)
[2026-09-13T14:25:59.341-0400][288.434s][info][gc,heap     ] GC(27) y: Max Capacity: 20576M(100%)
[2026-09-13T14:25:59.341-0400][288.434s][info][gc,heap     ] GC(27) y: Soft Max Capacity: 20576M(100%)
[2026-09-13T14:25:59.341-0400][288.434s][info][gc,heap     ] GC(27) y: Heap Statistics:
[2026-09-13T14:25:59.341-0400][288.434s][info][gc,heap     ] GC(27) y:                Mark Start          Mark End        Relocate Start      Relocate End           High               Low         
[2026-09-13T14:25:59.341-0400][288.434s][info][gc,heap     ] GC(27) y:  Capacity:    18482M (90%)       18482M (90%)       18482M (90%)       18482M (90%)       18482M (90%)       18482M (90%)    
[2026-09-13T14:25:59.341-0400][288.434s][info][gc,heap     ] GC(27) y:      Free:     7736M (38%)        6714M (33%)        8324M (40%)       12604M (61%)       12604M (61%)        6714M (33%)    
[2026-09-13T14:25:59.341-0400][288.434s][info][gc,heap     ] GC(27) y:      Used:    12840M (62%)       13862M (67%)       12252M (60%)        7972M (39%)       13862M (67%)        7972M (39%)    
[2026-09-13T14:25:59.341-0400][288.434s][info][gc,heap     ] GC(27) y: Young Generation Statistics:
[2026-09-13T14:25:59.341-0400][288.434s][info][gc,heap     ] GC(27) y:                Mark Start          Mark End        Relocate Start      Relocate End    
[2026-09-13T14:25:59.341-0400][288.434s][info][gc,heap     ] GC(27) y:      Used:     6326M (31%)        7348M (36%)        5738M (28%)        1458M (7%)     
[2026-09-13T14:25:59.341-0400][288.434s][info][gc,heap     ] GC(27) y:      Live:         -               335M (2%)          335M (2%)          335M (2%)     
[2026-09-13T14:25:59.341-0400][288.434s][info][gc,heap     ] GC(27) y:   Garbage:         -              5990M (29%)        4372M (21%)           6M (0%)     
[2026-09-13T14:25:59.341-0400][288.434s][info][gc,heap     ] GC(27) y: Allocated:         -              1022M (5%)         1030M (5%)         1116M (5%)     
[2026-09-13T14:25:59.341-0400][288.434s][info][gc,heap     ] GC(27) y: Reclaimed:         -                  -              1618M (8%)         5984M (29%)    
[2026-09-13T14:25:59.341-0400][288.434s][info][gc,heap     ] GC(27) y:  Promoted:         -                  -                 0M (0%)            0M (0%)     
[2026-09-13T14:25:59.341-0400][288.434s][info][gc,heap     ] GC(27) y: Compacted:         -                  -                  -               197M (1%)     
[2026-09-13T14:25:59.341-0400][288.434s][info][gc,phases   ] GC(27) y: Young Generation 12840M(62%)->7972M(39%) 1.357s
[2026-09-13T14:25:59.341-0400][288.434s][info][gc          ] GC(27) Minor Collection (Allocation Rate) 12840M(62%)->7972M(39%) 1.358s
[2026-09-13T14:26:05.524-0400][294.616s][info][gc          ] GC(28) Minor Collection (Allocation Rate)
[2026-09-13T14:26:05.524-0400][294.616s][info][gc,task     ] GC(28) Using 1 Workers for Young Generation
[2026-09-13T14:26:05.524-0400][294.616s][info][gc,phases   ] GC(28) y: Young Generation
[2026-09-13T14:26:05.524-0400][294.616s][info][gc,phases   ] GC(28) y: Pause Mark Start 0.011ms
[2026-09-13T14:26:07.017-0400][296.109s][info][gc,phases   ] GC(28) y: Concurrent Mark 1493.260ms
[2026-09-13T14:26:07.017-0400][296.110s][info][gc,phases   ] GC(28) y: Pause Mark End 0.017ms
[2026-09-13T14:26:07.017-0400][296.110s][info][gc,phases   ] GC(28) y: Concurrent Mark Free 0.002ms
[2026-09-13T14:26:07.017-0400][296.110s][info][gc,phases   ] GC(28) y: Concurrent Reset Relocation Set 0.081ms
[2026-09-13T14:26:07.019-0400][296.111s][info][gc,reloc    ] GC(28) y: Using tenuring threshold: 1 (Computed)
[2026-09-13T14:26:07.196-0400][296.288s][info][gc,phases   ] GC(28) y: Concurrent Select Relocation Set 178.390ms
[2026-09-13T14:26:07.196-0400][296.288s][info][gc,phases   ] GC(28) y: Pause Relocate Start 0.013ms
[2026-09-13T14:26:07.664-0400][296.756s][info][gc,phases   ] GC(28) y: Concurrent Relocate 467.337ms
[2026-09-13T14:26:07.664-0400][296.756s][info][gc,alloc    ] GC(28) y:                         Mark Start        Mark End      Relocate Start    Relocate End   
[2026-09-13T14:26:07.664-0400][296.756s][info][gc,alloc    ] GC(28) y: Allocation Stalls:          0                0                0                0         
[2026-09-13T14:26:07.664-0400][296.756s][info][gc,load     ] GC(28) y: Load: 0.00 (0%) / 0.00 (0%) / 0.00 (0%)
[2026-09-13T14:26:07.664-0400][296.756s][info][gc,mmu      ] GC(28) y: MMU: 2ms/96.9%, 5ms/98.8%, 10ms/99.4%, 20ms/99.6%, 50ms/99.9%, 100ms/99.9%
[2026-09-13T14:26:07.664-0400][296.756s][info][gc,marking  ] GC(28) y: Mark: 1 stripe(s), 2 proactive flush(es), 1 terminate flush(es), 0 completion(s), 0 continuation(s) 
[2026-09-13T14:26:07.664-0400][296.756s][info][gc,nmethod  ] GC(28) y: NMethods: 24104 registered, 5813 unregistered
[2026-09-13T14:26:07.664-0400][296.756s][info][gc,metaspace] GC(28) y: Metaspace: 541M used, 543M committed, 1472M reserved
[2026-09-13T14:26:07.664-0400][296.756s][info][gc,reloc    ] GC(28) y:                        Candidates     Selected     In-Place         Size        Empty    Relocated 
[2026-09-13T14:26:07.664-0400][296.756s][info][gc,reloc    ] GC(28) y: Small Pages:                 2517         2104            0        5034M         382M          62M 
[2026-09-13T14:26:07.664-0400][296.756s][info][gc,reloc    ] GC(28) y: Medium Pages:                   5            3            0         160M          32M          20M 
[2026-09-13T14:26:07.664-0400][296.756s][info][gc,reloc    ] GC(28) y: Large Pages:                   91            0            0        1522M        1522M           0M 
[2026-09-13T14:26:07.664-0400][296.756s][info][gc,reloc    ] GC(28) y: Forwarding Usage: 38M
[2026-09-13T14:26:07.664-0400][296.756s][info][gc,reloc    ] GC(28) y: Age Table:
[2026-09-13T14:26:07.664-0400][296.756s][info][gc,reloc    ] GC(28) y:                    Live             Garbage             Small              Medium             Large        
[2026-09-13T14:26:07.664-0400][296.756s][info][gc,reloc    ] GC(28) y: Eden             109M (1%)         6200M (30%)       2346 / 2102           3 / 1             91 / 0        
[2026-09-13T14:26:07.664-0400][296.756s][info][gc,reloc    ] GC(28) y: Survivor 1       203M (1%)           36M (0%)         104 / 2              1 / 1              0 / 0        
[2026-09-13T14:26:07.664-0400][296.756s][info][gc,reloc    ] GC(28) y: Survivor 2       130M (1%)           35M (0%)          67 / 0              1 / 1              0 / 0        
[2026-09-13T14:26:07.664-0400][296.756s][info][gc,heap     ] GC(28) y: Min Capacity: 256M(1%)
[2026-09-13T14:26:07.664-0400][296.756s][info][gc,heap     ] GC(28) y: Max Capacity: 20576M(100%)
[2026-09-13T14:26:07.664-0400][296.756s][info][gc,heap     ] GC(28) y: Soft Max Capacity: 20576M(100%)
[2026-09-13T14:26:07.664-0400][296.756s][info][gc,heap     ] GC(28) y: Heap Statistics:
[2026-09-13T14:26:07.664-0400][296.756s][info][gc,heap     ] GC(28) y:                Mark Start          Mark End        Relocate Start      Relocate End           High               Low         
[2026-09-13T14:26:07.664-0400][296.756s][info][gc,heap     ] GC(28) y:  Capacity:    18482M (90%)       18482M (90%)       18482M (90%)       18482M (90%)       18482M (90%)       18482M (90%)    
[2026-09-13T14:26:07.664-0400][296.756s][info][gc,heap     ] GC(28) y:      Free:     7346M (36%)        4260M (21%)        5786M (28%)        9040M (44%)        9604M (47%)        4260M (21%)    
[2026-09-13T14:26:07.664-0400][296.756s][info][gc,heap     ] GC(28) y:      Used:    13230M (64%)       16316M (79%)       14790M (72%)       11536M (56%)       16316M (79%)       10972M (53%)    
[2026-09-13T14:26:07.664-0400][296.756s][info][gc,heap     ] GC(28) y: Young Generation Statistics:
[2026-09-13T14:26:07.664-0400][296.756s][info][gc,heap     ] GC(28) y:                Mark Start          Mark End        Relocate Start      Relocate End    
[2026-09-13T14:26:07.664-0400][296.756s][info][gc,heap     ] GC(28) y:      Used:     6716M (33%)        9802M (48%)        7942M (39%)        4652M (23%)    
[2026-09-13T14:26:07.664-0400][296.756s][info][gc,heap     ] GC(28) y:      Live:         -               443M (2%)          117M (1%)          109M (1%)     
[2026-09-13T14:26:07.664-0400][296.756s][info][gc,heap     ] GC(28) y:   Garbage:         -              6272M (30%)        4328M (21%)           2M (0%)     
[2026-09-13T14:26:07.664-0400][296.756s][info][gc,heap     ] GC(28) y: Allocated:         -              3086M (15%)        3496M (17%)        4539M (22%)    
[2026-09-13T14:26:07.664-0400][296.756s][info][gc,heap     ] GC(28) y: Reclaimed:         -                  -              1944M (9%)         6270M (30%)    
[2026-09-13T14:26:07.664-0400][296.757s][info][gc,heap     ] GC(28) y:  Promoted:         -                  -               325M (2%)          333M (2%)     
[2026-09-13T14:26:07.664-0400][296.757s][info][gc,heap     ] GC(28) y: Compacted:         -                  -                  -                92M (0%)     
[2026-09-13T14:26:07.664-0400][296.757s][info][gc,phases   ] GC(28) y: Young Generation 13230M(64%)->11536M(56%) 2.140s
[2026-09-13T14:26:07.664-0400][296.757s][info][gc          ] GC(28) Minor Collection (Allocation Rate) 13230M(64%)->11540M(56%) 2.141s
[2026-09-13T14:26:08.146-0400][297.239s][info][gc          ] GC(29) Minor Collection (Allocation Rate)
[2026-09-13T14:26:08.146-0400][297.239s][info][gc,task     ] GC(29) Using 1 Workers for Young Generation
[2026-09-13T14:26:08.146-0400][297.239s][info][gc,phases   ] GC(29) y: Young Generation
[2026-09-13T14:26:08.146-0400][297.239s][info][gc,phases   ] GC(29) y: Pause Mark Start 0.015ms
[2026-09-13T14:26:08.943-0400][298.036s][info][gc,phases   ] GC(29) y: Concurrent Mark 796.927ms
[2026-09-13T14:26:08.944-0400][298.036s][info][gc,phases   ] GC(29) y: Pause Mark End 0.023ms
[2026-09-13T14:26:08.944-0400][298.036s][info][gc,phases   ] GC(29) y: Concurrent Mark Free 0.009ms
[2026-09-13T14:26:08.946-0400][298.038s][info][gc,phases   ] GC(29) y: Concurrent Reset Relocation Set 2.498ms
[2026-09-13T14:26:08.947-0400][298.039s][info][gc,reloc    ] GC(29) y: Using tenuring threshold: 1 (Computed)
[2026-09-13T14:26:09.006-0400][298.098s][info][gc,phases   ] GC(29) y: Concurrent Select Relocation Set 59.425ms
[2026-09-13T14:26:09.006-0400][298.098s][info][gc,phases   ] GC(29) y: Pause Relocate Start 0.014ms
[2026-09-13T14:26:09.254-0400][298.346s][info][gc,phases   ] GC(29) y: Concurrent Relocate 247.730ms
[2026-09-13T14:26:09.254-0400][298.346s][info][gc,alloc    ] GC(29) y:                         Mark Start        Mark End      Relocate Start    Relocate End   
[2026-09-13T14:26:09.254-0400][298.346s][info][gc,alloc    ] GC(29) y: Allocation Stalls:          0                0                0                0         
[2026-09-13T14:26:09.254-0400][298.346s][info][gc,load     ] GC(29) y: Load: 0.00 (0%) / 0.00 (0%) / 0.00 (0%)
[2026-09-13T14:26:09.254-0400][298.346s][info][gc,mmu      ] GC(29) y: MMU: 2ms/96.9%, 5ms/98.8%, 10ms/99.4%, 20ms/99.6%, 50ms/99.9%, 100ms/99.9%
[2026-09-13T14:26:09.254-0400][298.346s][info][gc,marking  ] GC(29) y: Mark: 1 stripe(s), 2 proactive flush(es), 1 terminate flush(es), 0 completion(s), 0 continuation(s) 
[2026-09-13T14:26:09.254-0400][298.346s][info][gc,nmethod  ] GC(29) y: NMethods: 24107 registered, 5813 unregistered
[2026-09-13T14:26:09.254-0400][298.346s][info][gc,metaspace] GC(29) y: Metaspace: 541M used, 543M committed, 1472M reserved
[2026-09-13T14:26:09.254-0400][298.346s][info][gc,reloc    ] GC(29) y:                        Candidates     Selected     In-Place         Size        Empty    Relocated 
[2026-09-13T14:26:09.254-0400][298.346s][info][gc,reloc    ] GC(29) y: Small Pages:                 2783         2730            0        5566M           4M          10M 
[2026-09-13T14:26:09.254-0400][298.346s][info][gc,reloc    ] GC(29) y: Medium Pages:                   3            2            0          96M           0M          19M 
[2026-09-13T14:26:09.254-0400][298.346s][info][gc,reloc    ] GC(29) y: Large Pages:                    0            0            0           0M           0M           0M 
[2026-09-13T14:26:09.254-0400][298.346s][info][gc,reloc    ] GC(29) y: Forwarding Usage: 5M
[2026-09-13T14:26:09.254-0400][298.346s][info][gc,reloc    ] GC(29) y: Age Table:
[2026-09-13T14:26:09.254-0400][298.346s][info][gc,reloc    ] GC(29) y:                    Live             Garbage             Small              Medium             Large        
[2026-09-13T14:26:09.254-0400][298.346s][info][gc,reloc    ] GC(29) y: Eden              12M (0%)         5429M (26%)       2705 / 2699           1 / 1              0 / 0        
[2026-09-13T14:26:09.254-0400][298.346s][info][gc,reloc    ] GC(29) y: Survivor 1       103M (1%)          116M (1%)          78 / 31             2 / 1              0 / 0        
[2026-09-13T14:26:09.254-0400][298.346s][info][gc,heap     ] GC(29) y: Min Capacity: 256M(1%)
[2026-09-13T14:26:09.254-0400][298.346s][info][gc,heap     ] GC(29) y: Max Capacity: 20576M(100%)
[2026-09-13T14:26:09.254-0400][298.346s][info][gc,heap     ] GC(29) y: Soft Max Capacity: 20576M(100%)
[2026-09-13T14:26:09.254-0400][298.346s][info][gc,heap     ] GC(29) y: Heap Statistics:
[2026-09-13T14:26:09.254-0400][298.346s][info][gc,heap     ] GC(29) y:                Mark Start          Mark End        Relocate Start      Relocate End           High               Low         
[2026-09-13T14:26:09.254-0400][298.346s][info][gc,heap     ] GC(29) y:  Capacity:    18482M (90%)       18482M (90%)       18482M (90%)       18482M (90%)       18482M (90%)       18482M (90%)    
[2026-09-13T14:26:09.254-0400][298.346s][info][gc,heap     ] GC(29) y:      Free:     8030M (39%)        6066M (29%)        5918M (29%)       10662M (52%)       10888M (53%)        5774M (28%)    
[2026-09-13T14:26:09.254-0400][298.346s][info][gc,heap     ] GC(29) y:      Used:    12546M (61%)       14510M (71%)       14658M (71%)        9914M (48%)       14802M (72%)        9688M (47%)    
[2026-09-13T14:26:09.254-0400][298.346s][info][gc,heap     ] GC(29) y: Young Generation Statistics:
[2026-09-13T14:26:09.254-0400][298.347s][info][gc,heap     ] GC(29) y:                Mark Start          Mark End        Relocate Start      Relocate End    
[2026-09-13T14:26:09.254-0400][298.347s][info][gc,heap     ] GC(29) y:      Used:     5662M (28%)        7626M (37%)        7686M (37%)        2866M (14%)    
[2026-09-13T14:26:09.254-0400][298.347s][info][gc,heap     ] GC(29) y:      Live:         -               115M (1%)           32M (0%)           12M (0%)     
[2026-09-13T14:26:09.254-0400][298.347s][info][gc,heap     ] GC(29) y:   Garbage:         -              5546M (27%)        5537M (27%)           0M (0%)     
[2026-09-13T14:26:09.254-0400][298.347s][info][gc,heap     ] GC(29) y: Allocated:         -              1964M (10%)        2116M (10%)        2853M (14%)    
[2026-09-13T14:26:09.254-0400][298.347s][info][gc,heap     ] GC(29) y: Reclaimed:         -                  -                 8M (0%)         5546M (27%)    
[2026-09-13T14:26:09.254-0400][298.347s][info][gc,heap     ] GC(29) y:  Promoted:         -                  -                83M (0%)          103M (1%)     
[2026-09-13T14:26:09.254-0400][298.347s][info][gc,heap     ] GC(29) y: Compacted:         -                  -                  -                12M (0%)     
[2026-09-13T14:26:09.254-0400][298.347s][info][gc,phases   ] GC(29) y: Young Generation 12546M(61%)->9914M(48%) 1.107s
[2026-09-13T14:26:09.254-0400][298.347s][info][gc          ] GC(29) Minor Collection (Allocation Rate) 12546M(61%)->9918M(48%) 1.108s
[2026-09-13T14:26:09.718-0400][298.810s][info][gc          ] GC(30) Minor Collection (Allocation Rate)
[2026-09-13T14:26:09.718-0400][298.810s][info][gc,task     ] GC(30) Using 1 Workers for Young Generation
[2026-09-13T14:26:09.718-0400][298.810s][info][gc,phases   ] GC(30) y: Young Generation
[2026-09-13T14:26:09.718-0400][298.810s][info][gc,phases   ] GC(30) y: Pause Mark Start 0.014ms
[2026-09-13T14:26:10.005-0400][299.097s][info][gc,phases   ] GC(30) y: Concurrent Mark 287.560ms
[2026-09-13T14:26:10.005-0400][299.097s][info][gc,phases   ] GC(30) y: Pause Mark End 0.017ms
[2026-09-13T14:26:10.006-0400][299.098s][info][gc,phases   ] GC(30) y: Concurrent Mark Free 0.011ms
[2026-09-13T14:26:10.007-0400][299.099s][info][gc,phases   ] GC(30) y: Concurrent Reset Relocation Set 1.319ms
[2026-09-13T14:26:10.007-0400][299.099s][info][gc,reloc    ] GC(30) y: Using tenuring threshold: 2 (Computed)
[2026-09-13T14:26:10.008-0400][299.100s][info][gc,phases   ] GC(30) y: Concurrent Select Relocation Set 1.126ms
[2026-09-13T14:26:10.008-0400][299.100s][info][gc,phases   ] GC(30) y: Pause Relocate Start 0.010ms
[2026-09-13T14:26:10.147-0400][299.240s][info][gc,phases   ] GC(30) y: Concurrent Relocate 139.125ms
[2026-09-13T14:26:10.147-0400][299.240s][info][gc,alloc    ] GC(30) y:                         Mark Start        Mark End      Relocate Start    Relocate End   
[2026-09-13T14:26:10.148-0400][299.240s][info][gc,alloc    ] GC(30) y: Allocation Stalls:          0                0                0                0         
[2026-09-13T14:26:10.148-0400][299.240s][info][gc,load     ] GC(30) y: Load: 0.00 (0%) / 0.00 (0%) / 0.00 (0%)
[2026-09-13T14:26:10.148-0400][299.240s][info][gc,mmu      ] GC(30) y: MMU: 2ms/96.9%, 5ms/98.8%, 10ms/99.4%, 20ms/99.6%, 50ms/99.9%, 100ms/99.9%
[2026-09-13T14:26:10.148-0400][299.240s][info][gc,marking  ] GC(30) y: Mark: 1 stripe(s), 2 proactive flush(es), 1 terminate flush(es), 0 completion(s), 0 continuation(s) 
[2026-09-13T14:26:10.148-0400][299.240s][info][gc,nmethod  ] GC(30) y: NMethods: 24108 registered, 5813 unregistered
[2026-09-13T14:26:10.148-0400][299.240s][info][gc,metaspace] GC(30) y: Metaspace: 541M used, 543M committed, 1472M reserved
[2026-09-13T14:26:10.148-0400][299.240s][info][gc,reloc    ] GC(30) y:                        Candidates     Selected     In-Place         Size        Empty    Relocated 
[2026-09-13T14:26:10.148-0400][299.240s][info][gc,reloc    ] GC(30) y: Small Pages:                 2034         2028            0        4068M           0M           6M 
[2026-09-13T14:26:10.148-0400][299.240s][info][gc,reloc    ] GC(30) y: Medium Pages:                   3            1            0          96M          32M           5M 
[2026-09-13T14:26:10.148-0400][299.240s][info][gc,reloc    ] GC(30) y: Large Pages:                    0            0            0           0M           0M           0M 
[2026-09-13T14:26:10.148-0400][299.240s][info][gc,reloc    ] GC(30) y: Forwarding Usage: 2M
[2026-09-13T14:26:10.148-0400][299.240s][info][gc,reloc    ] GC(30) y: Age Table:
[2026-09-13T14:26:10.148-0400][299.240s][info][gc,reloc    ] GC(30) y:                    Live             Garbage             Small              Medium             Large        
[2026-09-13T14:26:10.148-0400][299.240s][info][gc,reloc    ] GC(30) y: Eden               8M (0%)         4021M (20%)       1999 / 1995           1 / 0              0 / 0        
[2026-09-13T14:26:10.148-0400][299.240s][info][gc,reloc    ] GC(30) y: Survivor 1        10M (0%)          123M (1%)          35 / 33             2 / 1              0 / 0        
[2026-09-13T14:26:10.148-0400][299.240s][info][gc,heap     ] GC(30) y: Min Capacity: 256M(1%)
[2026-09-13T14:26:10.148-0400][299.240s][info][gc,heap     ] GC(30) y: Max Capacity: 20576M(100%)
[2026-09-13T14:26:10.148-0400][299.240s][info][gc,heap     ] GC(30) y: Soft Max Capacity: 20576M(100%)
[2026-09-13T14:26:10.148-0400][299.240s][info][gc,heap     ] GC(30) y: Heap Statistics:
[2026-09-13T14:26:10.148-0400][299.240s][info][gc,heap     ] GC(30) y:                Mark Start          Mark End        Relocate Start      Relocate End           High               Low         
[2026-09-13T14:26:10.148-0400][299.240s][info][gc,heap     ] GC(30) y:  Capacity:    18482M (90%)       18482M (90%)       18482M (90%)       18482M (90%)       18482M (90%)       18482M (90%)    
[2026-09-13T14:26:10.148-0400][299.240s][info][gc,heap     ] GC(30) y:      Free:     9364M (46%)        8466M (41%)        8492M (41%)       11946M (58%)       11946M (58%)        8288M (40%)    
[2026-09-13T14:26:10.148-0400][299.240s][info][gc,heap     ] GC(30) y:      Used:    11212M (54%)       12110M (59%)       12084M (59%)        8630M (42%)       12288M (60%)        8630M (42%)    
[2026-09-13T14:26:10.148-0400][299.240s][info][gc,heap     ] GC(30) y: Young Generation Statistics:
[2026-09-13T14:26:10.148-0400][299.240s][info][gc,heap     ] GC(30) y:                Mark Start          Mark End        Relocate Start      Relocate End    
[2026-09-13T14:26:10.148-0400][299.240s][info][gc,heap     ] GC(30) y:      Used:     4164M (20%)        5062M (25%)        5036M (24%)        1582M (8%)     
[2026-09-13T14:26:10.148-0400][299.240s][info][gc,heap     ] GC(30) y:      Live:         -                18M (0%)           18M (0%)           18M (0%)     
[2026-09-13T14:26:10.148-0400][299.240s][info][gc,heap     ] GC(30) y:   Garbage:         -              4145M (20%)        4113M (20%)           1M (0%)     
[2026-09-13T14:26:10.148-0400][299.240s][info][gc,heap     ] GC(30) y: Allocated:         -               898M (4%)          904M (4%)         1562M (8%)     
[2026-09-13T14:26:10.148-0400][299.240s][info][gc,heap     ] GC(30) y: Reclaimed:         -                  -                32M (0%)         4144M (20%)    
[2026-09-13T14:26:10.148-0400][299.240s][info][gc,heap     ] GC(30) y:  Promoted:         -                  -                 0M (0%)            0M (0%)     
[2026-09-13T14:26:10.148-0400][299.240s][info][gc,heap     ] GC(30) y: Compacted:         -                  -                  -                15M (0%)     
[2026-09-13T14:26:10.148-0400][299.240s][info][gc,phases   ] GC(30) y: Young Generation 11212M(54%)->8630M(42%) 0.430s
[2026-09-13T14:26:10.148-0400][299.240s][info][gc          ] GC(30) Minor Collection (Allocation Rate) 11212M(54%)->8632M(42%) 0.431s
[2026-09-13T14:26:10.567-0400][299.659s][info][gc          ] GC(31) Minor Collection (Allocation Rate)
[2026-09-13T14:26:10.567-0400][299.659s][info][gc,task     ] GC(31) Using 1 Workers for Young Generation
[2026-09-13T14:26:10.567-0400][299.659s][info][gc,phases   ] GC(31) y: Young Generation
[2026-09-13T14:26:10.567-0400][299.660s][info][gc,phases   ] GC(31) y: Pause Mark Start 0.015ms
[2026-09-13T14:26:10.879-0400][299.971s][info][gc,phases   ] GC(31) y: Concurrent Mark 311.327ms
[2026-09-13T14:26:10.879-0400][299.971s][info][gc,phases   ] GC(31) y: Pause Mark End 0.026ms
[2026-09-13T14:26:10.879-0400][299.971s][info][gc,phases   ] GC(31) y: Concurrent Mark Free 0.024ms
[2026-09-13T14:26:10.879-0400][299.972s][info][gc,phases   ] GC(31) y: Concurrent Reset Relocation Set 0.203ms
[2026-09-13T14:26:10.879-0400][299.973s][info][gc,reloc    ] GC(31) y: Using tenuring threshold: 3 (Computed)
[2026-09-13T14:26:10.881-0400][299.973s][info][gc,phases   ] GC(31) y: Concurrent Select Relocation Set 1.702ms
[2026-09-13T14:26:10.881-0400][299.973s][info][gc,phases   ] GC(31) y: Pause Relocate Start 0.009ms
[2026-09-13T14:26:10.953-0400][300.045s][info][gc,phases   ] GC(31) y: Concurrent Relocate 71.741ms
[2026-09-13T14:26:10.953-0400][300.045s][info][gc,alloc    ] GC(31) y:                         Mark Start        Mark End      Relocate Start    Relocate End   
[2026-09-13T14:26:10.953-0400][300.045s][info][gc,alloc    ] GC(31) y: Allocation Stalls:          0                0                0                0         
[2026-09-13T14:26:10.953-0400][300.045s][info][gc,load     ] GC(31) y: Load: 0.00 (0%) / 0.00 (0%) / 0.00 (0%)
[2026-09-13T14:26:10.953-0400][300.045s][info][gc,mmu      ] GC(31) y: MMU: 2ms/96.9%, 5ms/98.8%, 10ms/99.4%, 20ms/99.6%, 50ms/99.9%, 100ms/99.9%
[2026-09-13T14:26:10.953-0400][300.045s][info][gc,marking  ] GC(31) y: Mark: 1 stripe(s), 2 proactive flush(es), 1 terminate flush(es), 0 completion(s), 0 continuation(s) 
[2026-09-13T14:26:10.953-0400][300.045s][info][gc,nmethod  ] GC(31) y: NMethods: 24112 registered, 5813 unregistered
[2026-09-13T14:26:10.953-0400][300.046s][info][gc,metaspace] GC(31) y: Metaspace: 541M used, 543M committed, 1472M reserved
[2026-09-13T14:26:10.953-0400][300.046s][info][gc,reloc    ] GC(31) y:                        Candidates     Selected     In-Place         Size        Empty    Relocated 
[2026-09-13T14:26:10.953-0400][300.046s][info][gc,reloc    ] GC(31) y: Small Pages:                 1366         1358            0        2732M           0M           5M 
[2026-09-13T14:26:10.953-0400][300.046s][info][gc,reloc    ] GC(31) y: Medium Pages:                   5            3            0         160M          32M           6M 
[2026-09-13T14:26:10.953-0400][300.046s][info][gc,reloc    ] GC(31) y: Large Pages:                    1            0            0          10M           0M           0M 
[2026-09-13T14:26:10.953-0400][300.046s][info][gc,reloc    ] GC(31) y: Forwarding Usage: 2M
[2026-09-13T14:26:10.953-0400][300.046s][info][gc,reloc    ] GC(31) y: Age Table:
[2026-09-13T14:26:10.953-0400][300.046s][info][gc,reloc    ] GC(31) y:                    Live             Garbage             Small              Medium             Large        
[2026-09-13T14:26:10.953-0400][300.046s][info][gc,reloc    ] GC(31) y: Eden              15M (0%)         2620M (13%)       1297 / 1295           1 / 1              1 / 0        
[2026-09-13T14:26:10.953-0400][300.046s][info][gc,reloc    ] GC(31) y: Survivor 1         7M (0%)          124M (1%)          34 / 31             2 / 1              0 / 0        
[2026-09-13T14:26:10.953-0400][300.046s][info][gc,reloc    ] GC(31) y: Survivor 2         7M (0%)          126M (1%)          35 / 32             2 / 1              0 / 0        
[2026-09-13T14:26:10.953-0400][300.046s][info][gc,heap     ] GC(31) y: Min Capacity: 256M(1%)
[2026-09-13T14:26:10.953-0400][300.046s][info][gc,heap     ] GC(31) y: Max Capacity: 20576M(100%)
[2026-09-13T14:26:10.953-0400][300.046s][info][gc,heap     ] GC(31) y: Soft Max Capacity: 20576M(100%)
[2026-09-13T14:26:10.953-0400][300.046s][info][gc,heap     ] GC(31) y: Heap Statistics:
[2026-09-13T14:26:10.953-0400][300.046s][info][gc,heap     ] GC(31) y:                Mark Start          Mark End        Relocate Start      Relocate End           High               Low         
[2026-09-13T14:26:10.953-0400][300.046s][info][gc,heap     ] GC(31) y:  Capacity:    18482M (90%)       18482M (90%)       18482M (90%)       18482M (90%)       18482M (90%)       18482M (90%)    
[2026-09-13T14:26:10.953-0400][300.046s][info][gc,heap     ] GC(31) y:      Free:    10626M (52%)        9630M (47%)        9652M (47%)       11974M (58%)       11974M (58%)        9488M (46%)    
[2026-09-13T14:26:10.953-0400][300.046s][info][gc,heap     ] GC(31) y:      Used:     9950M (48%)       10946M (53%)       10924M (53%)        8602M (42%)       11088M (54%)        8602M (42%)    
[2026-09-13T14:26:10.953-0400][300.046s][info][gc,heap     ] GC(31) y: Young Generation Statistics:
[2026-09-13T14:26:10.953-0400][300.046s][info][gc,heap     ] GC(31) y:                Mark Start          Mark End        Relocate Start      Relocate End    
[2026-09-13T14:26:10.953-0400][300.046s][info][gc,heap     ] GC(31) y:      Used:     2902M (14%)        3898M (19%)        3876M (19%)        1554M (8%)     
[2026-09-13T14:26:10.953-0400][300.046s][info][gc,heap     ] GC(31) y:      Live:         -                30M (0%)           30M (0%)           30M (0%)     
[2026-09-13T14:26:10.953-0400][300.046s][info][gc,heap     ] GC(31) y:   Garbage:         -              2871M (14%)        2839M (14%)           0M (0%)     
[2026-09-13T14:26:10.953-0400][300.046s][info][gc,heap     ] GC(31) y: Allocated:         -               996M (5%)         1006M (5%)         1522M (7%)     
[2026-09-13T14:26:10.953-0400][300.046s][info][gc,heap     ] GC(31) y: Reclaimed:         -                  -                32M (0%)         2870M (14%)    
[2026-09-13T14:26:10.953-0400][300.046s][info][gc,heap     ] GC(31) y:  Promoted:         -                  -                 0M (0%)            0M (0%)     
[2026-09-13T14:26:10.953-0400][300.046s][info][gc,heap     ] GC(31) y: Compacted:         -                  -                  -                13M (0%)     
[2026-09-13T14:26:10.953-0400][300.046s][info][gc,phases   ] GC(31) y: Young Generation 9950M(48%)->8602M(42%) 0.386s
[2026-09-13T14:26:10.953-0400][300.046s][info][gc          ] GC(31) Minor Collection (Allocation Rate) 9948M(48%)->8608M(42%) 0.387s
[2026-09-13T14:26:11.254-0400][300.347s][info][gc          ] GC(32) Minor Collection (Allocation Rate)
[2026-09-13T14:26:11.254-0400][300.347s][info][gc,task     ] GC(32) Using 1 Workers for Young Generation
[2026-09-13T14:26:11.254-0400][300.347s][info][gc,phases   ] GC(32) y: Young Generation
[2026-09-13T14:26:11.254-0400][300.347s][info][gc,phases   ] GC(32) y: Pause Mark Start 0.013ms
[2026-09-13T14:26:11.461-0400][300.553s][info][gc,phases   ] GC(32) y: Concurrent Mark 206.621ms
[2026-09-13T14:26:11.461-0400][300.554s][info][gc,phases   ] GC(32) y: Pause Mark End 0.026ms
[2026-09-13T14:26:11.461-0400][300.554s][info][gc,phases   ] GC(32) y: Concurrent Mark Free 0.008ms
[2026-09-13T14:26:11.462-0400][300.554s][info][gc,phases   ] GC(32) y: Concurrent Reset Relocation Set 0.049ms
[2026-09-13T14:26:11.462-0400][300.554s][info][gc,reloc    ] GC(32) y: Using tenuring threshold: 4 (Computed)
[2026-09-13T14:26:11.463-0400][300.556s][info][gc,phases   ] GC(32) y: Concurrent Select Relocation Set 1.883ms
[2026-09-13T14:26:11.463-0400][300.556s][info][gc,phases   ] GC(32) y: Pause Relocate Start 0.009ms
[2026-09-13T14:26:11.500-0400][300.592s][info][gc,phases   ] GC(32) y: Concurrent Relocate 36.628ms
[2026-09-13T14:26:11.500-0400][300.592s][info][gc,alloc    ] GC(32) y:                         Mark Start        Mark End      Relocate Start    Relocate End   
[2026-09-13T14:26:11.500-0400][300.592s][info][gc,alloc    ] GC(32) y: Allocation Stalls:          0                0                0                0         
[2026-09-13T14:26:11.500-0400][300.592s][info][gc,load     ] GC(32) y: Load: 0.00 (0%) / 0.00 (0%) / 0.00 (0%)
[2026-09-13T14:26:11.500-0400][300.592s][info][gc,mmu      ] GC(32) y: MMU: 2ms/96.9%, 5ms/98.8%, 10ms/99.4%, 20ms/99.6%, 50ms/99.9%, 100ms/99.9%
[2026-09-13T14:26:11.500-0400][300.592s][info][gc,marking  ] GC(32) y: Mark: 1 stripe(s), 2 proactive flush(es), 1 terminate flush(es), 0 completion(s), 0 continuation(s) 
[2026-09-13T14:26:11.500-0400][300.592s][info][gc,nmethod  ] GC(32) y: NMethods: 24116 registered, 5813 unregistered
[2026-09-13T14:26:11.500-0400][300.592s][info][gc,metaspace] GC(32) y: Metaspace: 541M used, 543M committed, 1472M reserved
[2026-09-13T14:26:11.500-0400][300.593s][info][gc,reloc    ] GC(32) y:                        Candidates     Selected     In-Place         Size        Empty    Relocated 
[2026-09-13T14:26:11.500-0400][300.593s][info][gc,reloc    ] GC(32) y: Small Pages:                 1158         1148            0        2316M           0M           7M 
[2026-09-13T14:26:11.500-0400][300.593s][info][gc,reloc    ] GC(32) y: Medium Pages:                   5            4            0         160M           0M           8M 
[2026-09-13T14:26:11.500-0400][300.593s][info][gc,reloc    ] GC(32) y: Large Pages:                    1            0            0          10M           0M           0M 
[2026-09-13T14:26:11.500-0400][300.593s][info][gc,reloc    ] GC(32) y: Forwarding Usage: 2M
[2026-09-13T14:26:11.500-0400][300.593s][info][gc,reloc    ] GC(32) y: Age Table:
[2026-09-13T14:26:11.500-0400][300.593s][info][gc,reloc    ] GC(32) y:                    Live             Garbage             Small              Medium             Large        
[2026-09-13T14:26:11.500-0400][300.593s][info][gc,reloc    ] GC(32) y: Eden               7M (0%)         2132M (10%)       1054 / 1051           1 / 1              0 / 0        
[2026-09-13T14:26:11.500-0400][300.593s][info][gc,reloc    ] GC(32) y: Survivor 1        15M (0%)           94M (0%)          34 / 33             1 / 1              1 / 0        
[2026-09-13T14:26:11.500-0400][300.593s][info][gc,reloc    ] GC(32) y: Survivor 2         6M (0%)          127M (1%)          35 / 32             2 / 1              0 / 0        
[2026-09-13T14:26:11.500-0400][300.593s][info][gc,reloc    ] GC(32) y: Survivor 3         6M (0%)           95M (0%)          35 / 32             1 / 1              0 / 0        
[2026-09-13T14:26:11.500-0400][300.593s][info][gc,heap     ] GC(32) y: Min Capacity: 256M(1%)
[2026-09-13T14:26:11.500-0400][300.593s][info][gc,heap     ] GC(32) y: Max Capacity: 20576M(100%)
[2026-09-13T14:26:11.500-0400][300.593s][info][gc,heap     ] GC(32) y: Soft Max Capacity: 20576M(100%)
[2026-09-13T14:26:11.500-0400][300.593s][info][gc,heap     ] GC(32) y: Heap Statistics:
[2026-09-13T14:26:11.500-0400][300.593s][info][gc,heap     ] GC(32) y:                Mark Start          Mark End        Relocate Start      Relocate End           High               Low         
[2026-09-13T14:26:11.500-0400][300.593s][info][gc,heap     ] GC(32) y:  Capacity:    18482M (90%)       18482M (90%)       18482M (90%)       18482M (90%)       18482M (90%)       18482M (90%)    
[2026-09-13T14:26:11.500-0400][300.593s][info][gc,heap     ] GC(32) y:      Free:    11042M (54%)       10628M (52%)       10628M (52%)       12940M (63%)       12940M (63%)       10596M (51%)    
[2026-09-13T14:26:11.500-0400][300.593s][info][gc,heap     ] GC(32) y:      Used:     9534M (46%)        9948M (48%)        9948M (48%)        7636M (37%)        9980M (49%)        7636M (37%)    
[2026-09-13T14:26:11.500-0400][300.593s][info][gc,heap     ] GC(32) y: Young Generation Statistics:
[2026-09-13T14:26:11.500-0400][300.593s][info][gc,heap     ] GC(32) y:                Mark Start          Mark End        Relocate Start      Relocate End    
[2026-09-13T14:26:11.500-0400][300.593s][info][gc,heap     ] GC(32) y:      Used:     2486M (12%)        2900M (14%)        2900M (14%)         588M (3%)     
[2026-09-13T14:26:11.500-0400][300.593s][info][gc,heap     ] GC(32) y:      Live:         -                35M (0%)           35M (0%)           35M (0%)     
[2026-09-13T14:26:11.500-0400][300.593s][info][gc,heap     ] GC(32) y:   Garbage:         -              2450M (12%)        2450M (12%)           1M (0%)     
[2026-09-13T14:26:11.500-0400][300.593s][info][gc,heap     ] GC(32) y: Allocated:         -               414M (2%)          414M (2%)          551M (3%)     
[2026-09-13T14:26:11.500-0400][300.593s][info][gc,heap     ] GC(32) y: Reclaimed:         -                  -                 0M (0%)         2449M (12%)    
[2026-09-13T14:26:11.500-0400][300.593s][info][gc,heap     ] GC(32) y:  Promoted:         -                  -                 0M (0%)            0M (0%)     
[2026-09-13T14:26:11.500-0400][300.593s][info][gc,heap     ] GC(32) y: Compacted:         -                  -                  -                16M (0%)     
[2026-09-13T14:26:11.500-0400][300.593s][info][gc,phases   ] GC(32) y: Young Generation 9534M(46%)->7636M(37%) 0.246s
[2026-09-13T14:26:11.500-0400][300.593s][info][gc          ] GC(32) Minor Collection (Allocation Rate) 9532M(46%)->7636M(37%) 0.246s
[2026-09-13T14:26:25.938-0400][315.030s][info][gc          ] GC(33) Minor Collection (Allocation Rate)
[2026-09-13T14:26:25.938-0400][315.030s][info][gc,task     ] GC(33) Using 1 Workers for Young Generation
[2026-09-13T14:26:25.938-0400][315.030s][info][gc,phases   ] GC(33) y: Young Generation
[2026-09-13T14:26:25.939-0400][315.031s][info][gc,phases   ] GC(33) y: Pause Mark Start 0.014ms
[2026-09-13T14:26:27.571-0400][316.663s][info][gc,task     ] Adjusting Workers for Young Generation: 1 -> 3
[2026-09-13T14:26:27.699-0400][316.792s][info][gc,phases   ] GC(33) y: Concurrent Mark 1761.478ms
[2026-09-13T14:26:27.699-0400][316.792s][info][gc,phases   ] GC(33) y: Pause Mark End 0.022ms
[2026-09-13T14:26:27.701-0400][316.793s][info][gc,phases   ] GC(33) y: Concurrent Mark Free 0.009ms
[2026-09-13T14:26:27.701-0400][316.793s][info][gc,phases   ] GC(33) y: Concurrent Reset Relocation Set 0.036ms
[2026-09-13T14:26:27.701-0400][316.793s][info][gc,reloc    ] GC(33) y: Using tenuring threshold: 2 (Computed)
[2026-09-13T14:26:27.713-0400][316.805s][info][gc,phases   ] GC(33) y: Concurrent Select Relocation Set 12.315ms
[2026-09-13T14:26:27.713-0400][316.805s][info][gc,phases   ] GC(33) y: Pause Relocate Start 0.014ms
[2026-09-13T14:26:27.957-0400][317.049s][info][gc,phases   ] GC(33) y: Concurrent Relocate 244.094ms
[2026-09-13T14:26:27.957-0400][317.049s][info][gc,alloc    ] GC(33) y:                         Mark Start        Mark End      Relocate Start    Relocate End   
[2026-09-13T14:26:27.957-0400][317.049s][info][gc,alloc    ] GC(33) y: Allocation Stalls:          0                0                0                0         
[2026-09-13T14:26:27.957-0400][317.049s][info][gc,load     ] GC(33) y: Load: 0.00 (0%) / 0.00 (0%) / 0.00 (0%)
[2026-09-13T14:26:27.957-0400][317.049s][info][gc,mmu      ] GC(33) y: MMU: 2ms/96.9%, 5ms/98.8%, 10ms/99.4%, 20ms/99.6%, 50ms/99.9%, 100ms/99.9%
[2026-09-13T14:26:27.957-0400][317.049s][info][gc,marking  ] GC(33) y: Mark: 1 stripe(s), 2 proactive flush(es), 1 terminate flush(es), 0 completion(s), 0 continuation(s) 
[2026-09-13T14:26:27.957-0400][317.049s][info][gc,nmethod  ] GC(33) y: NMethods: 24276 registered, 5813 unregistered
[2026-09-13T14:26:27.957-0400][317.049s][info][gc,metaspace] GC(33) y: Metaspace: 541M used, 543M committed, 1472M reserved
[2026-09-13T14:26:27.957-0400][317.049s][info][gc,reloc    ] GC(33) y:                        Candidates     Selected     In-Place         Size        Empty    Relocated 
[2026-09-13T14:26:27.957-0400][317.049s][info][gc,reloc    ] GC(33) y: Small Pages:                 3613         3514            0        7226M         106M          57M 
[2026-09-13T14:26:27.957-0400][317.049s][info][gc,reloc    ] GC(33) y: Medium Pages:                   7            5            0         224M           0M          24M 
[2026-09-13T14:26:27.957-0400][317.049s][info][gc,reloc    ] GC(33) y: Large Pages:                    9            0            0          70M          26M           0M 
[2026-09-13T14:26:27.957-0400][317.049s][info][gc,reloc    ] GC(33) y: Forwarding Usage: 22M
[2026-09-13T14:26:27.957-0400][317.049s][info][gc,reloc    ] GC(33) y: Age Table:
[2026-09-13T14:26:27.957-0400][317.049s][info][gc,reloc    ] GC(33) y:                    Live             Garbage             Small              Medium             Large        
[2026-09-13T14:26:27.957-0400][317.049s][info][gc,reloc    ] GC(33) y: Eden             130M (1%)         7223M (35%)       3599 / 3509           3 / 2              8 / 0        
[2026-09-13T14:26:27.957-0400][317.049s][info][gc,reloc    ] GC(33) y: Survivor 1         5M (0%)           32M (0%)           3 / 0              1 / 1              0 / 0        
[2026-09-13T14:26:27.957-0400][317.049s][info][gc,reloc    ] GC(33) y: Survivor 2        14M (0%)           33M (0%)           3 / 0              1 / 1              1 / 0        
[2026-09-13T14:26:27.957-0400][317.050s][info][gc,reloc    ] GC(33) y: Survivor 3         5M (0%)           34M (0%)           4 / 2              1 / 0              0 / 0        
[2026-09-13T14:26:27.957-0400][317.050s][info][gc,reloc    ] GC(33) y: Survivor 4         5M (0%)           34M (0%)           4 / 3              1 / 1              0 / 0        
[2026-09-13T14:26:27.957-0400][317.050s][info][gc,heap     ] GC(33) y: Min Capacity: 256M(1%)
[2026-09-13T14:26:27.957-0400][317.050s][info][gc,heap     ] GC(33) y: Max Capacity: 20576M(100%)
[2026-09-13T14:26:27.957-0400][317.050s][info][gc,heap     ] GC(33) y: Soft Max Capacity: 20576M(100%)
[2026-09-13T14:26:27.957-0400][317.050s][info][gc,heap     ] GC(33) y: Heap Statistics:
[2026-09-13T14:26:27.957-0400][317.050s][info][gc,heap     ] GC(33) y:                Mark Start          Mark End        Relocate Start      Relocate End           High               Low         
[2026-09-13T14:26:27.957-0400][317.050s][info][gc,heap     ] GC(33) y:  Capacity:    18482M (90%)       19584M (95%)       19584M (95%)       19584M (95%)       19584M (95%)       18482M (90%)    
[2026-09-13T14:26:27.957-0400][317.050s][info][gc,heap     ] GC(33) y:      Free:     6008M (29%)         992M (5%)         1118M (5%)         8048M (39%)        8058M (39%)         992M (5%)     
[2026-09-13T14:26:27.957-0400][317.050s][info][gc,heap     ] GC(33) y:      Used:    14568M (71%)       19584M (95%)       19458M (95%)       12528M (61%)       19584M (95%)       12518M (61%)    
[2026-09-13T14:26:27.958-0400][317.050s][info][gc,heap     ] GC(33) y: Young Generation Statistics:
[2026-09-13T14:26:27.958-0400][317.050s][info][gc,heap     ] GC(33) y:                Mark Start          Mark End        Relocate Start      Relocate End    
[2026-09-13T14:26:27.958-0400][317.050s][info][gc,heap     ] GC(33) y:      Used:     7520M (37%)       12536M (61%)       12394M (60%)        5426M (26%)    
[2026-09-13T14:26:27.958-0400][317.050s][info][gc,heap     ] GC(33) y:      Live:         -               161M (1%)          147M (1%)          136M (1%)     
[2026-09-13T14:26:27.958-0400][317.050s][info][gc,heap     ] GC(33) y:   Garbage:         -              7358M (36%)        7224M (35%)          21M (0%)     
[2026-09-13T14:26:27.958-0400][317.050s][info][gc,heap     ] GC(33) y: Allocated:         -              5016M (24%)        5022M (24%)        5268M (26%)    
[2026-09-13T14:26:27.958-0400][317.050s][info][gc,heap     ] GC(33) y: Reclaimed:         -                  -               133M (1%)         7337M (36%)    
[2026-09-13T14:26:27.958-0400][317.050s][info][gc,heap     ] GC(33) y:  Promoted:         -                  -                14M (0%)           25M (0%)     
[2026-09-13T14:26:27.958-0400][317.050s][info][gc,heap     ] GC(33) y: Compacted:         -                  -                  -                81M (0%)     
[2026-09-13T14:26:27.958-0400][317.050s][info][gc,phases   ] GC(33) y: Young Generation 14568M(71%)->12528M(61%) 2.020s
[2026-09-13T14:26:27.958-0400][317.050s][info][gc          ] GC(33) Minor Collection (Allocation Rate) 14568M(71%)->12530M(61%) 2.020s
[2026-09-13T14:26:28.637-0400][317.729s][info][gc          ] GC(34) Major Collection (Allocation Rate)
[2026-09-13T14:26:28.637-0400][317.729s][info][gc,task     ] GC(34) Using 5 Workers for Young Generation
[2026-09-13T14:26:28.637-0400][317.729s][info][gc,task     ] GC(34) Using 1 Workers for Old Generation
[2026-09-13T14:26:28.637-0400][317.729s][info][gc,phases   ] GC(34) Y: Young Generation
[2026-09-13T14:26:28.637-0400][317.729s][info][gc,phases   ] GC(34) Y: Pause Mark Start (Major) 0.018ms
[2026-09-13T14:26:28.852-0400][317.944s][info][gc,phases   ] GC(34) Y: Concurrent Mark 215.252ms
[2026-09-13T14:26:28.852-0400][317.945s][info][gc,phases   ] GC(34) Y: Pause Mark End 0.017ms
[2026-09-13T14:26:28.852-0400][317.945s][info][gc,phases   ] GC(34) Y: Concurrent Mark Free 0.012ms
[2026-09-13T14:26:28.852-0400][317.945s][info][gc,phases   ] GC(34) Y: Concurrent Reset Relocation Set 0.139ms
[2026-09-13T14:26:28.853-0400][317.945s][info][gc,reloc    ] GC(34) Y: Using tenuring threshold: 3 (Computed)
[2026-09-13T14:26:28.854-0400][317.947s][info][gc,phases   ] GC(34) Y: Concurrent Select Relocation Set 1.957ms
[2026-09-13T14:26:28.854-0400][317.947s][info][gc,phases   ] GC(34) Y: Pause Relocate Start 0.008ms
[2026-09-13T14:26:28.989-0400][318.082s][info][gc,phases   ] GC(34) Y: Concurrent Relocate 134.848ms
[2026-09-13T14:26:28.989-0400][318.082s][info][gc,alloc    ] GC(34) Y:                         Mark Start        Mark End      Relocate Start    Relocate End   
[2026-09-13T14:26:28.989-0400][318.082s][info][gc,alloc    ] GC(34) Y: Allocation Stalls:          0                0                0                0         
[2026-09-13T14:26:28.989-0400][318.082s][info][gc,load     ] GC(34) Y: Load: 0.00 (0%) / 0.00 (0%) / 0.00 (0%)
[2026-09-13T14:26:28.989-0400][318.082s][info][gc,mmu      ] GC(34) Y: MMU: 2ms/96.9%, 5ms/98.8%, 10ms/99.4%, 20ms/99.6%, 50ms/99.9%, 100ms/99.9%
[2026-09-13T14:26:28.989-0400][318.082s][info][gc,marking  ] GC(34) Y: Mark: 4 stripe(s), 3 proactive flush(es), 1 terminate flush(es), 0 completion(s), 0 continuation(s) 
[2026-09-13T14:26:28.989-0400][318.082s][info][gc,nmethod  ] GC(34) Y: NMethods: 24289 registered, 5813 unregistered
[2026-09-13T14:26:28.989-0400][318.082s][info][gc,metaspace] GC(34) Y: Metaspace: 541M used, 543M committed, 1472M reserved
[2026-09-13T14:26:28.990-0400][318.082s][info][gc,reloc    ] GC(34) Y:                        Candidates     Selected     In-Place         Size        Empty    Relocated 
[2026-09-13T14:26:28.990-0400][318.082s][info][gc,reloc    ] GC(34) Y: Small Pages:                 2243         1960            0        4486M         178M         230M 
[2026-09-13T14:26:28.990-0400][318.082s][info][gc,reloc    ] GC(34) Y: Medium Pages:                  28           20            0         896M          32M         138M 
[2026-09-13T14:26:28.990-0400][318.082s][info][gc,reloc    ] GC(34) Y: Large Pages:                   54            0            0         480M         344M           0M 
[2026-09-13T14:26:28.990-0400][318.082s][info][gc,reloc    ] GC(34) Y: Forwarding Usage: 15M
[2026-09-13T14:26:28.990-0400][318.082s][info][gc,reloc    ] GC(34) Y: Age Table:
[2026-09-13T14:26:28.990-0400][318.082s][info][gc,reloc    ] GC(34) Y:                    Live             Garbage             Small              Medium             Large        
[2026-09-13T14:26:28.990-0400][318.082s][info][gc,reloc    ] GC(34) Y: Eden             554M (3%)         5099M (25%)       2204 / 1957          25 / 18            49 / 0        
[2026-09-13T14:26:28.990-0400][318.082s][info][gc,reloc    ] GC(34) Y: Survivor 1       113M (1%)           54M (0%)          35 / 2              2 / 1              5 / 0        
[2026-09-13T14:26:28.990-0400][318.082s][info][gc,reloc    ] GC(34) Y: Survivor 2         5M (0%)           34M (0%)           4 / 1              1 / 1              0 / 0        
[2026-09-13T14:26:28.990-0400][318.082s][info][gc,heap     ] GC(34) Y: Min Capacity: 256M(1%)
[2026-09-13T14:26:28.990-0400][318.082s][info][gc,heap     ] GC(34) Y: Max Capacity: 20576M(100%)
[2026-09-13T14:26:28.990-0400][318.082s][info][gc,heap     ] GC(34) Y: Soft Max Capacity: 20576M(100%)
[2026-09-13T14:26:28.990-0400][318.082s][info][gc,heap     ] GC(34) Y: Heap Statistics:
[2026-09-13T14:26:28.990-0400][318.082s][info][gc,heap     ] GC(34) Y:                Mark Start          Mark End        Relocate Start      Relocate End           High               Low         
[2026-09-13T14:26:28.990-0400][318.082s][info][gc,heap     ] GC(34) Y:  Capacity:    19584M (95%)       19584M (95%)       19584M (95%)       19584M (95%)       19584M (95%)       19584M (95%)    
[2026-09-13T14:26:28.990-0400][318.082s][info][gc,heap     ] GC(34) Y:      Free:     7612M (37%)        7468M (36%)        8020M (39%)       12428M (60%)       12428M (60%)        7468M (36%)    
[2026-09-13T14:26:28.990-0400][318.082s][info][gc,heap     ] GC(34) Y:      Used:    12964M (63%)       13108M (64%)       12556M (61%)        8148M (40%)       13108M (64%)        8148M (40%)    
[2026-09-13T14:26:28.990-0400][318.082s][info][gc,heap     ] GC(34) Y: Young Generation Statistics:
[2026-09-13T14:26:28.990-0400][318.082s][info][gc,heap     ] GC(34) Y:                Mark Start          Mark End        Relocate Start      Relocate End    
[2026-09-13T14:26:28.990-0400][318.082s][info][gc,heap     ] GC(34) Y:      Used:     5862M (28%)        6006M (29%)        5454M (27%)        1046M (5%)     
[2026-09-13T14:26:28.990-0400][318.082s][info][gc,heap     ] GC(34) Y:      Live:         -               673M (3%)          673M (3%)          673M (3%)     
[2026-09-13T14:26:28.990-0400][318.082s][info][gc,heap     ] GC(34) Y:   Garbage:         -              5188M (25%)        4634M (23%)           6M (0%)     
[2026-09-13T14:26:28.990-0400][318.082s][info][gc,heap     ] GC(34) Y: Allocated:         -               144M (1%)          146M (1%)          365M (2%)     
[2026-09-13T14:26:28.990-0400][318.082s][info][gc,heap     ] GC(34) Y: Reclaimed:         -                  -               554M (3%)         5181M (25%)    
[2026-09-13T14:26:28.990-0400][318.082s][info][gc,heap     ] GC(34) Y:  Promoted:         -                  -                 0M (0%)            0M (0%)     
[2026-09-13T14:26:28.990-0400][318.082s][info][gc,heap     ] GC(34) Y: Compacted:         -                  -                  -               452M (2%)     
[2026-09-13T14:26:28.990-0400][318.082s][info][gc,phases   ] GC(34) Y: Young Generation 12964M(63%)->8148M(40%) 0.353s
[2026-09-13T14:26:28.990-0400][318.082s][info][gc,phases   ] GC(34) O: Old Generation
[2026-09-13T14:26:34.144-0400][323.236s][info][gc          ] GC(35) Minor Collection (Allocation Rate)
[2026-09-13T14:26:34.144-0400][323.236s][info][gc,task     ] GC(35) Using 2 Workers for Young Generation
[2026-09-13T14:26:34.144-0400][323.236s][info][gc,phases   ] GC(35) y: Young Generation
[2026-09-13T14:26:34.144-0400][323.236s][info][gc,phases   ] GC(35) y: Pause Mark Start 0.014ms
[2026-09-13T14:26:34.442-0400][323.535s][info][gc,phases   ] GC(35) y: Concurrent Mark 298.940ms
[2026-09-13T14:26:34.442-0400][323.536s][info][gc,phases   ] GC(35) y: Pause Mark End 0.024ms
[2026-09-13T14:26:34.442-0400][323.536s][info][gc,phases   ] GC(35) y: Concurrent Mark Free 0.009ms
[2026-09-13T14:26:34.444-0400][323.536s][info][gc,phases   ] GC(35) y: Concurrent Reset Relocation Set 0.124ms
[2026-09-13T14:26:34.444-0400][323.536s][info][gc,reloc    ] GC(35) y: Using tenuring threshold: 4 (Computed)
[2026-09-13T14:26:34.446-0400][323.538s][info][gc,phases   ] GC(35) y: Concurrent Select Relocation Set 1.932ms
[2026-09-13T14:26:34.446-0400][323.538s][info][gc,phases   ] GC(35) y: Pause Relocate Start 0.009ms
[2026-09-13T14:26:34.532-0400][323.624s][info][gc,phases   ] GC(35) y: Concurrent Relocate 86.305ms
[2026-09-13T14:26:34.532-0400][323.624s][info][gc,alloc    ] GC(35) y:                         Mark Start        Mark End      Relocate Start    Relocate End   
[2026-09-13T14:26:34.532-0400][323.624s][info][gc,alloc    ] GC(35) y: Allocation Stalls:          0                0                0                0         
[2026-09-13T14:26:34.532-0400][323.624s][info][gc,load     ] GC(35) y: Load: 0.00 (0%) / 0.00 (0%) / 0.00 (0%)
[2026-09-13T14:26:34.532-0400][323.624s][info][gc,mmu      ] GC(35) y: MMU: 2ms/96.9%, 5ms/98.8%, 10ms/99.4%, 20ms/99.6%, 50ms/99.9%, 100ms/99.9%
[2026-09-13T14:26:34.532-0400][323.624s][info][gc,marking  ] GC(35) y: Mark: 2 stripe(s), 2 proactive flush(es), 1 terminate flush(es), 0 completion(s), 0 continuation(s) 
[2026-09-13T14:26:34.532-0400][323.624s][info][gc,nmethod  ] GC(35) y: NMethods: 24320 registered, 5813 unregistered
[2026-09-13T14:26:34.532-0400][323.624s][info][gc,metaspace] GC(35) y: Metaspace: 541M used, 543M committed, 1472M reserved
[2026-09-13T14:26:34.532-0400][323.624s][info][gc,reloc    ] GC(35) y:                        Candidates     Selected     In-Place         Size        Empty    Relocated 
[2026-09-13T14:26:34.532-0400][323.624s][info][gc,reloc    ] GC(35) y: Small Pages:                 1776         1315            0        3552M         358M         172M 
[2026-09-13T14:26:34.532-0400][323.624s][info][gc,reloc    ] GC(35) y: Medium Pages:                  20           10            0         640M          96M          18M 
[2026-09-13T14:26:34.532-0400][323.624s][info][gc,reloc    ] GC(35) y: Large Pages:                   22            0            0         156M          20M           0M 
[2026-09-13T14:26:34.532-0400][323.624s][info][gc,reloc    ] GC(35) y: Forwarding Usage: 12M
[2026-09-13T14:26:34.532-0400][323.624s][info][gc,reloc    ] GC(35) y: Age Table:
[2026-09-13T14:26:34.532-0400][323.624s][info][gc,reloc    ] GC(35) y:                    Live             Garbage             Small              Medium             Large        
[2026-09-13T14:26:34.532-0400][323.624s][info][gc,reloc    ] GC(35) y: Eden             191M (1%)         3334M (16%)       1593 / 1309          10 / 6              2 / 0        
[2026-09-13T14:26:34.532-0400][323.624s][info][gc,reloc    ] GC(35) y: Survivor 1       554M (3%)           69M (0%)         146 / 4              7 / 2             16 / 0        
[2026-09-13T14:26:34.532-0400][323.624s][info][gc,reloc    ] GC(35) y: Survivor 2       112M (1%)           47M (0%)          34 / 1              2 / 1              4 / 0        
[2026-09-13T14:26:34.532-0400][323.624s][info][gc,reloc    ] GC(35) y: Survivor 3         5M (0%)           32M (0%)           3 / 1              1 / 1              0 / 0        
[2026-09-13T14:26:34.532-0400][323.624s][info][gc,heap     ] GC(35) y: Min Capacity: 256M(1%)
[2026-09-13T14:26:34.532-0400][323.625s][info][gc,heap     ] GC(35) y: Max Capacity: 20576M(100%)
[2026-09-13T14:26:34.532-0400][323.625s][info][gc,heap     ] GC(35) y: Soft Max Capacity: 20576M(100%)
[2026-09-13T14:26:34.532-0400][323.625s][info][gc,heap     ] GC(35) y: Heap Statistics:
[2026-09-13T14:26:34.532-0400][323.625s][info][gc,heap     ] GC(35) y:                Mark Start          Mark End        Relocate Start      Relocate End           High               Low         
[2026-09-13T14:26:34.532-0400][323.625s][info][gc,heap     ] GC(35) y:  Capacity:    19584M (95%)       19584M (95%)       19584M (95%)       19584M (95%)       19584M (95%)       19584M (95%)    
[2026-09-13T14:26:34.532-0400][323.625s][info][gc,heap     ] GC(35) y:      Free:     9126M (44%)        8932M (43%)        9404M (46%)       12162M (59%)       12162M (59%)        8932M (43%)    
[2026-09-13T14:26:34.532-0400][323.625s][info][gc,heap     ] GC(35) y:      Used:    11450M (56%)       11644M (57%)       11172M (54%)        8414M (41%)       11644M (57%)        8414M (41%)    
[2026-09-13T14:26:34.532-0400][323.625s][info][gc,heap     ] GC(35) y: Young Generation Statistics:
[2026-09-13T14:26:34.532-0400][323.625s][info][gc,heap     ] GC(35) y:                Mark Start          Mark End        Relocate Start      Relocate End    
[2026-09-13T14:26:34.532-0400][323.625s][info][gc,heap     ] GC(35) y:      Used:     4348M (21%)        4542M (22%)        4070M (20%)        1312M (6%)     
[2026-09-13T14:26:34.532-0400][323.625s][info][gc,heap     ] GC(35) y:      Live:         -               864M (4%)          864M (4%)          864M (4%)     
[2026-09-13T14:26:34.532-0400][323.625s][info][gc,heap     ] GC(35) y:   Garbage:         -              3483M (17%)        3009M (15%)          19M (0%)     
[2026-09-13T14:26:34.532-0400][323.625s][info][gc,heap     ] GC(35) y: Allocated:         -               194M (1%)          196M (1%)          428M (2%)     
[2026-09-13T14:26:34.532-0400][323.625s][info][gc,heap     ] GC(35) y: Reclaimed:         -                  -               474M (2%)         3464M (17%)    
[2026-09-13T14:26:34.532-0400][323.625s][info][gc,heap     ] GC(35) y:  Promoted:         -                  -                 0M (0%)            0M (0%)     
[2026-09-13T14:26:34.532-0400][323.625s][info][gc,heap     ] GC(35) y: Compacted:         -                  -                  -               213M (1%)     
[2026-09-13T14:26:34.532-0400][323.625s][info][gc,phases   ] GC(35) y: Young Generation 11450M(56%)->8414M(41%) 0.388s
[2026-09-13T14:26:34.532-0400][323.625s][info][gc          ] GC(35) Minor Collection (Allocation Rate) 11450M(56%)->8414M(41%) 0.389s
[2026-09-13T14:26:36.818-0400][325.910s][info][gc,phases   ] GC(34) O: Concurrent Mark 7827.923ms
[2026-09-13T14:26:36.818-0400][325.910s][info][gc,phases   ] GC(34) O: Pause Mark End 0.018ms
[2026-09-13T14:26:36.818-0400][325.910s][info][gc,phases   ] GC(34) O: Concurrent Mark Free 0.005ms
[2026-09-13T14:26:37.002-0400][326.094s][info][gc,phases   ] GC(34) O: Concurrent Process Non-Strong 183.727ms
[2026-09-13T14:26:37.002-0400][326.094s][info][gc,phases   ] GC(34) O: Concurrent Reset Relocation Set 0.009ms
[2026-09-13T14:26:37.028-0400][326.121s][info][gc,phases   ] GC(34) O: Concurrent Select Relocation Set 26.736ms
[2026-09-13T14:26:37.029-0400][326.121s][info][gc,task     ] GC(34) O: Using 3 Workers for Old Generation
[2026-09-13T14:26:37.064-0400][326.156s][info][gc,task     ] GC(34) O: Using 1 Workers for Old Generation
[2026-09-13T14:26:37.064-0400][326.157s][info][gc,phases   ] GC(34) O: Concurrent Remap Roots 35.557ms
[2026-09-13T14:26:37.064-0400][326.157s][info][gc,phases   ] GC(34) O: Pause Relocate Start 0.012ms
[2026-09-13T14:26:37.498-0400][326.591s][info][gc,phases   ] GC(34) O: Concurrent Relocate 434.378ms
[2026-09-13T14:26:37.499-0400][326.591s][info][gc,alloc    ] GC(34) O:                         Mark Start        Mark End      Relocate Start    Relocate End   
[2026-09-13T14:26:37.499-0400][326.591s][info][gc,alloc    ] GC(34) O: Allocation Stalls:          0                0                0                0         
[2026-09-13T14:26:37.499-0400][326.591s][info][gc,load     ] GC(34) O: Load: 0.00 (0%) / 0.00 (0%) / 0.00 (0%)
[2026-09-13T14:26:37.499-0400][326.591s][info][gc,mmu      ] GC(34) O: MMU: 2ms/96.9%, 5ms/98.8%, 10ms/99.4%, 20ms/99.6%, 50ms/99.9%, 100ms/99.9%
[2026-09-13T14:26:37.499-0400][326.591s][info][gc,marking  ] GC(34) O: Mark: 1 stripe(s), 2 proactive flush(es), 1 terminate flush(es), 0 completion(s), 0 continuation(s) 
[2026-09-13T14:26:37.499-0400][326.591s][info][gc,nmethod  ] GC(34) O: NMethods: 23440 registered, 6793 unregistered
[2026-09-13T14:26:37.499-0400][326.591s][info][gc,metaspace] GC(34) O: Metaspace: 541M used, 543M committed, 1472M reserved
[2026-09-13T14:26:37.499-0400][326.591s][info][gc,ref      ] GC(34) O:                       Encountered   Discovered     Enqueued 
[2026-09-13T14:26:37.499-0400][326.591s][info][gc,ref      ] GC(34) O: Soft References:            39296            0            0 
[2026-09-13T14:26:37.499-0400][326.591s][info][gc,ref      ] GC(34) O: Weak References:           228504       208780       102812 
[2026-09-13T14:26:37.499-0400][326.591s][info][gc,ref      ] GC(34) O: Final References:            3905         3397         2918 
[2026-09-13T14:26:37.499-0400][326.591s][info][gc,ref      ] GC(34) O: Phantom References:        151180        31682        26475 
[2026-09-13T14:26:37.499-0400][326.591s][info][gc,reloc    ] GC(34) O:                        Candidates     Selected     In-Place         Size        Empty    Relocated 
[2026-09-13T14:26:37.499-0400][326.591s][info][gc,reloc    ] GC(34) O: Small Pages:                 2234          105            0        4468M          10M          87M 
[2026-09-13T14:26:37.499-0400][326.591s][info][gc,reloc    ] GC(34) O: Medium Pages:                  75            7            0        2400M           0M          62M 
[2026-09-13T14:26:37.499-0400][326.591s][info][gc,reloc    ] GC(34) O: Large Pages:                   27            0            0         234M          40M           0M 
[2026-09-13T14:26:37.499-0400][326.591s][info][gc,reloc    ] GC(34) O: Forwarding Usage: 86M
[2026-09-13T14:26:37.499-0400][326.591s][info][gc,heap     ] GC(34) O: Min Capacity: 256M(1%)
[2026-09-13T14:26:37.499-0400][326.591s][info][gc,heap     ] GC(34) O: Max Capacity: 20576M(100%)
[2026-09-13T14:26:37.499-0400][326.591s][info][gc,heap     ] GC(34) O: Soft Max Capacity: 20576M(100%)
[2026-09-13T14:26:37.499-0400][326.591s][info][gc,heap     ] GC(34) O: Heap Statistics:
[2026-09-13T14:26:37.499-0400][326.591s][info][gc,heap     ] GC(34) O:                Mark Start          Mark End        Relocate Start      Relocate End           High               Low         
[2026-09-13T14:26:37.499-0400][326.591s][info][gc,heap     ] GC(34) O:  Capacity:    19584M (95%)       19584M (95%)       19584M (95%)       19584M (95%)       19584M (95%)       19584M (95%)    
[2026-09-13T14:26:37.499-0400][326.591s][info][gc,heap     ] GC(34) O:      Free:     7612M (37%)       10870M (53%)       10770M (52%)       11058M (54%)       12428M (60%)        7468M (36%)    
[2026-09-13T14:26:37.499-0400][326.591s][info][gc,heap     ] GC(34) O:      Used:    12964M (63%)        9706M (47%)        9806M (48%)        9518M (46%)       13108M (64%)        8148M (40%)    
[2026-09-13T14:26:37.499-0400][326.591s][info][gc,heap     ] GC(34) O: Old Generation Statistics:
[2026-09-13T14:26:37.499-0400][326.591s][info][gc,heap     ] GC(34) O:                Mark Start          Mark End        Relocate Start      Relocate End    
[2026-09-13T14:26:37.499-0400][326.591s][info][gc,heap     ] GC(34) O:      Used:     7102M (35%)        7102M (35%)        7052M (34%)        6616M (32%)    
[2026-09-13T14:26:37.499-0400][326.591s][info][gc,heap     ] GC(34) O:      Live:         -              6330M (31%)        6330M (31%)        6330M (31%)    
[2026-09-13T14:26:37.499-0400][326.592s][info][gc,heap     ] GC(34) O:   Garbage:         -               771M (4%)          721M (4%)          210M (1%)     
[2026-09-13T14:26:37.499-0400][326.592s][info][gc,heap     ] GC(34) O: Allocated:         -                 0M (0%)            0M (0%)           74M (0%)     
[2026-09-13T14:26:37.499-0400][326.592s][info][gc,heap     ] GC(34) O: Reclaimed:         -                  -                50M (0%)          560M (3%)     
[2026-09-13T14:26:37.499-0400][326.592s][info][gc,heap     ] GC(34) O: Compacted:         -                  -                  -               531M (3%)     
[2026-09-13T14:26:37.499-0400][326.592s][info][gc,phases   ] GC(34) O: Old Generation 8148M(40%)->9518M(46%) 8.509s
[2026-09-13T14:26:37.499-0400][326.592s][info][gc          ] GC(34) Major Collection (Allocation Rate) 12964M(63%)->9518M(46%) 8.863s
[2026-09-13T14:26:40.746-0400][329.837s][info][gc          ] GC(36) Minor Collection (Allocation Rate)
[2026-09-13T14:26:40.746-0400][329.838s][info][gc,task     ] GC(36) Using 1 Workers for Young Generation
[2026-09-13T14:26:40.746-0400][329.838s][info][gc,phases   ] GC(36) y: Young Generation
[2026-09-13T14:26:40.746-0400][329.838s][info][gc,phases   ] GC(36) y: Pause Mark Start 0.015ms
[2026-09-13T14:26:41.774-0400][330.867s][info][gc,phases   ] GC(36) y: Concurrent Mark 1029.372ms
[2026-09-13T14:26:41.775-0400][330.867s][info][gc,phases   ] GC(36) y: Pause Mark End 0.017ms
[2026-09-13T14:26:41.775-0400][330.867s][info][gc,phases   ] GC(36) y: Concurrent Mark Free 0.004ms
[2026-09-13T14:26:41.775-0400][330.867s][info][gc,phases   ] GC(36) y: Concurrent Reset Relocation Set 0.050ms
[2026-09-13T14:26:41.776-0400][330.868s][info][gc,reloc    ] GC(36) y: Using tenuring threshold: 1 (Computed)
[2026-09-13T14:26:41.865-0400][330.957s][info][gc,phases   ] GC(36) y: Concurrent Select Relocation Set 89.230ms
[2026-09-13T14:26:41.865-0400][330.957s][info][gc,phases   ] GC(36) y: Pause Relocate Start 0.010ms
[2026-09-13T14:26:42.357-0400][331.449s][info][gc,phases   ] GC(36) y: Concurrent Relocate 492.190ms
[2026-09-13T14:26:42.357-0400][331.449s][info][gc,alloc    ] GC(36) y:                         Mark Start        Mark End      Relocate Start    Relocate End   
[2026-09-13T14:26:42.357-0400][331.449s][info][gc,alloc    ] GC(36) y: Allocation Stalls:          0                0                0                0         
[2026-09-13T14:26:42.357-0400][331.449s][info][gc,load     ] GC(36) y: Load: 0.00 (0%) / 0.00 (0%) / 0.00 (0%)
[2026-09-13T14:26:42.357-0400][331.449s][info][gc,mmu      ] GC(36) y: MMU: 2ms/96.9%, 5ms/98.8%, 10ms/99.4%, 20ms/99.6%, 50ms/99.9%, 100ms/99.9%
[2026-09-13T14:26:42.357-0400][331.449s][info][gc,marking  ] GC(36) y: Mark: 1 stripe(s), 2 proactive flush(es), 1 terminate flush(es), 0 completion(s), 0 continuation(s) 
[2026-09-13T14:26:42.357-0400][331.449s][info][gc,nmethod  ] GC(36) y: NMethods: 23567 registered, 6793 unregistered
[2026-09-13T14:26:42.357-0400][331.449s][info][gc,metaspace] GC(36) y: Metaspace: 541M used, 543M committed, 1472M reserved
[2026-09-13T14:26:42.357-0400][331.449s][info][gc,reloc    ] GC(36) y:                        Candidates     Selected     In-Place         Size        Empty    Relocated 
[2026-09-13T14:26:42.357-0400][331.449s][info][gc,reloc    ] GC(36) y: Small Pages:                 3061         1374            0        6122M        2480M         161M 
[2026-09-13T14:26:42.357-0400][331.449s][info][gc,reloc    ] GC(36) y: Medium Pages:                  20            5            0         640M         192M          43M 
[2026-09-13T14:26:42.357-0400][331.449s][info][gc,reloc    ] GC(36) y: Large Pages:                   21            0            0         142M           0M           0M 
[2026-09-13T14:26:42.357-0400][331.449s][info][gc,reloc    ] GC(36) y: Forwarding Usage: 110M
[2026-09-13T14:26:42.357-0400][331.449s][info][gc,reloc    ] GC(36) y: Age Table:
[2026-09-13T14:26:42.357-0400][331.449s][info][gc,reloc    ] GC(36) y:                    Live             Garbage             Small              Medium             Large        
[2026-09-13T14:26:42.357-0400][331.449s][info][gc,reloc    ] GC(36) y: Eden             379M (2%)         5452M (26%)       2785 / 1366           8 / 2              1 / 0        
[2026-09-13T14:26:42.357-0400][331.449s][info][gc,reloc    ] GC(36) y: Survivor 1       184M (1%)           71M (0%)          96 / 2              2 / 1              0 / 0        
[2026-09-13T14:26:42.357-0400][331.449s][info][gc,reloc    ] GC(36) y: Survivor 2       548M (3%)           37M (0%)         143 / 3              6 / 1             16 / 0        
[2026-09-13T14:26:42.357-0400][331.449s][info][gc,reloc    ] GC(36) y: Survivor 3       101M (0%)           88M (0%)          33 / 1              3 / 1              4 / 0        
[2026-09-13T14:26:42.357-0400][331.449s][info][gc,reloc    ] GC(36) y: Survivor 4         2M (0%)           37M (0%)           4 / 2              1 / 0              0 / 0        
[2026-09-13T14:26:42.357-0400][331.449s][info][gc,heap     ] GC(36) y: Min Capacity: 256M(1%)
[2026-09-13T14:26:42.357-0400][331.449s][info][gc,heap     ] GC(36) y: Max Capacity: 20576M(100%)
[2026-09-13T14:26:42.357-0400][331.449s][info][gc,heap     ] GC(36) y: Soft Max Capacity: 20576M(100%)
[2026-09-13T14:26:42.357-0400][331.449s][info][gc,heap     ] GC(36) y: Heap Statistics:
[2026-09-13T14:26:42.357-0400][331.449s][info][gc,heap     ] GC(36) y:                Mark Start          Mark End        Relocate Start      Relocate End           High               Low         
[2026-09-13T14:26:42.357-0400][331.449s][info][gc,heap     ] GC(36) y:  Capacity:    19584M (95%)       19584M (95%)       19584M (95%)       19584M (95%)       19584M (95%)       19584M (95%)    
[2026-09-13T14:26:42.357-0400][331.449s][info][gc,heap     ] GC(36) y:      Free:     7056M (34%)        5220M (25%)        7844M (38%)       10348M (50%)       10492M (51%)        5220M (25%)    
[2026-09-13T14:26:42.357-0400][331.449s][info][gc,heap     ] GC(36) y:      Used:    13520M (66%)       15356M (75%)       12732M (62%)       10228M (50%)       15356M (75%)       10084M (49%)    
[2026-09-13T14:26:42.357-0400][331.449s][info][gc,heap     ] GC(36) y: Young Generation Statistics:
[2026-09-13T14:26:42.357-0400][331.449s][info][gc,heap     ] GC(36) y:                Mark Start          Mark End        Relocate Start      Relocate End    
[2026-09-13T14:26:42.357-0400][331.449s][info][gc,heap     ] GC(36) y:      Used:     6904M (34%)        8740M (42%)        5292M (26%)        2748M (13%)    
[2026-09-13T14:26:42.357-0400][331.449s][info][gc,heap     ] GC(36) y:      Live:         -              1217M (6%)          416M (2%)          379M (2%)     
[2026-09-13T14:26:42.357-0400][331.449s][info][gc,heap     ] GC(36) y:   Garbage:         -              5686M (28%)        2991M (15%)          24M (0%)     
[2026-09-13T14:26:42.357-0400][331.449s][info][gc,heap     ] GC(36) y: Allocated:         -              1836M (9%)         1884M (9%)         2343M (11%)    
[2026-09-13T14:26:42.357-0400][331.449s][info][gc,heap     ] GC(36) y: Reclaimed:         -                  -              2695M (13%)        5662M (28%)    
[2026-09-13T14:26:42.357-0400][331.450s][info][gc,heap     ] GC(36) y:  Promoted:         -                  -               800M (4%)          837M (4%)     
[2026-09-13T14:26:42.357-0400][331.450s][info][gc,heap     ] GC(36) y: Compacted:         -                  -                  -               298M (1%)     
[2026-09-13T14:26:42.357-0400][331.450s][info][gc,phases   ] GC(36) y: Young Generation 13520M(66%)->10228M(50%) 1.612s
[2026-09-13T14:26:42.357-0400][331.450s][info][gc          ] GC(36) Minor Collection (Allocation Rate) 13520M(66%)->10228M(50%) 1.612s
[2026-09-13T14:26:47.220-0400][336.312s][info][gc          ] GC(37) Minor Collection (Allocation Rate)
[2026-09-13T14:26:47.220-0400][336.312s][info][gc,task     ] GC(37) Using 1 Workers for Young Generation
[2026-09-13T14:26:47.220-0400][336.312s][info][gc,phases   ] GC(37) y: Young Generation
[2026-09-13T14:26:47.220-0400][336.312s][info][gc,phases   ] GC(37) y: Pause Mark Start 0.011ms
[2026-09-13T14:26:48.014-0400][337.107s][info][gc,phases   ] GC(37) y: Concurrent Mark 794.362ms
[2026-09-13T14:26:48.014-0400][337.107s][info][gc,phases   ] GC(37) y: Pause Mark End 0.016ms
[2026-09-13T14:26:48.014-0400][337.107s][info][gc,phases   ] GC(37) y: Concurrent Mark Free 0.004ms
[2026-09-13T14:26:48.018-0400][337.111s][info][gc,phases   ] GC(37) y: Concurrent Reset Relocation Set 4.096ms
[2026-09-13T14:26:48.019-0400][337.112s][info][gc,reloc    ] GC(37) y: Using tenuring threshold: 2 (Computed)
[2026-09-13T14:26:48.029-0400][337.121s][info][gc,phases   ] GC(37) y: Concurrent Select Relocation Set 9.630ms
[2026-09-13T14:26:48.029-0400][337.121s][info][gc,phases   ] GC(37) y: Pause Relocate Start 0.009ms
[2026-09-13T14:26:48.371-0400][337.464s][info][gc,phases   ] GC(37) y: Concurrent Relocate 342.817ms
[2026-09-13T14:26:48.371-0400][337.464s][info][gc,alloc    ] GC(37) y:                         Mark Start        Mark End      Relocate Start    Relocate End   
[2026-09-13T14:26:48.371-0400][337.464s][info][gc,alloc    ] GC(37) y: Allocation Stalls:          0                0                0                0         
[2026-09-13T14:26:48.371-0400][337.464s][info][gc,load     ] GC(37) y: Load: 0.00 (0%) / 0.00 (0%) / 0.00 (0%)
[2026-09-13T14:26:48.371-0400][337.464s][info][gc,mmu      ] GC(37) y: MMU: 2ms/96.9%, 5ms/98.8%, 10ms/99.4%, 20ms/99.6%, 50ms/99.9%, 100ms/99.9%
[2026-09-13T14:26:48.371-0400][337.464s][info][gc,marking  ] GC(37) y: Mark: 1 stripe(s), 2 proactive flush(es), 1 terminate flush(es), 0 completion(s), 0 continuation(s) 
[2026-09-13T14:26:48.371-0400][337.464s][info][gc,nmethod  ] GC(37) y: NMethods: 24473 registered, 6793 unregistered
[2026-09-13T14:26:48.371-0400][337.464s][info][gc,metaspace] GC(37) y: Metaspace: 550M used, 552M committed, 1472M reserved
[2026-09-13T14:26:48.371-0400][337.464s][info][gc,reloc    ] GC(37) y:                        Candidates     Selected     In-Place         Size        Empty    Relocated 
[2026-09-13T14:26:48.371-0400][337.464s][info][gc,reloc    ] GC(37) y: Small Pages:                 2765         1782            0        5530M        1672M         138M 
[2026-09-13T14:26:48.371-0400][337.464s][info][gc,reloc    ] GC(37) y: Medium Pages:                   5            1            0         160M          32M          13M 
[2026-09-13T14:26:48.371-0400][337.464s][info][gc,reloc    ] GC(37) y: Large Pages:                    1            0            0           6M           6M           0M 
[2026-09-13T14:26:48.371-0400][337.464s][info][gc,reloc    ] GC(37) y: Forwarding Usage: 67M
[2026-09-13T14:26:48.371-0400][337.464s][info][gc,reloc    ] GC(37) y: Age Table:
[2026-09-13T14:26:48.371-0400][337.464s][info][gc,reloc    ] GC(37) y:                    Live             Garbage             Small              Medium             Large        
[2026-09-13T14:26:48.371-0400][337.464s][info][gc,reloc    ] GC(37) y: Eden             169M (1%)         5066M (25%)       2602 / 1764           1 / 0              0 / 0        
[2026-09-13T14:26:48.371-0400][337.464s][info][gc,reloc    ] GC(37) y: Survivor 1       158M (1%)          301M (1%)         163 / 18             4 / 1              1 / 0        
[2026-09-13T14:26:48.371-0400][337.464s][info][gc,heap     ] GC(37) y: Min Capacity: 256M(1%)
[2026-09-13T14:26:48.371-0400][337.464s][info][gc,heap     ] GC(37) y: Max Capacity: 20576M(100%)
[2026-09-13T14:26:48.371-0400][337.464s][info][gc,heap     ] GC(37) y: Soft Max Capacity: 20576M(100%)
[2026-09-13T14:26:48.371-0400][337.464s][info][gc,heap     ] GC(37) y: Heap Statistics:
[2026-09-13T14:26:48.371-0400][337.464s][info][gc,heap     ] GC(37) y:                Mark Start          Mark End        Relocate Start      Relocate End           High               Low         
[2026-09-13T14:26:48.371-0400][337.464s][info][gc,heap     ] GC(37) y:  Capacity:    19584M (95%)       19584M (95%)       19584M (95%)       19584M (95%)       19584M (95%)       19584M (95%)    
[2026-09-13T14:26:48.371-0400][337.464s][info][gc,heap     ] GC(37) y:      Free:     7400M (36%)        6572M (32%)        8270M (40%)       11546M (56%)       11556M (56%)        6570M (32%)    
[2026-09-13T14:26:48.371-0400][337.464s][info][gc,heap     ] GC(37) y:      Used:    13176M (64%)       14004M (68%)       12306M (60%)        9030M (44%)       14006M (68%)        9020M (44%)    
[2026-09-13T14:26:48.371-0400][337.464s][info][gc,heap     ] GC(37) y: Young Generation Statistics:
[2026-09-13T14:26:48.371-0400][337.464s][info][gc,heap     ] GC(37) y:                Mark Start          Mark End        Relocate Start      Relocate End    
[2026-09-13T14:26:48.371-0400][337.464s][info][gc,heap     ] GC(37) y:      Used:     5696M (28%)        6524M (32%)        4826M (23%)        1550M (8%)     
[2026-09-13T14:26:48.371-0400][337.464s][info][gc,heap     ] GC(37) y:      Live:         -               327M (2%)          327M (2%)          327M (2%)     
[2026-09-13T14:26:48.371-0400][337.464s][info][gc,heap     ] GC(37) y:   Garbage:         -              5368M (26%)        3658M (18%)          23M (0%)     
[2026-09-13T14:26:48.371-0400][337.464s][info][gc,heap     ] GC(37) y: Allocated:         -               828M (4%)          840M (4%)         1199M (6%)     
[2026-09-13T14:26:48.371-0400][337.464s][info][gc,heap     ] GC(37) y: Reclaimed:         -                  -              1710M (8%)         5345M (26%)    
[2026-09-13T14:26:48.371-0400][337.464s][info][gc,heap     ] GC(37) y:  Promoted:         -                  -                 0M (0%)            0M (0%)     
[2026-09-13T14:26:48.371-0400][337.464s][info][gc,heap     ] GC(37) y: Compacted:         -                  -                  -               186M (1%)     
[2026-09-13T14:26:48.371-0400][337.464s][info][gc,phases   ] GC(37) y: Young Generation 13176M(64%)->9030M(44%) 1.151s
[2026-09-13T14:26:48.371-0400][337.464s][info][gc          ] GC(37) Minor Collection (Allocation Rate) 13176M(64%)->9030M(44%) 1.152s
[2026-09-13T14:26:57.184-0400][346.276s][info][gc          ] GC(38) Minor Collection (Allocation Rate)
[2026-09-13T14:26:57.184-0400][346.276s][info][gc,task     ] GC(38) Using 1 Workers for Young Generation
[2026-09-13T14:26:57.184-0400][346.276s][info][gc,phases   ] GC(38) y: Young Generation
[2026-09-13T14:26:57.184-0400][346.276s][info][gc,phases   ] GC(38) y: Pause Mark Start 0.012ms
[2026-09-13T14:26:58.429-0400][347.521s][info][gc,phases   ] GC(38) y: Concurrent Mark 1244.332ms
[2026-09-13T14:26:58.429-0400][347.521s][info][gc,phases   ] GC(38) y: Pause Mark End 0.016ms
[2026-09-13T14:26:58.429-0400][347.521s][info][gc,phases   ] GC(38) y: Concurrent Mark Free 0.003ms
[2026-09-13T14:26:58.429-0400][347.521s][info][gc,phases   ] GC(38) y: Concurrent Reset Relocation Set 0.065ms
[2026-09-13T14:26:58.430-0400][347.522s][info][gc,reloc    ] GC(38) y: Using tenuring threshold: 3 (Computed)
[2026-09-13T14:26:58.452-0400][347.545s][info][gc,phases   ] GC(38) y: Concurrent Select Relocation Set 23.538ms
[2026-09-13T14:26:58.452-0400][347.545s][info][gc,phases   ] GC(38) y: Pause Relocate Start 0.011ms
[2026-09-13T14:26:58.864-0400][347.957s][info][gc,phases   ] GC(38) y: Concurrent Relocate 412.165ms
[2026-09-13T14:26:58.864-0400][347.957s][info][gc,alloc    ] GC(38) y:                         Mark Start        Mark End      Relocate Start    Relocate End   
[2026-09-13T14:26:58.864-0400][347.957s][info][gc,alloc    ] GC(38) y: Allocation Stalls:          0                0                0                0         
[2026-09-13T14:26:58.864-0400][347.957s][info][gc,load     ] GC(38) y: Load: 0.00 (0%) / 0.00 (0%) / 0.00 (0%)
[2026-09-13T14:26:58.864-0400][347.957s][info][gc,mmu      ] GC(38) y: MMU: 2ms/96.9%, 5ms/98.8%, 10ms/99.4%, 20ms/99.6%, 50ms/99.9%, 100ms/99.9%
[2026-09-13T14:26:58.864-0400][347.957s][info][gc,marking  ] GC(38) y: Mark: 1 stripe(s), 2 proactive flush(es), 1 terminate flush(es), 0 completion(s), 0 continuation(s) 
[2026-09-13T14:26:58.864-0400][347.957s][info][gc,nmethod  ] GC(38) y: NMethods: 26193 registered, 6793 unregistered
[2026-09-13T14:26:58.864-0400][347.957s][info][gc,metaspace] GC(38) y: Metaspace: 561M used, 564M committed, 1472M reserved
[2026-09-13T14:26:58.864-0400][347.957s][info][gc,reloc    ] GC(38) y:                        Candidates     Selected     In-Place         Size        Empty    Relocated 
[2026-09-13T14:26:58.864-0400][347.957s][info][gc,reloc    ] GC(38) y: Small Pages:                 3770         2920            0        7540M        1150M         189M 
[2026-09-13T14:26:58.864-0400][347.957s][info][gc,reloc    ] GC(38) y: Medium Pages:                   6            2            0         192M           0M          15M 
[2026-09-13T14:26:58.864-0400][347.957s][info][gc,reloc    ] GC(38) y: Large Pages:                    8            0            0         324M         312M           0M 
[2026-09-13T14:26:58.864-0400][347.957s][info][gc,reloc    ] GC(38) y: Forwarding Usage: 83M
[2026-09-13T14:26:58.864-0400][347.957s][info][gc,reloc    ] GC(38) y: Age Table:
[2026-09-13T14:26:58.864-0400][347.957s][info][gc,reloc    ] GC(38) y:                    Live             Garbage             Small              Medium             Large        
[2026-09-13T14:26:58.864-0400][347.957s][info][gc,reloc    ] GC(38) y: Eden             274M (1%)         7337M (36%)       3628 / 2914           1 / 0              8 / 0        
[2026-09-13T14:26:58.864-0400][347.957s][info][gc,reloc    ] GC(38) y: Survivor 1       166M (1%)           75M (0%)          89 / 4              2 / 1              0 / 0        
[2026-09-13T14:26:58.864-0400][347.957s][info][gc,reloc    ] GC(38) y: Survivor 2       157M (1%)           44M (0%)          53 / 2              3 / 1              0 / 0        
[2026-09-13T14:26:58.864-0400][347.957s][info][gc,heap     ] GC(38) y: Min Capacity: 256M(1%)
[2026-09-13T14:26:58.864-0400][347.957s][info][gc,heap     ] GC(38) y: Max Capacity: 20576M(100%)
[2026-09-13T14:26:58.864-0400][347.957s][info][gc,heap     ] GC(38) y: Soft Max Capacity: 20576M(100%)
[2026-09-13T14:26:58.864-0400][347.957s][info][gc,heap     ] GC(38) y: Heap Statistics:
[2026-09-13T14:26:58.864-0400][347.957s][info][gc,heap     ] GC(38) y:                Mark Start          Mark End        Relocate Start      Relocate End           High               Low         
[2026-09-13T14:26:58.865-0400][347.957s][info][gc,heap     ] GC(38) y:  Capacity:    19584M (95%)       19584M (95%)       19584M (95%)       19584M (95%)       19584M (95%)       19584M (95%)    
[2026-09-13T14:26:58.865-0400][347.957s][info][gc,heap     ] GC(38) y:      Free:     5040M (24%)        3574M (17%)        5008M (24%)       10386M (50%)       10394M (51%)        3574M (17%)    
[2026-09-13T14:26:58.865-0400][347.957s][info][gc,heap     ] GC(38) y:      Used:    15536M (76%)       17002M (83%)       15568M (76%)       10190M (50%)       17002M (83%)       10182M (49%)    
[2026-09-13T14:26:58.865-0400][347.957s][info][gc,heap     ] GC(38) y: Young Generation Statistics:
[2026-09-13T14:26:58.865-0400][347.957s][info][gc,heap     ] GC(38) y:                Mark Start          Mark End        Relocate Start      Relocate End    
[2026-09-13T14:26:58.865-0400][347.957s][info][gc,heap     ] GC(38) y:      Used:     8056M (39%)        9522M (46%)        8088M (39%)        2710M (13%)    
[2026-09-13T14:26:58.865-0400][347.957s][info][gc,heap     ] GC(38) y:      Live:         -               598M (3%)          598M (3%)          598M (3%)     
[2026-09-13T14:26:58.865-0400][347.957s][info][gc,heap     ] GC(38) y:   Garbage:         -              7457M (36%)        5995M (29%)          39M (0%)     
[2026-09-13T14:26:58.865-0400][347.957s][info][gc,heap     ] GC(38) y: Allocated:         -              1466M (7%)         1494M (7%)         2072M (10%)    
[2026-09-13T14:26:58.865-0400][347.957s][info][gc,heap     ] GC(38) y: Reclaimed:         -                  -              1462M (7%)         7418M (36%)    
[2026-09-13T14:26:58.865-0400][347.957s][info][gc,heap     ] GC(38) y:  Promoted:         -                  -                 0M (0%)            0M (0%)     
[2026-09-13T14:26:58.865-0400][347.957s][info][gc,heap     ] GC(38) y: Compacted:         -                  -                  -               261M (1%)     
[2026-09-13T14:26:58.865-0400][347.957s][info][gc,phases   ] GC(38) y: Young Generation 15536M(76%)->10190M(50%) 1.681s
[2026-09-13T14:26:58.865-0400][347.957s][info][gc          ] GC(38) Minor Collection (Allocation Rate) 15536M(76%)->10190M(50%) 1.681s
[2026-09-13T14:27:04.984-0400][354.076s][info][gc          ] GC(39) Minor Collection (Allocation Rate)
[2026-09-13T14:27:04.984-0400][354.076s][info][gc,task     ] GC(39) Using 1 Workers for Young Generation
[2026-09-13T14:27:04.984-0400][354.076s][info][gc,phases   ] GC(39) y: Young Generation
[2026-09-13T14:27:04.984-0400][354.076s][info][gc,phases   ] GC(39) y: Pause Mark Start 0.017ms
[2026-09-13T14:27:07.076-0400][356.169s][info][gc,phases   ] GC(39) y: Concurrent Mark 2092.726ms
[2026-09-13T14:27:07.076-0400][356.169s][info][gc,phases   ] GC(39) y: Pause Mark End 0.016ms
[2026-09-13T14:27:07.076-0400][356.169s][info][gc,phases   ] GC(39) y: Concurrent Mark Free 0.003ms
[2026-09-13T14:27:07.076-0400][356.169s][info][gc,phases   ] GC(39) y: Concurrent Reset Relocation Set 0.108ms
[2026-09-13T14:27:07.078-0400][356.171s][info][gc,reloc    ] GC(39) y: Using tenuring threshold: 3 (Computed)
[2026-09-13T14:27:07.171-0400][356.263s][info][gc,phases   ] GC(39) y: Concurrent Select Relocation Set 93.929ms
[2026-09-13T14:27:07.171-0400][356.263s][info][gc,phases   ] GC(39) y: Pause Relocate Start 0.010ms
[2026-09-13T14:27:07.901-0400][356.994s][info][gc,phases   ] GC(39) y: Concurrent Relocate 730.301ms
[2026-09-13T14:27:07.902-0400][356.994s][info][gc,alloc    ] GC(39) y:                         Mark Start        Mark End      Relocate Start    Relocate End   
[2026-09-13T14:27:07.902-0400][356.994s][info][gc,alloc    ] GC(39) y: Allocation Stalls:          0                0                0                0         
[2026-09-13T14:27:07.902-0400][356.994s][info][gc,load     ] GC(39) y: Load: 0.00 (0%) / 0.00 (0%) / 0.00 (0%)
[2026-09-13T14:27:07.902-0400][356.994s][info][gc,mmu      ] GC(39) y: MMU: 2ms/96.9%, 5ms/98.8%, 10ms/99.4%, 20ms/99.6%, 50ms/99.9%, 100ms/99.9%
[2026-09-13T14:27:07.902-0400][356.994s][info][gc,marking  ] GC(39) y: Mark: 1 stripe(s), 2 proactive flush(es), 1 terminate flush(es), 0 completion(s), 0 continuation(s) 
[2026-09-13T14:27:07.902-0400][356.994s][info][gc,nmethod  ] GC(39) y: NMethods: 27245 registered, 6793 unregistered
[2026-09-13T14:27:07.902-0400][356.994s][info][gc,metaspace] GC(39) y: Metaspace: 565M used, 567M committed, 1472M reserved
[2026-09-13T14:27:07.902-0400][356.994s][info][gc,reloc    ] GC(39) y:                        Candidates     Selected     In-Place         Size        Empty    Relocated 
[2026-09-13T14:27:07.902-0400][356.994s][info][gc,reloc    ] GC(39) y: Small Pages:                 4103         2642            0        8206M        1888M         338M 
[2026-09-13T14:27:07.902-0400][356.994s][info][gc,reloc    ] GC(39) y: Medium Pages:                   7            3            0         224M           0M          18M 
[2026-09-13T14:27:07.902-0400][356.994s][info][gc,reloc    ] GC(39) y: Large Pages:                    2            0            0          12M           0M           0M 
[2026-09-13T14:27:07.902-0400][356.994s][info][gc,reloc    ] GC(39) y: Forwarding Usage: 161M
[2026-09-13T14:27:07.902-0400][356.994s][info][gc,reloc    ] GC(39) y: Age Table:
[2026-09-13T14:27:07.902-0400][356.994s][info][gc,reloc    ] GC(39) y:                    Live             Garbage             Small              Medium             Large        
[2026-09-13T14:27:07.902-0400][356.994s][info][gc,reloc    ] GC(39) y: Eden             459M (2%)         7250M (35%)       3839 / 2635           1 / 1              0 / 0        
[2026-09-13T14:27:07.902-0400][356.994s][info][gc,reloc    ] GC(39) y: Survivor 1       259M (1%)           38M (0%)         127 / 3              1 / 0              2 / 0        
[2026-09-13T14:27:07.902-0400][356.994s][info][gc,reloc    ] GC(39) y: Survivor 2       165M (1%)           68M (0%)          85 / 2              2 / 1              0 / 0        
[2026-09-13T14:27:07.902-0400][356.994s][info][gc,reloc    ] GC(39) y: Survivor 3       157M (1%)           42M (0%)          52 / 2              3 / 1              0 / 0        
[2026-09-13T14:27:07.902-0400][356.994s][info][gc,heap     ] GC(39) y: Min Capacity: 256M(1%)
[2026-09-13T14:27:07.902-0400][356.994s][info][gc,heap     ] GC(39) y: Max Capacity: 20576M(100%)
[2026-09-13T14:27:07.902-0400][356.994s][info][gc,heap     ] GC(39) y: Soft Max Capacity: 20576M(100%)
[2026-09-13T14:27:07.902-0400][356.994s][info][gc,heap     ] GC(39) y: Heap Statistics:
[2026-09-13T14:27:07.902-0400][356.994s][info][gc,heap     ] GC(39) y:                Mark Start          Mark End        Relocate Start      Relocate End           High               Low         
[2026-09-13T14:27:07.902-0400][356.994s][info][gc,heap     ] GC(39) y:  Capacity:    19584M (95%)       19584M (95%)       19584M (95%)       19584M (95%)       19584M (95%)       19584M (95%)    
[2026-09-13T14:27:07.902-0400][356.994s][info][gc,heap     ] GC(39) y:      Free:     4654M (23%)        2254M (11%)        4032M (20%)        8470M (41%)        8610M (42%)        2254M (11%)    
[2026-09-13T14:27:07.902-0400][356.994s][info][gc,heap     ] GC(39) y:      Used:    15922M (77%)       18322M (89%)       16544M (80%)       12106M (59%)       18322M (89%)       11966M (58%)    
[2026-09-13T14:27:07.902-0400][356.994s][info][gc,heap     ] GC(39) y: Young Generation Statistics:
[2026-09-13T14:27:07.902-0400][356.994s][info][gc,heap     ] GC(39) y:                Mark Start          Mark End        Relocate Start      Relocate End    
[2026-09-13T14:27:07.902-0400][356.994s][info][gc,heap     ] GC(39) y:      Used:     8442M (41%)       10842M (53%)        8902M (43%)        4428M (22%)    
[2026-09-13T14:27:07.902-0400][356.994s][info][gc,heap     ] GC(39) y:      Live:         -              1042M (5%)          900M (4%)          885M (4%)     
[2026-09-13T14:27:07.902-0400][356.994s][info][gc,heap     ] GC(39) y:   Garbage:         -              7399M (36%)        5491M (27%)          34M (0%)     
[2026-09-13T14:27:07.902-0400][356.994s][info][gc,heap     ] GC(39) y: Allocated:         -              2400M (12%)        2510M (12%)        3508M (17%)    
[2026-09-13T14:27:07.902-0400][356.994s][info][gc,heap     ] GC(39) y: Reclaimed:         -                  -              1907M (9%)         7364M (36%)    
[2026-09-13T14:27:07.902-0400][356.994s][info][gc,heap     ] GC(39) y:  Promoted:         -                  -               142M (1%)          157M (1%)     
[2026-09-13T14:27:07.902-0400][356.994s][info][gc,heap     ] GC(39) y: Compacted:         -                  -                  -               451M (2%)     
[2026-09-13T14:27:07.902-0400][356.994s][info][gc,phases   ] GC(39) y: Young Generation 15922M(77%)->12106M(59%) 2.918s
[2026-09-13T14:27:07.902-0400][356.994s][info][gc          ] GC(39) Minor Collection (Allocation Rate) 15922M(77%)->12106M(59%) 2.918s
[2026-09-13T14:27:11.657-0400][360.749s][info][gc          ] GC(40) Minor Collection (Allocation Rate)
[2026-09-13T14:27:11.657-0400][360.749s][info][gc,task     ] GC(40) Using 2 Workers for Young Generation
[2026-09-13T14:27:11.657-0400][360.749s][info][gc,phases   ] GC(40) y: Young Generation
[2026-09-13T14:27:11.657-0400][360.749s][info][gc,phases   ] GC(40) y: Pause Mark Start 0.015ms
[2026-09-13T14:27:12.940-0400][362.032s][info][gc,phases   ] GC(40) y: Concurrent Mark 1282.754ms
[2026-09-13T14:27:12.940-0400][362.032s][info][gc,phases   ] GC(40) y: Pause Mark End 0.023ms
[2026-09-13T14:27:12.940-0400][362.032s][info][gc,phases   ] GC(40) y: Concurrent Mark Free 0.006ms
[2026-09-13T14:27:12.941-0400][362.033s][info][gc,phases   ] GC(40) y: Concurrent Reset Relocation Set 1.237ms
[2026-09-13T14:27:12.942-0400][362.034s][info][gc,reloc    ] GC(40) y: Using tenuring threshold: 3 (Computed)
[2026-09-13T14:27:12.987-0400][362.080s][info][gc,phases   ] GC(40) y: Concurrent Select Relocation Set 46.575ms
[2026-09-13T14:27:12.987-0400][362.080s][info][gc,phases   ] GC(40) y: Pause Relocate Start 0.011ms
[2026-09-13T14:27:13.181-0400][362.274s][info][gc,phases   ] GC(40) y: Concurrent Relocate 193.534ms
[2026-09-13T14:27:13.181-0400][362.274s][info][gc,alloc    ] GC(40) y:                         Mark Start        Mark End      Relocate Start    Relocate End   
[2026-09-13T14:27:13.181-0400][362.274s][info][gc,alloc    ] GC(40) y: Allocation Stalls:          0                0                0                0         
[2026-09-13T14:27:13.181-0400][362.274s][info][gc,load     ] GC(40) y: Load: 0.00 (0%) / 0.00 (0%) / 0.00 (0%)
[2026-09-13T14:27:13.181-0400][362.274s][info][gc,mmu      ] GC(40) y: MMU: 2ms/96.9%, 5ms/98.8%, 10ms/99.4%, 20ms/99.6%, 50ms/99.9%, 100ms/99.9%
[2026-09-13T14:27:13.181-0400][362.274s][info][gc,marking  ] GC(40) y: Mark: 2 stripe(s), 10 proactive flush(es), 1 terminate flush(es), 0 completion(s), 0 continuation(s) 
[2026-09-13T14:27:13.181-0400][362.274s][info][gc,nmethod  ] GC(40) y: NMethods: 27318 registered, 6793 unregistered
[2026-09-13T14:27:13.181-0400][362.274s][info][gc,metaspace] GC(40) y: Metaspace: 565M used, 567M committed, 1472M reserved
[2026-09-13T14:27:13.181-0400][362.274s][info][gc,reloc    ] GC(40) y:                        Candidates     Selected     In-Place         Size        Empty    Relocated 
[2026-09-13T14:27:13.181-0400][362.274s][info][gc,reloc    ] GC(40) y: Small Pages:                 3841         1176            0        7682M        4312M         107M 
[2026-09-13T14:27:13.181-0400][362.274s][info][gc,reloc    ] GC(40) y: Medium Pages:                   5            3            0         160M          32M          24M 
[2026-09-13T14:27:13.181-0400][362.274s][info][gc,reloc    ] GC(40) y: Large Pages:                    2            0            0          12M           0M           0M 
[2026-09-13T14:27:13.181-0400][362.274s][info][gc,reloc    ] GC(40) y: Forwarding Usage: 49M
[2026-09-13T14:27:13.181-0400][362.274s][info][gc,reloc    ] GC(40) y: Age Table:
[2026-09-13T14:27:13.181-0400][362.274s][info][gc,reloc    ] GC(40) y:                    Live             Garbage             Small              Medium             Large        
[2026-09-13T14:27:13.181-0400][362.274s][info][gc,reloc    ] GC(40) y: Eden             135M (1%)         6692M (33%)       3398 / 1166           1 / 1              0 / 0        
[2026-09-13T14:27:13.181-0400][362.274s][info][gc,reloc    ] GC(40) y: Survivor 1       455M (2%)           76M (0%)         234 / 4              2 / 0              0 / 0        
[2026-09-13T14:27:13.181-0400][362.274s][info][gc,reloc    ] GC(40) y: Survivor 2       259M (1%)           30M (0%)         123 / 3              1 / 1              2 / 0        
[2026-09-13T14:27:13.181-0400][362.274s][info][gc,reloc    ] GC(40) y: Survivor 3       164M (1%)           39M (0%)          86 / 3              1 / 1              0 / 0        
[2026-09-13T14:27:13.181-0400][362.274s][info][gc,heap     ] GC(40) y: Min Capacity: 256M(1%)
[2026-09-13T14:27:13.181-0400][362.274s][info][gc,heap     ] GC(40) y: Max Capacity: 20576M(100%)
[2026-09-13T14:27:13.181-0400][362.274s][info][gc,heap     ] GC(40) y: Soft Max Capacity: 20576M(100%)
[2026-09-13T14:27:13.181-0400][362.274s][info][gc,heap     ] GC(40) y: Heap Statistics:
[2026-09-13T14:27:13.181-0400][362.274s][info][gc,heap     ] GC(40) y:                Mark Start          Mark End        Relocate Start      Relocate End           High               Low         
[2026-09-13T14:27:13.181-0400][362.274s][info][gc,heap     ] GC(40) y:  Capacity:    19584M (95%)       19584M (95%)       19584M (95%)       19584M (95%)       19584M (95%)       19584M (95%)    
[2026-09-13T14:27:13.181-0400][362.274s][info][gc,heap     ] GC(40) y:      Free:     5044M (25%)        4032M (20%)        8344M (41%)       10580M (51%)       10614M (52%)        4032M (20%)    
[2026-09-13T14:27:13.181-0400][362.274s][info][gc,heap     ] GC(40) y:      Used:    15532M (75%)       16544M (80%)       12232M (59%)        9996M (49%)       16544M (80%)        9962M (48%)    
[2026-09-13T14:27:13.181-0400][362.274s][info][gc,heap     ] GC(40) y: Young Generation Statistics:
[2026-09-13T14:27:13.181-0400][362.274s][info][gc,heap     ] GC(40) y:                Mark Start          Mark End        Relocate Start      Relocate End    
[2026-09-13T14:27:13.181-0400][362.274s][info][gc,heap     ] GC(40) y:      Used:     7854M (38%)        8866M (43%)        4388M (21%)        2116M (10%)    
[2026-09-13T14:27:13.181-0400][362.274s][info][gc,heap     ] GC(40) y:      Live:         -              1014M (5%)          852M (4%)          850M (4%)     
[2026-09-13T14:27:13.181-0400][362.274s][info][gc,heap     ] GC(40) y:   Garbage:         -              6839M (33%)        2491M (12%)          17M (0%)     
[2026-09-13T14:27:13.181-0400][362.274s][info][gc,heap     ] GC(40) y: Allocated:         -              1012M (5%)         1044M (5%)         1247M (6%)     
[2026-09-13T14:27:13.181-0400][362.274s][info][gc,heap     ] GC(40) y: Reclaimed:         -                  -              4348M (21%)        6821M (33%)    
[2026-09-13T14:27:13.181-0400][362.274s][info][gc,heap     ] GC(40) y:  Promoted:         -                  -               161M (1%)          164M (1%)     
[2026-09-13T14:27:13.181-0400][362.274s][info][gc,heap     ] GC(40) y: Compacted:         -                  -                  -               156M (1%)     
[2026-09-13T14:27:13.181-0400][362.274s][info][gc,phases   ] GC(40) y: Young Generation 15532M(75%)->9996M(49%) 1.525s
[2026-09-13T14:27:13.181-0400][362.274s][info][gc          ] GC(40) Minor Collection (Allocation Rate) 15532M(75%)->9996M(49%) 1.525s
[2026-09-13T14:27:19.959-0400][369.050s][info][gc          ] GC(41) Minor Collection (Allocation Rate)
[2026-09-13T14:27:19.959-0400][369.051s][info][gc,task     ] GC(41) Using 2 Workers for Young Generation
[2026-09-13T14:27:19.959-0400][369.051s][info][gc,phases   ] GC(41) y: Young Generation
[2026-09-13T14:27:19.959-0400][369.051s][info][gc,phases   ] GC(41) y: Pause Mark Start 0.011ms
[2026-09-13T14:27:20.741-0400][369.833s][info][gc,phases   ] GC(41) y: Concurrent Mark 782.310ms
[2026-09-13T14:27:20.741-0400][369.833s][info][gc,phases   ] GC(41) y: Pause Mark End 0.017ms
[2026-09-13T14:27:20.741-0400][369.833s][info][gc,phases   ] GC(41) y: Concurrent Mark Free 0.005ms
[2026-09-13T14:27:20.742-0400][369.835s][info][gc,phases   ] GC(41) y: Concurrent Reset Relocation Set 1.697ms
[2026-09-13T14:27:20.744-0400][369.836s][info][gc,reloc    ] GC(41) y: Using tenuring threshold: 1 (Computed)
[2026-09-13T14:27:20.944-0400][370.037s][info][gc,phases   ] GC(41) y: Concurrent Select Relocation Set 201.804ms
[2026-09-13T14:27:20.944-0400][370.037s][info][gc,phases   ] GC(41) y: Pause Relocate Start 0.012ms
[2026-09-13T14:27:21.267-0400][370.360s][info][gc,phases   ] GC(41) y: Concurrent Relocate 322.683ms
[2026-09-13T14:27:21.267-0400][370.360s][info][gc,alloc    ] GC(41) y:                         Mark Start        Mark End      Relocate Start    Relocate End   
[2026-09-13T14:27:21.267-0400][370.360s][info][gc,alloc    ] GC(41) y: Allocation Stalls:          0                0                0                0         
[2026-09-13T14:27:21.267-0400][370.360s][info][gc,load     ] GC(41) y: Load: 0.00 (0%) / 0.00 (0%) / 0.00 (0%)
[2026-09-13T14:27:21.267-0400][370.360s][info][gc,mmu      ] GC(41) y: MMU: 2ms/96.9%, 5ms/98.8%, 10ms/99.4%, 20ms/99.6%, 50ms/99.9%, 100ms/99.9%
[2026-09-13T14:27:21.267-0400][370.360s][info][gc,marking  ] GC(41) y: Mark: 2 stripe(s), 10 proactive flush(es), 1 terminate flush(es), 0 completion(s), 0 continuation(s) 
[2026-09-13T14:27:21.267-0400][370.360s][info][gc,nmethod  ] GC(41) y: NMethods: 27352 registered, 6793 unregistered
[2026-09-13T14:27:21.267-0400][370.360s][info][gc,metaspace] GC(41) y: Metaspace: 565M used, 567M committed, 1472M reserved
[2026-09-13T14:27:21.267-0400][370.360s][info][gc,reloc    ] GC(41) y:                        Candidates     Selected     In-Place         Size        Empty    Relocated 
[2026-09-13T14:27:21.267-0400][370.360s][info][gc,reloc    ] GC(41) y: Small Pages:                 3796          113            0        7592M        6532M           2M 
[2026-09-13T14:27:21.267-0400][370.360s][info][gc,reloc    ] GC(41) y: Medium Pages:                   3            2            0          96M           0M          22M 
[2026-09-13T14:27:21.267-0400][370.360s][info][gc,reloc    ] GC(41) y: Large Pages:                    2            0            0          12M           0M           0M 
[2026-09-13T14:27:21.267-0400][370.360s][info][gc,reloc    ] GC(41) y: Forwarding Usage: 0M
[2026-09-13T14:27:21.268-0400][370.360s][info][gc,reloc    ] GC(41) y: Age Table:
[2026-09-13T14:27:21.268-0400][370.360s][info][gc,reloc    ] GC(41) y:                    Live             Garbage             Small              Medium             Large        
[2026-09-13T14:27:21.268-0400][370.360s][info][gc,reloc    ] GC(41) y: Eden               0M (0%)         6743M (33%)       3372 / 106            0 / 0              0 / 0        
[2026-09-13T14:27:21.268-0400][370.360s][info][gc,reloc    ] GC(41) y: Survivor 1       135M (1%)           32M (0%)          68 / 2              1 / 1              0 / 0        
[2026-09-13T14:27:21.268-0400][370.360s][info][gc,reloc    ] GC(41) y: Survivor 2       455M (2%)           44M (0%)         234 / 4              1 / 0              0 / 0        
[2026-09-13T14:27:21.268-0400][370.360s][info][gc,reloc    ] GC(41) y: Survivor 3       259M (1%)           28M (0%)         122 / 1              1 / 1              2 / 0        
[2026-09-13T14:27:21.268-0400][370.360s][info][gc,heap     ] GC(41) y: Min Capacity: 256M(1%)
[2026-09-13T14:27:21.268-0400][370.360s][info][gc,heap     ] GC(41) y: Max Capacity: 20576M(100%)
[2026-09-13T14:27:21.268-0400][370.360s][info][gc,heap     ] GC(41) y: Soft Max Capacity: 20576M(100%)
[2026-09-13T14:27:21.268-0400][370.360s][info][gc,heap     ] GC(41) y: Heap Statistics:
[2026-09-13T14:27:21.268-0400][370.360s][info][gc,heap     ] GC(41) y:                Mark Start          Mark End        Relocate Start      Relocate End           High               Low         
[2026-09-13T14:27:21.268-0400][370.360s][info][gc,heap     ] GC(41) y:  Capacity:    19584M (95%)       19584M (95%)       19584M (95%)       19584M (95%)       19584M (95%)       19584M (95%)    
[2026-09-13T14:27:21.268-0400][370.360s][info][gc,heap     ] GC(41) y:      Free:     4996M (24%)        4278M (21%)       10624M (52%)       10640M (52%)       10898M (53%)        4278M (21%)    
[2026-09-13T14:27:21.268-0400][370.360s][info][gc,heap     ] GC(41) y:      Used:    15580M (76%)       16298M (79%)        9952M (48%)        9936M (48%)       16298M (79%)        9678M (47%)    
[2026-09-13T14:27:21.268-0400][370.360s][info][gc,heap     ] GC(41) y: Young Generation Statistics:
[2026-09-13T14:27:21.268-0400][370.360s][info][gc,heap     ] GC(41) y:                Mark Start          Mark End        Relocate Start      Relocate End    
[2026-09-13T14:27:21.268-0400][370.360s][info][gc,heap     ] GC(41) y:      Used:     7700M (37%)        8418M (41%)        1230M (6%)         1176M (6%)     
[2026-09-13T14:27:21.268-0400][370.360s][info][gc,heap     ] GC(41) y:      Live:         -               850M (4%)           26M (0%)            0M (0%)     
[2026-09-13T14:27:21.268-0400][370.360s][info][gc,heap     ] GC(41) y:   Garbage:         -              6849M (33%)         299M (1%)            0M (0%)     
[2026-09-13T14:27:21.268-0400][370.360s][info][gc,heap     ] GC(41) y: Allocated:         -               718M (3%)          904M (4%)         1175M (6%)     
[2026-09-13T14:27:21.268-0400][370.360s][info][gc,heap     ] GC(41) y: Reclaimed:         -                  -              6549M (32%)        6849M (33%)    
[2026-09-13T14:27:21.268-0400][370.360s][info][gc,heap     ] GC(41) y:  Promoted:         -                  -               824M (4%)          850M (4%)     
[2026-09-13T14:27:21.268-0400][370.360s][info][gc,heap     ] GC(41) y: Compacted:         -                  -                  -                 0M (0%)     
[2026-09-13T14:27:21.268-0400][370.360s][info][gc,phases   ] GC(41) y: Young Generation 15580M(76%)->9936M(48%) 1.309s
[2026-09-13T14:27:21.268-0400][370.360s][info][gc          ] GC(41) Minor Collection (Allocation Rate) 15580M(76%)->9936M(48%) 1.310s
[2026-09-13T14:27:29.914-0400][379.006s][info][gc          ] GC(42) Minor Collection (Allocation Rate)
[2026-09-13T14:27:29.914-0400][379.006s][info][gc,task     ] GC(42) Using 2 Workers for Young Generation
[2026-09-13T14:27:29.914-0400][379.006s][info][gc,phases   ] GC(42) y: Young Generation
[2026-09-13T14:27:29.914-0400][379.006s][info][gc,phases   ] GC(42) y: Pause Mark Start 0.012ms
[2026-09-13T14:27:29.976-0400][379.069s][info][gc,phases   ] GC(42) y: Concurrent Mark 62.796ms
[2026-09-13T14:27:29.976-0400][379.069s][info][gc,phases   ] GC(42) y: Pause Mark End 0.017ms
[2026-09-13T14:27:29.976-0400][379.069s][info][gc,phases   ] GC(42) y: Concurrent Mark Free 0.007ms
[2026-09-13T14:27:29.984-0400][379.076s][info][gc,phases   ] GC(42) y: Concurrent Reset Relocation Set 7.333ms
[2026-09-13T14:27:29.986-0400][379.078s][info][gc,reloc    ] GC(42) y: Using tenuring threshold: 2 (Computed)
[2026-09-13T14:27:29.987-0400][379.080s][info][gc,phases   ] GC(42) y: Concurrent Select Relocation Set 3.071ms
[2026-09-13T14:27:29.987-0400][379.080s][info][gc,phases   ] GC(42) y: Pause Relocate Start 0.011ms
[2026-09-13T14:27:30.004-0400][379.097s][info][gc,phases   ] GC(42) y: Concurrent Relocate 17.018ms
[2026-09-13T14:27:30.005-0400][379.097s][info][gc,alloc    ] GC(42) y:                         Mark Start        Mark End      Relocate Start    Relocate End   
[2026-09-13T14:27:30.005-0400][379.097s][info][gc,alloc    ] GC(42) y: Allocation Stalls:          0                0                0                0         
[2026-09-13T14:27:30.005-0400][379.097s][info][gc,load     ] GC(42) y: Load: 0.00 (0%) / 0.00 (0%) / 0.00 (0%)
[2026-09-13T14:27:30.005-0400][379.097s][info][gc,mmu      ] GC(42) y: MMU: 2ms/96.9%, 5ms/98.8%, 10ms/99.4%, 20ms/99.6%, 50ms/99.9%, 100ms/99.9%
[2026-09-13T14:27:30.005-0400][379.097s][info][gc,marking  ] GC(42) y: Mark: 2 stripe(s), 2 proactive flush(es), 1 terminate flush(es), 0 completion(s), 0 continuation(s) 
[2026-09-13T14:27:30.005-0400][379.097s][info][gc,nmethod  ] GC(42) y: NMethods: 27394 registered, 6793 unregistered
[2026-09-13T14:27:30.005-0400][379.097s][info][gc,metaspace] GC(42) y: Metaspace: 565M used, 567M committed, 1472M reserved
[2026-09-13T14:27:30.005-0400][379.097s][info][gc,reloc    ] GC(42) y:                        Candidates     Selected     In-Place         Size        Empty    Relocated 
[2026-09-13T14:27:30.005-0400][379.097s][info][gc,reloc    ] GC(42) y: Small Pages:                 3908          298            0        7816M        7212M           6M 
[2026-09-13T14:27:30.005-0400][379.097s][info][gc,reloc    ] GC(42) y: Medium Pages:                   0            0            0           0M           0M           0M 
[2026-09-13T14:27:30.005-0400][379.097s][info][gc,reloc    ] GC(42) y: Large Pages:                    0            0            0           0M           0M           0M 
[2026-09-13T14:27:30.005-0400][379.097s][info][gc,reloc    ] GC(42) y: Forwarding Usage: 2M
[2026-09-13T14:27:30.005-0400][379.097s][info][gc,reloc    ] GC(42) y: Age Table:
[2026-09-13T14:27:30.005-0400][379.097s][info][gc,reloc    ] GC(42) y:                    Live             Garbage             Small              Medium             Large        
[2026-09-13T14:27:30.005-0400][379.097s][info][gc,reloc    ] GC(42) y: Eden               6M (0%)         7807M (38%)       3907 / 297            0 / 0              0 / 0        
[2026-09-13T14:27:30.005-0400][379.097s][info][gc,reloc    ] GC(42) y: Survivor 1         0M (0%)            1M (0%)           1 / 1              0 / 0              0 / 0        
[2026-09-13T14:27:30.005-0400][379.097s][info][gc,heap     ] GC(42) y: Min Capacity: 256M(1%)
[2026-09-13T14:27:30.005-0400][379.097s][info][gc,heap     ] GC(42) y: Max Capacity: 20576M(100%)
[2026-09-13T14:27:30.005-0400][379.097s][info][gc,heap     ] GC(42) y: Soft Max Capacity: 20576M(100%)
[2026-09-13T14:27:30.005-0400][379.097s][info][gc,heap     ] GC(42) y: Heap Statistics:
[2026-09-13T14:27:30.005-0400][379.097s][info][gc,heap     ] GC(42) y:                Mark Start          Mark End        Relocate Start      Relocate End           High               Low         
[2026-09-13T14:27:30.005-0400][379.097s][info][gc,heap     ] GC(42) y:  Capacity:    19584M (95%)       19584M (95%)       19584M (95%)       19584M (95%)       19584M (95%)       19584M (95%)    
[2026-09-13T14:27:30.005-0400][379.097s][info][gc,heap     ] GC(42) y:      Free:     4000M (19%)        3948M (19%)       11152M (54%)       11734M (57%)       11734M (57%)        3942M (19%)    
[2026-09-13T14:27:30.005-0400][379.097s][info][gc,heap     ] GC(42) y:      Used:    16576M (81%)       16628M (81%)        9424M (46%)        8842M (43%)       16634M (81%)        8842M (43%)    
[2026-09-13T14:27:30.005-0400][379.097s][info][gc,heap     ] GC(42) y: Young Generation Statistics:
[2026-09-13T14:27:30.005-0400][379.097s][info][gc,heap     ] GC(42) y:                Mark Start          Mark End        Relocate Start      Relocate End    
[2026-09-13T14:27:30.005-0400][379.097s][info][gc,heap     ] GC(42) y:      Used:     7816M (38%)        7868M (38%)         664M (3%)           82M (0%)     
[2026-09-13T14:27:30.005-0400][379.097s][info][gc,heap     ] GC(42) y:      Live:         -                 6M (0%)            6M (0%)            6M (0%)     
[2026-09-13T14:27:30.005-0400][379.097s][info][gc,heap     ] GC(42) y:   Garbage:         -              7809M (38%)         597M (3%)            0M (0%)     
[2026-09-13T14:27:30.005-0400][379.097s][info][gc,heap     ] GC(42) y: Allocated:         -                52M (0%)           60M (0%)           75M (0%)     
[2026-09-13T14:27:30.005-0400][379.097s][info][gc,heap     ] GC(42) y: Reclaimed:         -                  -              7212M (35%)        7809M (38%)    
[2026-09-13T14:27:30.005-0400][379.097s][info][gc,heap     ] GC(42) y:  Promoted:         -                  -                 0M (0%)            0M (0%)     
[2026-09-13T14:27:30.005-0400][379.097s][info][gc,heap     ] GC(42) y: Compacted:         -                  -                  -                 6M (0%)     
[2026-09-13T14:27:30.005-0400][379.097s][info][gc,phases   ] GC(42) y: Young Generation 16576M(81%)->8842M(43%) 0.091s
[2026-09-13T14:27:30.005-0400][379.097s][info][gc          ] GC(42) Minor Collection (Allocation Rate) 16576M(81%)->8842M(43%) 0.091s
[2026-09-13T14:27:37.777-0400][386.869s][info][gc          ] GC(43) Minor Collection (Allocation Rate)
[2026-09-13T14:27:37.777-0400][386.869s][info][gc,task     ] GC(43) Using 2 Workers for Young Generation
[2026-09-13T14:27:37.777-0400][386.869s][info][gc,phases   ] GC(43) y: Young Generation
[2026-09-13T14:27:37.777-0400][386.869s][info][gc,phases   ] GC(43) y: Pause Mark Start 0.013ms
[2026-09-13T14:27:37.828-0400][386.921s][info][gc,phases   ] GC(43) y: Concurrent Mark 51.658ms
[2026-09-13T14:27:37.828-0400][386.921s][info][gc,phases   ] GC(43) y: Pause Mark End 0.025ms
[2026-09-13T14:27:37.828-0400][386.921s][info][gc,phases   ] GC(43) y: Concurrent Mark Free 0.013ms
[2026-09-13T14:27:37.829-0400][386.921s][info][gc,phases   ] GC(43) y: Concurrent Reset Relocation Set 0.021ms
[2026-09-13T14:27:37.831-0400][386.923s][info][gc,reloc    ] GC(43) y: Using tenuring threshold: 3 (Computed)
[2026-09-13T14:27:37.831-0400][386.924s][info][gc,phases   ] GC(43) y: Concurrent Select Relocation Set 2.429ms
[2026-09-13T14:27:37.831-0400][386.924s][info][gc,phases   ] GC(43) y: Pause Relocate Start 0.015ms
[2026-09-13T14:27:37.841-0400][386.934s][info][gc,phases   ] GC(43) y: Concurrent Relocate 10.041ms
[2026-09-13T14:27:37.841-0400][386.934s][info][gc,alloc    ] GC(43) y:                         Mark Start        Mark End      Relocate Start    Relocate End   
[2026-09-13T14:27:37.841-0400][386.934s][info][gc,alloc    ] GC(43) y: Allocation Stalls:          0                0                0                0         
[2026-09-13T14:27:37.841-0400][386.934s][info][gc,load     ] GC(43) y: Load: 0.00 (0%) / 0.00 (0%) / 0.00 (0%)
[2026-09-13T14:27:37.841-0400][386.934s][info][gc,mmu      ] GC(43) y: MMU: 2ms/96.9%, 5ms/98.8%, 10ms/99.4%, 20ms/99.6%, 50ms/99.9%, 100ms/99.9%
[2026-09-13T14:27:37.841-0400][386.934s][info][gc,marking  ] GC(43) y: Mark: 2 stripe(s), 7 proactive flush(es), 1 terminate flush(es), 0 completion(s), 0 continuation(s) 
[2026-09-13T14:27:37.841-0400][386.934s][info][gc,nmethod  ] GC(43) y: NMethods: 27723 registered, 6793 unregistered
[2026-09-13T14:27:37.841-0400][386.934s][info][gc,metaspace] GC(43) y: Metaspace: 565M used, 568M committed, 1472M reserved
[2026-09-13T14:27:37.841-0400][386.934s][info][gc,reloc    ] GC(43) y:                        Candidates     Selected     In-Place         Size        Empty    Relocated 
[2026-09-13T14:27:37.841-0400][386.934s][info][gc,reloc    ] GC(43) y: Small Pages:                 3455          152            0        6910M        6596M           3M 
[2026-09-13T14:27:37.841-0400][386.934s][info][gc,reloc    ] GC(43) y: Medium Pages:                   0            0            0           0M           0M           0M 
[2026-09-13T14:27:37.841-0400][386.934s][info][gc,reloc    ] GC(43) y: Large Pages:                    0            0            0           0M           0M           0M 
[2026-09-13T14:27:37.841-0400][386.934s][info][gc,reloc    ] GC(43) y: Forwarding Usage: 2M
[2026-09-13T14:27:37.841-0400][386.934s][info][gc,reloc    ] GC(43) y: Age Table:
[2026-09-13T14:27:37.841-0400][386.934s][info][gc,reloc    ] GC(43) y:                    Live             Garbage             Small              Medium             Large        
[2026-09-13T14:27:37.841-0400][386.934s][info][gc,reloc    ] GC(43) y: Eden               2M (0%)         6895M (34%)       3449 / 149            0 / 0              0 / 0        
[2026-09-13T14:27:37.841-0400][386.934s][info][gc,reloc    ] GC(43) y: Survivor 1         6M (0%)            3M (0%)           5 / 2              0 / 0              0 / 0        
[2026-09-13T14:27:37.841-0400][386.934s][info][gc,reloc    ] GC(43) y: Survivor 2         0M (0%)            1M (0%)           1 / 1              0 / 0              0 / 0        
[2026-09-13T14:27:37.841-0400][386.934s][info][gc,heap     ] GC(43) y: Min Capacity: 256M(1%)
[2026-09-13T14:27:37.841-0400][386.934s][info][gc,heap     ] GC(43) y: Max Capacity: 20576M(100%)
[2026-09-13T14:27:37.841-0400][386.934s][info][gc,heap     ] GC(43) y: Soft Max Capacity: 20576M(100%)
[2026-09-13T14:27:37.841-0400][386.934s][info][gc,heap     ] GC(43) y: Heap Statistics:
[2026-09-13T14:27:37.841-0400][386.934s][info][gc,heap     ] GC(43) y:                Mark Start          Mark End        Relocate Start      Relocate End           High               Low         
[2026-09-13T14:27:37.841-0400][386.934s][info][gc,heap     ] GC(43) y:  Capacity:    19584M (95%)       19584M (95%)       19584M (95%)       19584M (95%)       19584M (95%)       19584M (95%)    
[2026-09-13T14:27:37.841-0400][386.934s][info][gc,heap     ] GC(43) y:      Free:     4906M (24%)        4854M (24%)       11450M (56%)       11744M (57%)       11744M (57%)        4854M (24%)    
[2026-09-13T14:27:37.841-0400][386.934s][info][gc,heap     ] GC(43) y:      Used:    15670M (76%)       15722M (76%)        9126M (44%)        8832M (43%)       15722M (76%)        8832M (43%)    
[2026-09-13T14:27:37.841-0400][386.934s][info][gc,heap     ] GC(43) y: Young Generation Statistics:
[2026-09-13T14:27:37.842-0400][386.934s][info][gc,heap     ] GC(43) y:                Mark Start          Mark End        Relocate Start      Relocate End    
[2026-09-13T14:27:37.842-0400][386.934s][info][gc,heap     ] GC(43) y:      Used:     6910M (34%)        6962M (34%)         366M (2%)           72M (0%)     
[2026-09-13T14:27:37.842-0400][386.934s][info][gc,heap     ] GC(43) y:      Live:         -                 9M (0%)            9M (0%)            9M (0%)     
[2026-09-13T14:27:37.842-0400][386.934s][info][gc,heap     ] GC(43) y:   Garbage:         -              6900M (34%)         304M (1%)            0M (0%)     
[2026-09-13T14:27:37.842-0400][386.934s][info][gc,heap     ] GC(43) y: Allocated:         -                52M (0%)           52M (0%)           62M (0%)     
[2026-09-13T14:27:37.842-0400][386.934s][info][gc,heap     ] GC(43) y: Reclaimed:         -                  -              6596M (32%)        6900M (34%)    
[2026-09-13T14:27:37.842-0400][386.934s][info][gc,heap     ] GC(43) y:  Promoted:         -                  -                 0M (0%)            0M (0%)     
[2026-09-13T14:27:37.842-0400][386.934s][info][gc,heap     ] GC(43) y: Compacted:         -                  -                  -                 5M (0%)     
[2026-09-13T14:27:37.842-0400][386.934s][info][gc,phases   ] GC(43) y: Young Generation 15670M(76%)->8832M(43%) 0.065s
[2026-09-13T14:27:37.842-0400][386.934s][info][gc          ] GC(43) Minor Collection (Allocation Rate) 15670M(76%)->8832M(43%) 0.065s
[2026-09-13T14:27:44.669-0400][393.761s][info][gc          ] GC(44) Minor Collection (Allocation Rate)
[2026-09-13T14:27:44.669-0400][393.761s][info][gc,task     ] GC(44) Using 1 Workers for Young Generation
[2026-09-13T14:27:44.669-0400][393.761s][info][gc,phases   ] GC(44) y: Young Generation
[2026-09-13T14:27:44.669-0400][393.761s][info][gc,phases   ] GC(44) y: Pause Mark Start 0.012ms
[2026-09-13T14:27:44.750-0400][393.843s][info][gc,phases   ] GC(44) y: Concurrent Mark 81.321ms
[2026-09-13T14:27:44.750-0400][393.843s][info][gc,phases   ] GC(44) y: Pause Mark End 0.019ms
[2026-09-13T14:27:44.750-0400][393.843s][info][gc,phases   ] GC(44) y: Concurrent Mark Free 0.006ms
[2026-09-13T14:27:44.750-0400][393.843s][info][gc,phases   ] GC(44) y: Concurrent Reset Relocation Set 0.008ms
[2026-09-13T14:27:44.752-0400][393.844s][info][gc,reloc    ] GC(44) y: Using tenuring threshold: 4 (Computed)
[2026-09-13T14:27:44.752-0400][393.845s][info][gc,phases   ] GC(44) y: Concurrent Select Relocation Set 1.578ms
[2026-09-13T14:27:44.752-0400][393.845s][info][gc,phases   ] GC(44) y: Pause Relocate Start 0.010ms
[2026-09-13T14:27:44.762-0400][393.854s][info][gc,phases   ] GC(44) y: Concurrent Relocate 9.790ms
[2026-09-13T14:27:44.762-0400][393.855s][info][gc,alloc    ] GC(44) y:                         Mark Start        Mark End      Relocate Start    Relocate End   
[2026-09-13T14:27:44.762-0400][393.855s][info][gc,alloc    ] GC(44) y: Allocation Stalls:          0                0                0                0         
[2026-09-13T14:27:44.762-0400][393.855s][info][gc,load     ] GC(44) y: Load: 0.00 (0%) / 0.00 (0%) / 0.00 (0%)
[2026-09-13T14:27:44.762-0400][393.855s][info][gc,mmu      ] GC(44) y: MMU: 2ms/96.9%, 5ms/98.8%, 10ms/99.4%, 20ms/99.6%, 50ms/99.9%, 100ms/99.9%
[2026-09-13T14:27:44.762-0400][393.855s][info][gc,marking  ] GC(44) y: Mark: 1 stripe(s), 2 proactive flush(es), 1 terminate flush(es), 0 completion(s), 0 continuation(s) 
[2026-09-13T14:27:44.762-0400][393.855s][info][gc,nmethod  ] GC(44) y: NMethods: 27795 registered, 6793 unregistered
[2026-09-13T14:27:44.762-0400][393.855s][info][gc,metaspace] GC(44) y: Metaspace: 565M used, 568M committed, 1472M reserved
[2026-09-13T14:27:44.762-0400][393.855s][info][gc,reloc    ] GC(44) y:                        Candidates     Selected     In-Place         Size        Empty    Relocated 
[2026-09-13T14:27:44.762-0400][393.855s][info][gc,reloc    ] GC(44) y: Small Pages:                 3222          134            0        6444M        6166M           3M 
[2026-09-13T14:27:44.762-0400][393.855s][info][gc,reloc    ] GC(44) y: Medium Pages:                   0            0            0           0M           0M           0M 
[2026-09-13T14:27:44.762-0400][393.855s][info][gc,reloc    ] GC(44) y: Large Pages:                    0            0            0           0M           0M           0M 
[2026-09-13T14:27:44.762-0400][393.855s][info][gc,reloc    ] GC(44) y: Forwarding Usage: 2M
[2026-09-13T14:27:44.762-0400][393.855s][info][gc,reloc    ] GC(44) y: Age Table:
[2026-09-13T14:27:44.762-0400][393.855s][info][gc,reloc    ] GC(44) y:                    Live             Garbage             Small              Medium             Large        
[2026-09-13T14:27:44.762-0400][393.855s][info][gc,reloc    ] GC(44) y: Eden               1M (0%)         6424M (31%)       3213 / 130            0 / 0              0 / 0        
[2026-09-13T14:27:44.762-0400][393.855s][info][gc,reloc    ] GC(44) y: Survivor 1         1M (0%)            6M (0%)           4 / 2              0 / 0              0 / 0        
[2026-09-13T14:27:44.762-0400][393.855s][info][gc,reloc    ] GC(44) y: Survivor 2         6M (0%)            1M (0%)           4 / 1              0 / 0              0 / 0        
[2026-09-13T14:27:44.762-0400][393.855s][info][gc,reloc    ] GC(44) y: Survivor 3         0M (0%)            1M (0%)           1 / 1              0 / 0              0 / 0        
[2026-09-13T14:27:44.762-0400][393.855s][info][gc,heap     ] GC(44) y: Min Capacity: 256M(1%)
[2026-09-13T14:27:44.762-0400][393.855s][info][gc,heap     ] GC(44) y: Max Capacity: 20576M(100%)
[2026-09-13T14:27:44.762-0400][393.855s][info][gc,heap     ] GC(44) y: Soft Max Capacity: 20576M(100%)
[2026-09-13T14:27:44.762-0400][393.855s][info][gc,heap     ] GC(44) y: Heap Statistics:
[2026-09-13T14:27:44.762-0400][393.855s][info][gc,heap     ] GC(44) y:                Mark Start          Mark End        Relocate Start      Relocate End           High               Low         
[2026-09-13T14:27:44.762-0400][393.855s][info][gc,heap     ] GC(44) y:  Capacity:    19584M (95%)       19584M (95%)       19584M (95%)       19584M (95%)       19584M (95%)       19584M (95%)    
[2026-09-13T14:27:44.762-0400][393.855s][info][gc,heap     ] GC(44) y:      Free:     5372M (26%)        5298M (26%)       11462M (56%)       11712M (57%)       11716M (57%)        5298M (26%)    
[2026-09-13T14:27:44.762-0400][393.855s][info][gc,heap     ] GC(44) y:      Used:    15204M (74%)       15278M (74%)        9114M (44%)        8864M (43%)       15278M (74%)        8860M (43%)    
[2026-09-13T14:27:44.762-0400][393.855s][info][gc,heap     ] GC(44) y: Young Generation Statistics:
[2026-09-13T14:27:44.762-0400][393.855s][info][gc,heap     ] GC(44) y:                Mark Start          Mark End        Relocate Start      Relocate End    
[2026-09-13T14:27:44.762-0400][393.855s][info][gc,heap     ] GC(44) y:      Used:     6444M (31%)        6518M (32%)         354M (2%)          104M (1%)     
[2026-09-13T14:27:44.762-0400][393.855s][info][gc,heap     ] GC(44) y:      Live:         -                 9M (0%)            9M (0%)            9M (0%)     
[2026-09-13T14:27:44.762-0400][393.855s][info][gc,heap     ] GC(44) y:   Garbage:         -              6434M (31%)         268M (1%)            0M (0%)     
[2026-09-13T14:27:44.762-0400][393.855s][info][gc,heap     ] GC(44) y: Allocated:         -                74M (0%)           76M (0%)           94M (0%)     
[2026-09-13T14:27:44.762-0400][393.855s][info][gc,heap     ] GC(44) y: Reclaimed:         -                  -              6166M (30%)        6434M (31%)    
[2026-09-13T14:27:44.762-0400][393.855s][info][gc,heap     ] GC(44) y:  Promoted:         -                  -                 0M (0%)            0M (0%)     
[2026-09-13T14:27:44.762-0400][393.855s][info][gc,heap     ] GC(44) y: Compacted:         -                  -                  -                 5M (0%)     
[2026-09-13T14:27:44.762-0400][393.855s][info][gc,phases   ] GC(44) y: Young Generation 15204M(74%)->8864M(43%) 0.093s
[2026-09-13T14:27:44.763-0400][393.855s][info][gc          ] GC(44) Minor Collection (Allocation Rate) 15204M(74%)->8864M(43%) 0.094s
[2026-09-13T14:27:53.181-0400][402.273s][info][gc          ] GC(45) Minor Collection (Allocation Rate)
[2026-09-13T14:27:53.181-0400][402.273s][info][gc,task     ] GC(45) Using 1 Workers for Young Generation
[2026-09-13T14:27:53.181-0400][402.273s][info][gc,phases   ] GC(45) y: Young Generation
[2026-09-13T14:27:53.181-0400][402.273s][info][gc,phases   ] GC(45) y: Pause Mark Start 0.017ms
[2026-09-13T14:27:53.251-0400][402.344s][info][gc,phases   ] GC(45) y: Concurrent Mark 70.854ms
[2026-09-13T14:27:53.251-0400][402.344s][info][gc,phases   ] GC(45) y: Pause Mark End 0.020ms
[2026-09-13T14:27:53.251-0400][402.344s][info][gc,phases   ] GC(45) y: Concurrent Mark Free 0.006ms
[2026-09-13T14:27:53.251-0400][402.345s][info][gc,phases   ] GC(45) y: Concurrent Reset Relocation Set 0.006ms
[2026-09-13T14:27:53.254-0400][402.346s][info][gc,reloc    ] GC(45) y: Using tenuring threshold: 2 (Computed)
[2026-09-13T14:27:53.258-0400][402.350s][info][gc,phases   ] GC(45) y: Concurrent Select Relocation Set 5.525ms
[2026-09-13T14:27:53.258-0400][402.350s][info][gc,phases   ] GC(45) y: Pause Relocate Start 0.009ms
[2026-09-13T14:27:53.271-0400][402.364s][info][gc,phases   ] GC(45) y: Concurrent Relocate 13.351ms
[2026-09-13T14:27:53.271-0400][402.364s][info][gc,alloc    ] GC(45) y:                         Mark Start        Mark End      Relocate Start    Relocate End   
[2026-09-13T14:27:53.271-0400][402.364s][info][gc,alloc    ] GC(45) y: Allocation Stalls:          0                0                0                0         
[2026-09-13T14:27:53.271-0400][402.364s][info][gc,load     ] GC(45) y: Load: 0.00 (0%) / 0.00 (0%) / 0.00 (0%)
[2026-09-13T14:27:53.271-0400][402.364s][info][gc,mmu      ] GC(45) y: MMU: 2ms/96.9%, 5ms/98.8%, 10ms/99.4%, 20ms/99.6%, 50ms/99.9%, 100ms/99.9%
[2026-09-13T14:27:53.271-0400][402.364s][info][gc,marking  ] GC(45) y: Mark: 1 stripe(s), 2 proactive flush(es), 1 terminate flush(es), 0 completion(s), 0 continuation(s) 
[2026-09-13T14:27:53.271-0400][402.364s][info][gc,nmethod  ] GC(45) y: NMethods: 27826 registered, 6793 unregistered
[2026-09-13T14:27:53.271-0400][402.364s][info][gc,metaspace] GC(45) y: Metaspace: 565M used, 568M committed, 1472M reserved
[2026-09-13T14:27:53.271-0400][402.364s][info][gc,reloc    ] GC(45) y:                        Candidates     Selected     In-Place         Size        Empty    Relocated 
[2026-09-13T14:27:53.271-0400][402.364s][info][gc,reloc    ] GC(45) y: Small Pages:                 4096          149            0        8192M        7884M           1M 
[2026-09-13T14:27:53.271-0400][402.364s][info][gc,reloc    ] GC(45) y: Medium Pages:                   0            0            0           0M           0M           0M 
[2026-09-13T14:27:53.271-0400][402.364s][info][gc,reloc    ] GC(45) y: Large Pages:                    0            0            0           0M           0M           0M 
[2026-09-13T14:27:53.271-0400][402.364s][info][gc,reloc    ] GC(45) y: Forwarding Usage: 0M
[2026-09-13T14:27:53.271-0400][402.364s][info][gc,reloc    ] GC(45) y: Age Table:
[2026-09-13T14:27:53.271-0400][402.364s][info][gc,reloc    ] GC(45) y:                    Live             Garbage             Small              Medium             Large        
[2026-09-13T14:27:53.271-0400][402.364s][info][gc,reloc    ] GC(45) y: Eden               1M (0%)         8172M (40%)       4087 / 146            0 / 0              0 / 0        
[2026-09-13T14:27:53.271-0400][402.364s][info][gc,reloc    ] GC(45) y: Survivor 1         0M (0%)            3M (0%)           2 / 1              0 / 0              0 / 0        
[2026-09-13T14:27:53.271-0400][402.364s][info][gc,reloc    ] GC(45) y: Survivor 2         1M (0%)            2M (0%)           2 / 0              0 / 0              0 / 0        
[2026-09-13T14:27:53.271-0400][402.364s][info][gc,reloc    ] GC(45) y: Survivor 3         6M (0%)            1M (0%)           4 / 1              0 / 0              0 / 0        
[2026-09-13T14:27:53.271-0400][402.364s][info][gc,reloc    ] GC(45) y: Survivor 4         0M (0%)            1M (0%)           1 / 1              0 / 0              0 / 0        
[2026-09-13T14:27:53.272-0400][402.364s][info][gc,heap     ] GC(45) y: Min Capacity: 256M(1%)
[2026-09-13T14:27:53.272-0400][402.364s][info][gc,heap     ] GC(45) y: Max Capacity: 20576M(100%)
[2026-09-13T14:27:53.272-0400][402.364s][info][gc,heap     ] GC(45) y: Soft Max Capacity: 20576M(100%)
[2026-09-13T14:27:53.272-0400][402.364s][info][gc,heap     ] GC(45) y: Heap Statistics:
[2026-09-13T14:27:53.272-0400][402.364s][info][gc,heap     ] GC(45) y:                Mark Start          Mark End        Relocate Start      Relocate End           High               Low         
[2026-09-13T14:27:53.272-0400][402.364s][info][gc,heap     ] GC(45) y:  Capacity:    19584M (95%)       19584M (95%)       19584M (95%)       19584M (95%)       19584M (95%)       19584M (95%)    
[2026-09-13T14:27:53.272-0400][402.364s][info][gc,heap     ] GC(45) y:      Free:     3624M (18%)        3552M (17%)       11430M (56%)       11706M (57%)       11714M (57%)        3552M (17%)    
[2026-09-13T14:27:53.272-0400][402.364s][info][gc,heap     ] GC(45) y:      Used:    16952M (82%)       17024M (83%)        9146M (44%)        8870M (43%)       17024M (83%)        8862M (43%)    
[2026-09-13T14:27:53.272-0400][402.364s][info][gc,heap     ] GC(45) y: Young Generation Statistics:
[2026-09-13T14:27:53.272-0400][402.364s][info][gc,heap     ] GC(45) y:                Mark Start          Mark End        Relocate Start      Relocate End    
[2026-09-13T14:27:53.272-0400][402.364s][info][gc,heap     ] GC(45) y:      Used:     8192M (40%)        8264M (40%)         378M (2%)          100M (0%)     
[2026-09-13T14:27:53.272-0400][402.364s][info][gc,heap     ] GC(45) y:      Live:         -                 9M (0%)            1M (0%)            1M (0%)     
[2026-09-13T14:27:53.272-0400][402.364s][info][gc,heap     ] GC(45) y:   Garbage:         -              8182M (40%)         298M (1%)            0M (0%)     
[2026-09-13T14:27:53.272-0400][402.364s][info][gc,heap     ] GC(45) y: Allocated:         -                72M (0%)           78M (0%)           98M (0%)     
[2026-09-13T14:27:53.272-0400][402.364s][info][gc,heap     ] GC(45) y: Reclaimed:         -                  -              7884M (38%)        8182M (40%)    
[2026-09-13T14:27:53.272-0400][402.364s][info][gc,heap     ] GC(45) y:  Promoted:         -                  -                 7M (0%)            8M (0%)     
[2026-09-13T14:27:53.272-0400][402.364s][info][gc,heap     ] GC(45) y: Compacted:         -                  -                  -                 1M (0%)     
[2026-09-13T14:27:53.272-0400][402.364s][info][gc,phases   ] GC(45) y: Young Generation 16952M(82%)->8870M(43%) 0.090s
[2026-09-13T14:27:53.272-0400][402.364s][info][gc          ] GC(45) Minor Collection (Allocation Rate) 16952M(82%)->8870M(43%) 0.091s
[2026-09-13T14:28:03.799-0400][412.891s][info][gc          ] GC(46) Minor Collection (Allocation Rate)
[2026-09-13T14:28:03.799-0400][412.891s][info][gc,task     ] GC(46) Using 1 Workers for Young Generation
[2026-09-13T14:28:03.799-0400][412.891s][info][gc,phases   ] GC(46) y: Young Generation
[2026-09-13T14:28:03.799-0400][412.891s][info][gc,phases   ] GC(46) y: Pause Mark Start 0.012ms
[2026-09-13T14:28:03.857-0400][412.950s][info][gc,phases   ] GC(46) y: Concurrent Mark 59.088ms
[2026-09-13T14:28:03.857-0400][412.950s][info][gc,phases   ] GC(46) y: Pause Mark End 0.017ms
[2026-09-13T14:28:03.857-0400][412.950s][info][gc,phases   ] GC(46) y: Concurrent Mark Free 0.004ms
[2026-09-13T14:28:03.858-0400][412.950s][info][gc,phases   ] GC(46) y: Concurrent Reset Relocation Set 0.193ms
[2026-09-13T14:28:03.859-0400][412.952s][info][gc,reloc    ] GC(46) y: Using tenuring threshold: 3 (Computed)
[2026-09-13T14:28:03.859-0400][412.952s][info][gc,phases   ] GC(46) y: Concurrent Select Relocation Set 1.606ms
[2026-09-13T14:28:03.859-0400][412.952s][info][gc,phases   ] GC(46) y: Pause Relocate Start 0.006ms
[2026-09-13T14:28:03.865-0400][412.958s][info][gc,phases   ] GC(46) y: Concurrent Relocate 5.642ms
[2026-09-13T14:28:03.865-0400][412.958s][info][gc,alloc    ] GC(46) y:                         Mark Start        Mark End      Relocate Start    Relocate End   
[2026-09-13T14:28:03.865-0400][412.958s][info][gc,alloc    ] GC(46) y: Allocation Stalls:          0                0                0                0         
[2026-09-13T14:28:03.865-0400][412.958s][info][gc,load     ] GC(46) y: Load: 0.00 (0%) / 0.00 (0%) / 0.00 (0%)
[2026-09-13T14:28:03.865-0400][412.958s][info][gc,mmu      ] GC(46) y: MMU: 2ms/96.9%, 5ms/98.8%, 10ms/99.4%, 20ms/99.6%, 50ms/99.9%, 100ms/99.9%
[2026-09-13T14:28:03.865-0400][412.958s][info][gc,marking  ] GC(46) y: Mark: 1 stripe(s), 2 proactive flush(es), 1 terminate flush(es), 0 completion(s), 0 continuation(s) 
[2026-09-13T14:28:03.865-0400][412.958s][info][gc,nmethod  ] GC(46) y: NMethods: 27855 registered, 6793 unregistered
[2026-09-13T14:28:03.865-0400][412.958s][info][gc,metaspace] GC(46) y: Metaspace: 565M used, 568M committed, 1472M reserved
[2026-09-13T14:28:03.865-0400][412.958s][info][gc,reloc    ] GC(46) y:                        Candidates     Selected     In-Place         Size        Empty    Relocated 
[2026-09-13T14:28:03.865-0400][412.958s][info][gc,reloc    ] GC(46) y: Small Pages:                 4956          187            0        9912M        9536M           1M 
[2026-09-13T14:28:03.865-0400][412.958s][info][gc,reloc    ] GC(46) y: Medium Pages:                   0            0            0           0M           0M           0M 
[2026-09-13T14:28:03.865-0400][412.958s][info][gc,reloc    ] GC(46) y: Large Pages:                    0            0            0           0M           0M           0M 
[2026-09-13T14:28:03.865-0400][412.958s][info][gc,reloc    ] GC(46) y: Forwarding Usage: 0M
[2026-09-13T14:28:03.865-0400][412.958s][info][gc,reloc    ] GC(46) y: Age Table:
[2026-09-13T14:28:03.865-0400][412.958s][info][gc,reloc    ] GC(46) y:                    Live             Garbage             Small              Medium             Large        
[2026-09-13T14:28:03.865-0400][412.958s][info][gc,reloc    ] GC(46) y: Eden               1M (0%)         9904M (48%)       4953 / 185            0 / 0              0 / 0        
[2026-09-13T14:28:03.865-0400][412.958s][info][gc,reloc    ] GC(46) y: Survivor 1         0M (0%)            3M (0%)           2 / 1              0 / 0              0 / 0        
[2026-09-13T14:28:03.865-0400][412.958s][info][gc,reloc    ] GC(46) y: Survivor 2         0M (0%)            1M (0%)           1 / 1              0 / 0              0 / 0        
[2026-09-13T14:28:03.865-0400][412.958s][info][gc,heap     ] GC(46) y: Min Capacity: 256M(1%)
[2026-09-13T14:28:03.865-0400][412.958s][info][gc,heap     ] GC(46) y: Max Capacity: 20576M(100%)
[2026-09-13T14:28:03.865-0400][412.958s][info][gc,heap     ] GC(46) y: Soft Max Capacity: 20576M(100%)
[2026-09-13T14:28:03.865-0400][412.958s][info][gc,heap     ] GC(46) y: Heap Statistics:
[2026-09-13T14:28:03.865-0400][412.958s][info][gc,heap     ] GC(46) y:                Mark Start          Mark End        Relocate Start      Relocate End           High               Low         
[2026-09-13T14:28:03.865-0400][412.958s][info][gc,heap     ] GC(46) y:  Capacity:    19584M (95%)       19584M (95%)       19584M (95%)       19584M (95%)       19584M (95%)       19584M (95%)    
[2026-09-13T14:28:03.865-0400][412.958s][info][gc,heap     ] GC(46) y:      Free:     1894M (9%)         1860M (9%)        11394M (55%)       11756M (57%)       11756M (57%)        1860M (9%)     
[2026-09-13T14:28:03.865-0400][412.958s][info][gc,heap     ] GC(46) y:      Used:    18682M (91%)       18716M (91%)        9182M (45%)        8820M (43%)       18716M (91%)        8820M (43%)    
[2026-09-13T14:28:03.865-0400][412.958s][info][gc,heap     ] GC(46) y: Young Generation Statistics:
[2026-09-13T14:28:03.865-0400][412.958s][info][gc,heap     ] GC(46) y:                Mark Start          Mark End        Relocate Start      Relocate End    
[2026-09-13T14:28:03.865-0400][412.958s][info][gc,heap     ] GC(46) y:      Used:     9912M (48%)        9946M (48%)         412M (2%)           50M (0%)     
[2026-09-13T14:28:03.865-0400][412.958s][info][gc,heap     ] GC(46) y:      Live:         -                 1M (0%)            1M (0%)            1M (0%)     
[2026-09-13T14:28:03.865-0400][412.958s][info][gc,heap     ] GC(46) y:   Garbage:         -              9910M (48%)         374M (2%)            0M (0%)     
[2026-09-13T14:28:03.865-0400][412.958s][info][gc,heap     ] GC(46) y: Allocated:         -                34M (0%)           36M (0%)           48M (0%)     
[2026-09-13T14:28:03.865-0400][412.958s][info][gc,heap     ] GC(46) y: Reclaimed:         -                  -              9536M (46%)        9910M (48%)    
[2026-09-13T14:28:03.865-0400][412.958s][info][gc,heap     ] GC(46) y:  Promoted:         -                  -                 0M (0%)            0M (0%)     
[2026-09-13T14:28:03.865-0400][412.958s][info][gc,heap     ] GC(46) y: Compacted:         -                  -                  -                 1M (0%)     
[2026-09-13T14:28:03.865-0400][412.958s][info][gc,phases   ] GC(46) y: Young Generation 18682M(91%)->8820M(43%) 0.067s
[2026-09-13T14:28:03.865-0400][412.958s][info][gc          ] GC(46) Minor Collection (Allocation Rate) 18682M(91%)->8822M(43%) 0.068s
[2026-09-13T14:28:15.375-0400][424.467s][info][gc          ] GC(47) Minor Collection (Allocation Rate)
[2026-09-13T14:28:15.375-0400][424.467s][info][gc,task     ] GC(47) Using 1 Workers for Young Generation
[2026-09-13T14:28:15.375-0400][424.467s][info][gc,phases   ] GC(47) y: Young Generation
[2026-09-13T14:28:15.375-0400][424.467s][info][gc,phases   ] GC(47) y: Pause Mark Start 0.014ms
[2026-09-13T14:28:15.447-0400][424.539s][info][gc,phases   ] GC(47) y: Concurrent Mark 72.566ms
[2026-09-13T14:28:15.447-0400][424.539s][info][gc,phases   ] GC(47) y: Pause Mark End 0.027ms
[2026-09-13T14:28:15.447-0400][424.540s][info][gc,phases   ] GC(47) y: Concurrent Mark Free 0.007ms
[2026-09-13T14:28:15.447-0400][424.540s][info][gc,phases   ] GC(47) y: Concurrent Reset Relocation Set 0.012ms
[2026-09-13T14:28:15.449-0400][424.542s][info][gc,reloc    ] GC(47) y: Using tenuring threshold: 4 (Computed)
[2026-09-13T14:28:15.450-0400][424.542s][info][gc,phases   ] GC(47) y: Concurrent Select Relocation Set 2.767ms
[2026-09-13T14:28:15.450-0400][424.543s][info][gc,phases   ] GC(47) y: Pause Relocate Start 0.013ms
[2026-09-13T14:28:15.459-0400][424.552s][info][gc,phases   ] GC(47) y: Concurrent Relocate 9.406ms
[2026-09-13T14:28:15.459-0400][424.552s][info][gc,alloc    ] GC(47) y:                         Mark Start        Mark End      Relocate Start    Relocate End   
[2026-09-13T14:28:15.459-0400][424.552s][info][gc,alloc    ] GC(47) y: Allocation Stalls:          0                0                0                0         
[2026-09-13T14:28:15.459-0400][424.552s][info][gc,load     ] GC(47) y: Load: 0.00 (0%) / 0.00 (0%) / 0.00 (0%)
[2026-09-13T14:28:15.459-0400][424.552s][info][gc,mmu      ] GC(47) y: MMU: 2ms/96.9%, 5ms/98.8%, 10ms/99.4%, 20ms/99.6%, 50ms/99.9%, 100ms/99.9%
[2026-09-13T14:28:15.459-0400][424.552s][info][gc,marking  ] GC(47) y: Mark: 1 stripe(s), 2 proactive flush(es), 1 terminate flush(es), 0 completion(s), 0 continuation(s) 
[2026-09-13T14:28:15.459-0400][424.552s][info][gc,nmethod  ] GC(47) y: NMethods: 27928 registered, 6793 unregistered
[2026-09-13T14:28:15.459-0400][424.552s][info][gc,metaspace] GC(47) y: Metaspace: 565M used, 568M committed, 1472M reserved
[2026-09-13T14:28:15.459-0400][424.552s][info][gc,reloc    ] GC(47) y:                        Candidates     Selected     In-Place         Size        Empty    Relocated 
[2026-09-13T14:28:15.459-0400][424.552s][info][gc,reloc    ] GC(47) y: Small Pages:                 5366          206            0       10732M       10316M           2M 
[2026-09-13T14:28:15.459-0400][424.552s][info][gc,reloc    ] GC(47) y: Medium Pages:                   0            0            0           0M           0M           0M 
[2026-09-13T14:28:15.459-0400][424.552s][info][gc,reloc    ] GC(47) y: Large Pages:                    0            0            0           0M           0M           0M 
[2026-09-13T14:28:15.459-0400][424.552s][info][gc,reloc    ] GC(47) y: Forwarding Usage: 1M
[2026-09-13T14:28:15.459-0400][424.552s][info][gc,reloc    ] GC(47) y: Age Table:
[2026-09-13T14:28:15.459-0400][424.552s][info][gc,reloc    ] GC(47) y:                    Live             Garbage             Small              Medium             Large        
[2026-09-13T14:28:15.459-0400][424.552s][info][gc,reloc    ] GC(47) y: Eden               2M (0%)        10721M (52%)       5362 / 203            0 / 0              0 / 0        
[2026-09-13T14:28:15.459-0400][424.552s][info][gc,reloc    ] GC(47) y: Survivor 1         0M (0%)            3M (0%)           2 / 1              0 / 0              0 / 0        
[2026-09-13T14:28:15.459-0400][424.552s][info][gc,reloc    ] GC(47) y: Survivor 2         0M (0%)            1M (0%)           1 / 1              0 / 0              0 / 0        
[2026-09-13T14:28:15.460-0400][424.552s][info][gc,reloc    ] GC(47) y: Survivor 3         0M (0%)            1M (0%)           1 / 1              0 / 0              0 / 0        
[2026-09-13T14:28:15.460-0400][424.552s][info][gc,heap     ] GC(47) y: Min Capacity: 256M(1%)
[2026-09-13T14:28:15.460-0400][424.552s][info][gc,heap     ] GC(47) y: Max Capacity: 20576M(100%)
[2026-09-13T14:28:15.460-0400][424.552s][info][gc,heap     ] GC(47) y: Soft Max Capacity: 20576M(100%)
[2026-09-13T14:28:15.460-0400][424.552s][info][gc,heap     ] GC(47) y: Heap Statistics:
[2026-09-13T14:28:15.460-0400][424.552s][info][gc,heap     ] GC(47) y:                Mark Start          Mark End        Relocate Start      Relocate End           High               Low         
[2026-09-13T14:28:15.460-0400][424.552s][info][gc,heap     ] GC(47) y:  Capacity:    19584M (95%)       19584M (95%)       19584M (95%)       19584M (95%)       19584M (95%)       19584M (95%)    
[2026-09-13T14:28:15.460-0400][424.552s][info][gc,heap     ] GC(47) y:      Free:     1074M (5%)         1006M (5%)        11322M (55%)       11720M (57%)       11720M (57%)        1006M (5%)     
[2026-09-13T14:28:15.460-0400][424.552s][info][gc,heap     ] GC(47) y:      Used:    19502M (95%)       19570M (95%)        9254M (45%)        8856M (43%)       19570M (95%)        8856M (43%)    
[2026-09-13T14:28:15.460-0400][424.552s][info][gc,heap     ] GC(47) y: Young Generation Statistics:
[2026-09-13T14:28:15.460-0400][424.552s][info][gc,heap     ] GC(47) y:                Mark Start          Mark End        Relocate Start      Relocate End    
[2026-09-13T14:28:15.460-0400][424.552s][info][gc,heap     ] GC(47) y:      Used:    10732M (52%)       10800M (52%)         484M (2%)           86M (0%)     
[2026-09-13T14:28:15.460-0400][424.552s][info][gc,heap     ] GC(47) y:      Live:         -                 2M (0%)            2M (0%)            2M (0%)     
[2026-09-13T14:28:15.460-0400][424.552s][info][gc,heap     ] GC(47) y:   Garbage:         -             10729M (52%)         413M (2%)            0M (0%)     
[2026-09-13T14:28:15.460-0400][424.552s][info][gc,heap     ] GC(47) y: Allocated:         -                68M (0%)           68M (0%)           83M (0%)     
[2026-09-13T14:28:15.460-0400][424.552s][info][gc,heap     ] GC(47) y: Reclaimed:         -                  -             10316M (50%)       10729M (52%)    
[2026-09-13T14:28:15.460-0400][424.552s][info][gc,heap     ] GC(47) y:  Promoted:         -                  -                 0M (0%)            0M (0%)     
[2026-09-13T14:28:15.460-0400][424.552s][info][gc,heap     ] GC(47) y: Compacted:         -                  -                  -                 2M (0%)     
[2026-09-13T14:28:15.460-0400][424.553s][info][gc,phases   ] GC(47) y: Young Generation 19502M(95%)->8856M(43%) 0.085s
[2026-09-13T14:28:15.460-0400][424.553s][info][gc          ] GC(47) Minor Collection (Allocation Rate) 19502M(95%)->8856M(43%) 0.086s
[2026-09-13T14:28:26.570-0400][435.662s][info][gc          ] GC(48) Minor Collection (High Usage)
[2026-09-13T14:28:26.570-0400][435.662s][info][gc,task     ] GC(48) Using 1 Workers for Young Generation
[2026-09-13T14:28:26.570-0400][435.662s][info][gc,phases   ] GC(48) y: Young Generation
[2026-09-13T14:28:26.570-0400][435.663s][info][gc,phases   ] GC(48) y: Pause Mark Start 0.013ms
[2026-09-13T14:28:26.636-0400][435.728s][info][gc,phases   ] GC(48) y: Concurrent Mark 65.820ms
[2026-09-13T14:28:26.636-0400][435.729s][info][gc,phases   ] GC(48) y: Pause Mark End 0.020ms
[2026-09-13T14:28:26.636-0400][435.729s][info][gc,phases   ] GC(48) y: Concurrent Mark Free 0.005ms
[2026-09-13T14:28:26.636-0400][435.729s][info][gc,phases   ] GC(48) y: Concurrent Reset Relocation Set 0.008ms
[2026-09-13T14:28:26.638-0400][435.730s][info][gc,reloc    ] GC(48) y: Using tenuring threshold: 5 (Computed)
[2026-09-13T14:28:26.638-0400][435.731s][info][gc,phases   ] GC(48) y: Concurrent Select Relocation Set 2.063ms
[2026-09-13T14:28:26.638-0400][435.731s][info][gc,phases   ] GC(48) y: Pause Relocate Start 0.008ms
[2026-09-13T14:28:26.649-0400][435.742s][info][gc,phases   ] GC(48) y: Concurrent Relocate 10.715ms
[2026-09-13T14:28:26.649-0400][435.742s][info][gc,alloc    ] GC(48) y:                         Mark Start        Mark End      Relocate Start    Relocate End   
[2026-09-13T14:28:26.649-0400][435.742s][info][gc,alloc    ] GC(48) y: Allocation Stalls:          0                0                0                0         
[2026-09-13T14:28:26.649-0400][435.742s][info][gc,load     ] GC(48) y: Load: 0.00 (0%) / 0.00 (0%) / 0.00 (0%)
[2026-09-13T14:28:26.649-0400][435.742s][info][gc,mmu      ] GC(48) y: MMU: 2ms/96.9%, 5ms/98.8%, 10ms/99.4%, 20ms/99.6%, 50ms/99.9%, 100ms/99.9%
[2026-09-13T14:28:26.649-0400][435.742s][info][gc,marking  ] GC(48) y: Mark: 1 stripe(s), 2 proactive flush(es), 1 terminate flush(es), 0 completion(s), 0 continuation(s) 
[2026-09-13T14:28:26.649-0400][435.742s][info][gc,nmethod  ] GC(48) y: NMethods: 28036 registered, 6793 unregistered
[2026-09-13T14:28:26.649-0400][435.742s][info][gc,metaspace] GC(48) y: Metaspace: 565M used, 568M committed, 1472M reserved
[2026-09-13T14:28:26.649-0400][435.742s][info][gc,reloc    ] GC(48) y:                        Candidates     Selected     In-Place         Size        Empty    Relocated 
[2026-09-13T14:28:26.649-0400][435.742s][info][gc,reloc    ] GC(48) y: Small Pages:                 5368          224            0       10736M       10284M           2M 
[2026-09-13T14:28:26.649-0400][435.742s][info][gc,reloc    ] GC(48) y: Medium Pages:                   0            0            0           0M           0M           0M 
[2026-09-13T14:28:26.649-0400][435.742s][info][gc,reloc    ] GC(48) y: Large Pages:                    0            0            0           0M           0M           0M 
[2026-09-13T14:28:26.649-0400][435.742s][info][gc,reloc    ] GC(48) y: Forwarding Usage: 1M
[2026-09-13T14:28:26.649-0400][435.742s][info][gc,reloc    ] GC(48) y: Age Table:
[2026-09-13T14:28:26.649-0400][435.742s][info][gc,reloc    ] GC(48) y:                    Live             Garbage             Small              Medium             Large        
[2026-09-13T14:28:26.649-0400][435.742s][info][gc,reloc    ] GC(48) y: Eden               1M (0%)        10718M (52%)       5360 / 217            0 / 0              0 / 0        
[2026-09-13T14:28:26.649-0400][435.742s][info][gc,reloc    ] GC(48) y: Survivor 1         1M (0%)            4M (0%)           3 / 3              0 / 0              0 / 0        
[2026-09-13T14:28:26.649-0400][435.742s][info][gc,reloc    ] GC(48) y: Survivor 2         0M (0%)            1M (0%)           1 / 1              0 / 0              0 / 0        
[2026-09-13T14:28:26.649-0400][435.742s][info][gc,reloc    ] GC(48) y: Survivor 3         0M (0%)            3M (0%)           2 / 1              0 / 0              0 / 0        
[2026-09-13T14:28:26.649-0400][435.742s][info][gc,reloc    ] GC(48) y: Survivor 4         0M (0%)            3M (0%)           2 / 2              0 / 0              0 / 0        
[2026-09-13T14:28:26.649-0400][435.742s][info][gc,heap     ] GC(48) y: Min Capacity: 256M(1%)
[2026-09-13T14:28:26.649-0400][435.742s][info][gc,heap     ] GC(48) y: Max Capacity: 20576M(100%)
[2026-09-13T14:28:26.649-0400][435.742s][info][gc,heap     ] GC(48) y: Soft Max Capacity: 20576M(100%)
[2026-09-13T14:28:26.649-0400][435.742s][info][gc,heap     ] GC(48) y: Heap Statistics:
[2026-09-13T14:28:26.649-0400][435.742s][info][gc,heap     ] GC(48) y:                Mark Start          Mark End        Relocate Start      Relocate End           High               Low         
[2026-09-13T14:28:26.649-0400][435.742s][info][gc,heap     ] GC(48) y:  Capacity:    19584M (95%)       19584M (95%)       19584M (95%)       19584M (95%)       19584M (95%)       19584M (95%)    
[2026-09-13T14:28:26.649-0400][435.742s][info][gc,heap     ] GC(48) y:      Free:     1070M (5%)         1006M (5%)        11288M (55%)       11718M (57%)       11718M (57%)        1006M (5%)     
[2026-09-13T14:28:26.649-0400][435.742s][info][gc,heap     ] GC(48) y:      Used:    19506M (95%)       19570M (95%)        9288M (45%)        8858M (43%)       19570M (95%)        8858M (43%)    
[2026-09-13T14:28:26.649-0400][435.742s][info][gc,heap     ] GC(48) y: Young Generation Statistics:
[2026-09-13T14:28:26.649-0400][435.742s][info][gc,heap     ] GC(48) y:                Mark Start          Mark End        Relocate Start      Relocate End    
[2026-09-13T14:28:26.649-0400][435.742s][info][gc,heap     ] GC(48) y:      Used:    10736M (52%)       10800M (52%)         518M (3%)           88M (0%)     
[2026-09-13T14:28:26.649-0400][435.742s][info][gc,heap     ] GC(48) y:      Live:         -                 3M (0%)            3M (0%)            3M (0%)     
[2026-09-13T14:28:26.649-0400][435.742s][info][gc,heap     ] GC(48) y:   Garbage:         -             10732M (52%)         448M (2%)            0M (0%)     
[2026-09-13T14:28:26.649-0400][435.742s][info][gc,heap     ] GC(48) y: Allocated:         -                64M (0%)           66M (0%)           84M (0%)     
[2026-09-13T14:28:26.649-0400][435.742s][info][gc,heap     ] GC(48) y: Reclaimed:         -                  -             10284M (50%)       10732M (52%)    
[2026-09-13T14:28:26.650-0400][435.742s][info][gc,heap     ] GC(48) y:  Promoted:         -                  -                 0M (0%)            0M (0%)     
[2026-09-13T14:28:26.650-0400][435.742s][info][gc,heap     ] GC(48) y: Compacted:         -                  -                  -                 3M (0%)     
[2026-09-13T14:28:26.650-0400][435.742s][info][gc,phases   ] GC(48) y: Young Generation 19506M(95%)->8858M(43%) 0.079s
[2026-09-13T14:28:26.650-0400][435.742s][info][gc          ] GC(48) Minor Collection (High Usage) 19506M(95%)->8858M(43%) 0.080s
[2026-09-13T14:28:38.134-0400][447.225s][info][gc          ] GC(49) Minor Collection (High Usage)
[2026-09-13T14:28:38.134-0400][447.226s][info][gc,task     ] GC(49) Using 1 Workers for Young Generation
[2026-09-13T14:28:38.134-0400][447.226s][info][gc,phases   ] GC(49) y: Young Generation
[2026-09-13T14:28:38.134-0400][447.226s][info][gc,phases   ] GC(49) y: Pause Mark Start 0.013ms
[2026-09-13T14:28:38.200-0400][447.293s][info][gc,phases   ] GC(49) y: Concurrent Mark 66.871ms
[2026-09-13T14:28:38.201-0400][447.293s][info][gc,phases   ] GC(49) y: Pause Mark End 0.017ms
[2026-09-13T14:28:38.201-0400][447.293s][info][gc,phases   ] GC(49) y: Concurrent Mark Free 0.004ms
[2026-09-13T14:28:38.201-0400][447.293s][info][gc,phases   ] GC(49) y: Concurrent Reset Relocation Set 0.007ms
[2026-09-13T14:28:38.202-0400][447.294s][info][gc,reloc    ] GC(49) y: Using tenuring threshold: 6 (Computed)
[2026-09-13T14:28:38.203-0400][447.295s][info][gc,phases   ] GC(49) y: Concurrent Select Relocation Set 1.781ms
[2026-09-13T14:28:38.203-0400][447.295s][info][gc,phases   ] GC(49) y: Pause Relocate Start 0.008ms
[2026-09-13T14:28:38.210-0400][447.302s][info][gc,phases   ] GC(49) y: Concurrent Relocate 7.599ms
[2026-09-13T14:28:38.210-0400][447.303s][info][gc,alloc    ] GC(49) y:                         Mark Start        Mark End      Relocate Start    Relocate End   
[2026-09-13T14:28:38.210-0400][447.303s][info][gc,alloc    ] GC(49) y: Allocation Stalls:          0                0                0                0         
[2026-09-13T14:28:38.210-0400][447.303s][info][gc,load     ] GC(49) y: Load: 0.00 (0%) / 0.00 (0%) / 0.00 (0%)
[2026-09-13T14:28:38.210-0400][447.303s][info][gc,mmu      ] GC(49) y: MMU: 2ms/96.9%, 5ms/98.8%, 10ms/99.4%, 20ms/99.6%, 50ms/99.9%, 100ms/99.9%
[2026-09-13T14:28:38.210-0400][447.303s][info][gc,marking  ] GC(49) y: Mark: 1 stripe(s), 2 proactive flush(es), 1 terminate flush(es), 0 completion(s), 0 continuation(s) 
[2026-09-13T14:28:38.210-0400][447.303s][info][gc,nmethod  ] GC(49) y: NMethods: 28106 registered, 6793 unregistered
[2026-09-13T14:28:38.210-0400][447.303s][info][gc,metaspace] GC(49) y: Metaspace: 565M used, 568M committed, 1472M reserved
[2026-09-13T14:28:38.210-0400][447.303s][info][gc,reloc    ] GC(49) y:                        Candidates     Selected     In-Place         Size        Empty    Relocated 
[2026-09-13T14:28:38.210-0400][447.303s][info][gc,reloc    ] GC(49) y: Small Pages:                 5365          169            0       10730M       10388M           2M 
[2026-09-13T14:28:38.210-0400][447.303s][info][gc,reloc    ] GC(49) y: Medium Pages:                   0            0            0           0M           0M           0M 
[2026-09-13T14:28:38.211-0400][447.303s][info][gc,reloc    ] GC(49) y: Large Pages:                    0            0            0           0M           0M           0M 
[2026-09-13T14:28:38.211-0400][447.303s][info][gc,reloc    ] GC(49) y: Forwarding Usage: 1M
[2026-09-13T14:28:38.211-0400][447.303s][info][gc,reloc    ] GC(49) y: Age Table:
[2026-09-13T14:28:38.211-0400][447.303s][info][gc,reloc    ] GC(49) y:                    Live             Garbage             Small              Medium             Large        
[2026-09-13T14:28:38.211-0400][447.303s][info][gc,reloc    ] GC(49) y: Eden               1M (0%)        10716M (52%)       5359 / 165            0 / 0              0 / 0        
[2026-09-13T14:28:38.211-0400][447.303s][info][gc,reloc    ] GC(49) y: Survivor 1         0M (0%)            3M (0%)           2 / 0              0 / 0              0 / 0        
[2026-09-13T14:28:38.211-0400][447.303s][info][gc,reloc    ] GC(49) y: Survivor 2         1M (0%)            0M (0%)           1 / 1              0 / 0              0 / 0        
[2026-09-13T14:28:38.211-0400][447.303s][info][gc,reloc    ] GC(49) y: Survivor 3         0M (0%)            1M (0%)           1 / 1              0 / 0              0 / 0        
[2026-09-13T14:28:38.211-0400][447.303s][info][gc,reloc    ] GC(49) y: Survivor 4         0M (0%)            1M (0%)           1 / 1              0 / 0              0 / 0        
[2026-09-13T14:28:38.211-0400][447.303s][info][gc,reloc    ] GC(49) y: Survivor 5         0M (0%)            1M (0%)           1 / 1              0 / 0              0 / 0        
[2026-09-13T14:28:38.211-0400][447.303s][info][gc,heap     ] GC(49) y: Min Capacity: 256M(1%)
[2026-09-13T14:28:38.211-0400][447.303s][info][gc,heap     ] GC(49) y: Max Capacity: 20576M(100%)
[2026-09-13T14:28:38.211-0400][447.303s][info][gc,heap     ] GC(49) y: Soft Max Capacity: 20576M(100%)
[2026-09-13T14:28:38.211-0400][447.303s][info][gc,heap     ] GC(49) y: Heap Statistics:
[2026-09-13T14:28:38.211-0400][447.303s][info][gc,heap     ] GC(49) y:                Mark Start          Mark End        Relocate Start      Relocate End           High               Low         
[2026-09-13T14:28:38.211-0400][447.303s][info][gc,heap     ] GC(49) y:  Capacity:    19584M (95%)       19584M (95%)       19584M (95%)       19584M (95%)       19584M (95%)       19584M (95%)    
[2026-09-13T14:28:38.211-0400][447.303s][info][gc,heap     ] GC(49) y:      Free:     1076M (5%)          994M (5%)        11382M (55%)       11700M (57%)       11700M (57%)         994M (5%)     
[2026-09-13T14:28:38.211-0400][447.303s][info][gc,heap     ] GC(49) y:      Used:    19500M (95%)       19582M (95%)        9194M (45%)        8876M (43%)       19582M (95%)        8876M (43%)    
[2026-09-13T14:28:38.211-0400][447.303s][info][gc,heap     ] GC(49) y: Young Generation Statistics:
[2026-09-13T14:28:38.211-0400][447.303s][info][gc,heap     ] GC(49) y:                Mark Start          Mark End        Relocate Start      Relocate End    
[2026-09-13T14:28:38.211-0400][447.303s][info][gc,heap     ] GC(49) y:      Used:    10730M (52%)       10812M (53%)         424M (2%)          106M (1%)     
[2026-09-13T14:28:38.211-0400][447.303s][info][gc,heap     ] GC(49) y:      Live:         -                 3M (0%)            3M (0%)            3M (0%)     
[2026-09-13T14:28:38.211-0400][447.303s][info][gc,heap     ] GC(49) y:   Garbage:         -             10726M (52%)         338M (2%)            0M (0%)     
[2026-09-13T14:28:38.211-0400][447.303s][info][gc,heap     ] GC(49) y: Allocated:         -                82M (0%)           82M (0%)          102M (0%)     
[2026-09-13T14:28:38.211-0400][447.303s][info][gc,heap     ] GC(49) y: Reclaimed:         -                  -             10388M (50%)       10726M (52%)    
[2026-09-13T14:28:38.211-0400][447.303s][info][gc,heap     ] GC(49) y:  Promoted:         -                  -                 0M (0%)            0M (0%)     
[2026-09-13T14:28:38.211-0400][447.303s][info][gc,heap     ] GC(49) y: Compacted:         -                  -                  -                 3M (0%)     
[2026-09-13T14:28:38.211-0400][447.303s][info][gc,phases   ] GC(49) y: Young Generation 19500M(95%)->8876M(43%) 0.077s
[2026-09-13T14:28:38.211-0400][447.303s][info][gc          ] GC(49) Minor Collection (High Usage) 19500M(95%)->8876M(43%) 0.078s
[2026-09-13T14:28:51.090-0400][460.182s][info][gc          ] GC(50) Minor Collection (High Usage)
[2026-09-13T14:28:51.090-0400][460.182s][info][gc,task     ] GC(50) Using 1 Workers for Young Generation
[2026-09-13T14:28:51.090-0400][460.182s][info][gc,phases   ] GC(50) y: Young Generation
[2026-09-13T14:28:51.090-0400][460.183s][info][gc,phases   ] GC(50) y: Pause Mark Start 0.018ms
[2026-09-13T14:28:51.321-0400][460.413s][info][gc,phases   ] GC(50) y: Concurrent Mark 230.386ms
[2026-09-13T14:28:51.322-0400][460.414s][info][gc,phases   ] GC(50) y: Pause Mark End 0.019ms
[2026-09-13T14:28:51.322-0400][460.414s][info][gc,phases   ] GC(50) y: Concurrent Mark Free 0.003ms
[2026-09-13T14:28:51.322-0400][460.414s][info][gc,phases   ] GC(50) y: Concurrent Reset Relocation Set 0.007ms
[2026-09-13T14:28:51.323-0400][460.415s][info][gc,reloc    ] GC(50) y: Using tenuring threshold: 6 (Computed)
[2026-09-13T14:28:51.327-0400][460.420s][info][gc,phases   ] GC(50) y: Concurrent Select Relocation Set 5.417ms
[2026-09-13T14:28:51.327-0400][460.420s][info][gc,phases   ] GC(50) y: Pause Relocate Start 0.013ms
[2026-09-13T14:28:51.487-0400][460.579s][info][gc,phases   ] GC(50) y: Concurrent Relocate 159.744ms
[2026-09-13T14:28:51.487-0400][460.579s][info][gc,alloc    ] GC(50) y:                         Mark Start        Mark End      Relocate Start    Relocate End   
[2026-09-13T14:28:51.487-0400][460.580s][info][gc,alloc    ] GC(50) y: Allocation Stalls:          0                0                0                0         
[2026-09-13T14:28:51.487-0400][460.580s][info][gc,load     ] GC(50) y: Load: 0.00 (0%) / 0.00 (0%) / 0.00 (0%)
[2026-09-13T14:28:51.487-0400][460.580s][info][gc,mmu      ] GC(50) y: MMU: 2ms/96.9%, 5ms/98.8%, 10ms/99.4%, 20ms/99.6%, 50ms/99.9%, 100ms/99.9%
[2026-09-13T14:28:51.487-0400][460.580s][info][gc,marking  ] GC(50) y: Mark: 1 stripe(s), 2 proactive flush(es), 1 terminate flush(es), 0 completion(s), 0 continuation(s) 
[2026-09-13T14:28:51.487-0400][460.580s][info][gc,nmethod  ] GC(50) y: NMethods: 28461 registered, 6793 unregistered
[2026-09-13T14:28:51.487-0400][460.580s][info][gc,metaspace] GC(50) y: Metaspace: 566M used, 569M committed, 1472M reserved
[2026-09-13T14:28:51.487-0400][460.580s][info][gc,reloc    ] GC(50) y:                        Candidates     Selected     In-Place         Size        Empty    Relocated 
[2026-09-13T14:28:51.487-0400][460.580s][info][gc,reloc    ] GC(50) y: Small Pages:                 5350         3064            0       10700M        4516M          39M 
[2026-09-13T14:28:51.487-0400][460.580s][info][gc,reloc    ] GC(50) y: Medium Pages:                   1            0            0          32M           0M           0M 
[2026-09-13T14:28:51.487-0400][460.580s][info][gc,reloc    ] GC(50) y: Large Pages:                    0            0            0           0M           0M           0M 
[2026-09-13T14:28:51.487-0400][460.580s][info][gc,reloc    ] GC(50) y: Forwarding Usage: 20M
[2026-09-13T14:28:51.487-0400][460.580s][info][gc,reloc    ] GC(50) y: Age Table:
[2026-09-13T14:28:51.487-0400][460.580s][info][gc,reloc    ] GC(50) y:                    Live             Garbage             Small              Medium             Large        
[2026-09-13T14:28:51.487-0400][460.580s][info][gc,reloc    ] GC(50) y: Eden              47M (0%)        10662M (52%)       5339 / 3054           1 / 0              0 / 0        
[2026-09-13T14:28:51.487-0400][460.580s][info][gc,reloc    ] GC(50) y: Survivor 1         0M (0%)            3M (0%)           2 / 2              0 / 0              0 / 0        
[2026-09-13T14:28:51.487-0400][460.580s][info][gc,reloc    ] GC(50) y: Survivor 2         0M (0%)            3M (0%)           2 / 2              0 / 0              0 / 0        
[2026-09-13T14:28:51.487-0400][460.580s][info][gc,reloc    ] GC(50) y: Survivor 3         1M (0%)            2M (0%)           2 / 1              0 / 0              0 / 0        
[2026-09-13T14:28:51.487-0400][460.580s][info][gc,reloc    ] GC(50) y: Survivor 4         0M (0%)            1M (0%)           1 / 1              0 / 0              0 / 0        
[2026-09-13T14:28:51.487-0400][460.580s][info][gc,reloc    ] GC(50) y: Survivor 5         0M (0%)            3M (0%)           2 / 2              0 / 0              0 / 0        
[2026-09-13T14:28:51.487-0400][460.580s][info][gc,reloc    ] GC(50) y: Survivor 6         0M (0%)            3M (0%)           2 / 2              0 / 0              0 / 0        
[2026-09-13T14:28:51.487-0400][460.580s][info][gc,heap     ] GC(50) y: Min Capacity: 256M(1%)
[2026-09-13T14:28:51.487-0400][460.580s][info][gc,heap     ] GC(50) y: Max Capacity: 20576M(100%)
[2026-09-13T14:28:51.487-0400][460.580s][info][gc,heap     ] GC(50) y: Soft Max Capacity: 20576M(100%)
[2026-09-13T14:28:51.487-0400][460.580s][info][gc,heap     ] GC(50) y: Heap Statistics:
[2026-09-13T14:28:51.487-0400][460.580s][info][gc,heap     ] GC(50) y:                Mark Start          Mark End        Relocate Start      Relocate End           High               Low         
[2026-09-13T14:28:51.487-0400][460.580s][info][gc,heap     ] GC(50) y:  Capacity:    19584M (95%)       19738M (96%)       19738M (96%)       19738M (96%)       19738M (96%)       19584M (95%)    
[2026-09-13T14:28:51.487-0400][460.580s][info][gc,heap     ] GC(50) y:      Free:     1074M (5%)          838M (4%)         5350M (26%)       11056M (54%)       11072M (54%)         838M (4%)     
[2026-09-13T14:28:51.487-0400][460.580s][info][gc,heap     ] GC(50) y:      Used:    19502M (95%)       19738M (96%)       15226M (74%)        9520M (46%)       19738M (96%)        9504M (46%)    
[2026-09-13T14:28:51.487-0400][460.580s][info][gc,heap     ] GC(50) y: Young Generation Statistics:
[2026-09-13T14:28:51.487-0400][460.580s][info][gc,heap     ] GC(50) y:                Mark Start          Mark End        Relocate Start      Relocate End    
[2026-09-13T14:28:51.487-0400][460.580s][info][gc,heap     ] GC(50) y:      Used:    10732M (52%)       10968M (53%)        6456M (31%)         748M (4%)     
[2026-09-13T14:28:51.487-0400][460.580s][info][gc,heap     ] GC(50) y:      Live:         -                49M (0%)           49M (0%)           49M (0%)     
[2026-09-13T14:28:51.487-0400][460.580s][info][gc,heap     ] GC(50) y:   Garbage:         -             10682M (52%)        6166M (30%)          31M (0%)     
[2026-09-13T14:28:51.487-0400][460.580s][info][gc,heap     ] GC(50) y: Allocated:         -               236M (1%)          240M (1%)          667M (3%)     
[2026-09-13T14:28:51.487-0400][460.580s][info][gc,heap     ] GC(50) y: Reclaimed:         -                  -              4516M (22%)       10651M (52%)    
[2026-09-13T14:28:51.487-0400][460.580s][info][gc,heap     ] GC(50) y:  Promoted:         -                  -                 0M (0%)            0M (0%)     
[2026-09-13T14:28:51.487-0400][460.580s][info][gc,heap     ] GC(50) y: Compacted:         -                  -                  -                48M (0%)     
[2026-09-13T14:28:51.487-0400][460.580s][info][gc,phases   ] GC(50) y: Young Generation 19502M(95%)->9520M(46%) 0.397s
[2026-09-13T14:28:51.487-0400][460.580s][info][gc          ] GC(50) Minor Collection (High Usage) 19502M(95%)->9520M(46%) 0.398s
[2026-09-13T14:28:58.205-0400][467.297s][info][gc          ] GC(51) Minor Collection (Allocation Rate)
[2026-09-13T14:28:58.205-0400][467.297s][info][gc,task     ] GC(51) Using 1 Workers for Young Generation
[2026-09-13T14:28:58.205-0400][467.297s][info][gc,phases   ] GC(51) y: Young Generation
[2026-09-13T14:28:58.205-0400][467.297s][info][gc,phases   ] GC(51) y: Pause Mark Start 0.011ms
[2026-09-13T14:28:58.494-0400][467.586s][info][gc,phases   ] GC(51) y: Concurrent Mark 288.846ms
[2026-09-13T14:28:58.494-0400][467.586s][info][gc,phases   ] GC(51) y: Pause Mark End 0.022ms
[2026-09-13T14:28:58.494-0400][467.586s][info][gc,phases   ] GC(51) y: Concurrent Mark Free 0.003ms
[2026-09-13T14:28:58.494-0400][467.586s][info][gc,phases   ] GC(51) y: Concurrent Reset Relocation Set 0.108ms
[2026-09-13T14:28:58.495-0400][467.588s][info][gc,reloc    ] GC(51) y: Using tenuring threshold: 1 (Computed)
[2026-09-13T14:28:58.522-0400][467.614s][info][gc,phases   ] GC(51) y: Concurrent Select Relocation Set 27.600ms
[2026-09-13T14:28:58.522-0400][467.614s][info][gc,phases   ] GC(51) y: Pause Relocate Start 0.012ms
[2026-09-13T14:28:58.623-0400][467.715s][info][gc,phases   ] GC(51) y: Concurrent Relocate 100.682ms
[2026-09-13T14:28:58.623-0400][467.715s][info][gc,alloc    ] GC(51) y:                         Mark Start        Mark End      Relocate Start    Relocate End   
[2026-09-13T14:28:58.623-0400][467.715s][info][gc,alloc    ] GC(51) y: Allocation Stalls:          0                0                0                0         
[2026-09-13T14:28:58.623-0400][467.715s][info][gc,load     ] GC(51) y: Load: 0.00 (0%) / 0.00 (0%) / 0.00 (0%)
[2026-09-13T14:28:58.623-0400][467.715s][info][gc,mmu      ] GC(51) y: MMU: 2ms/96.9%, 5ms/98.8%, 10ms/99.4%, 20ms/99.6%, 50ms/99.9%, 100ms/99.9%
[2026-09-13T14:28:58.623-0400][467.715s][info][gc,marking  ] GC(51) y: Mark: 1 stripe(s), 2 proactive flush(es), 1 terminate flush(es), 0 completion(s), 0 continuation(s) 
[2026-09-13T14:28:58.623-0400][467.715s][info][gc,nmethod  ] GC(51) y: NMethods: 28492 registered, 6793 unregistered
[2026-09-13T14:28:58.623-0400][467.715s][info][gc,metaspace] GC(51) y: Metaspace: 566M used, 569M committed, 1472M reserved
[2026-09-13T14:28:58.623-0400][467.715s][info][gc,reloc    ] GC(51) y:                        Candidates     Selected     In-Place         Size        Empty    Relocated 
[2026-09-13T14:28:58.623-0400][467.715s][info][gc,reloc    ] GC(51) y: Small Pages:                 4846         2458            0        9692M        4724M           2M 
[2026-09-13T14:28:58.623-0400][467.715s][info][gc,reloc    ] GC(51) y: Medium Pages:                   1            0            0          32M           0M           0M 
[2026-09-13T14:28:58.623-0400][467.715s][info][gc,reloc    ] GC(51) y: Large Pages:                    0            0            0           0M           0M           0M 
[2026-09-13T14:28:58.623-0400][467.715s][info][gc,reloc    ] GC(51) y: Forwarding Usage: 1M
[2026-09-13T14:28:58.623-0400][467.715s][info][gc,reloc    ] GC(51) y: Age Table:
[2026-09-13T14:28:58.623-0400][467.715s][info][gc,reloc    ] GC(51) y:                    Live             Garbage             Small              Medium             Large        
[2026-09-13T14:28:58.623-0400][467.715s][info][gc,reloc    ] GC(51) y: Eden               1M (0%)         9630M (47%)       4816 / 2453           0 / 0              0 / 0        
[2026-09-13T14:28:58.623-0400][467.715s][info][gc,reloc    ] GC(51) y: Survivor 1        47M (0%)           34M (0%)          25 / 1              1 / 0              0 / 0        
[2026-09-13T14:28:58.623-0400][467.715s][info][gc,reloc    ] GC(51) y: Survivor 2         0M (0%)            1M (0%)           1 / 1              0 / 0              0 / 0        
[2026-09-13T14:28:58.623-0400][467.715s][info][gc,reloc    ] GC(51) y: Survivor 3         0M (0%)            1M (0%)           1 / 0              0 / 0              0 / 0        
[2026-09-13T14:28:58.623-0400][467.715s][info][gc,reloc    ] GC(51) y: Survivor 4         1M (0%)            0M (0%)           1 / 1              0 / 0              0 / 0        
[2026-09-13T14:28:58.623-0400][467.715s][info][gc,reloc    ] GC(51) y: Survivor 5         0M (0%)            1M (0%)           1 / 1              0 / 0              0 / 0        
[2026-09-13T14:28:58.623-0400][467.715s][info][gc,reloc    ] GC(51) y: Survivor 6         0M (0%)            1M (0%)           1 / 1              0 / 0              0 / 0        
[2026-09-13T14:28:58.623-0400][467.715s][info][gc,heap     ] GC(51) y: Min Capacity: 256M(1%)
[2026-09-13T14:28:58.623-0400][467.715s][info][gc,heap     ] GC(51) y: Max Capacity: 20576M(100%)
[2026-09-13T14:28:58.623-0400][467.715s][info][gc,heap     ] GC(51) y: Soft Max Capacity: 20576M(100%)
[2026-09-13T14:28:58.623-0400][467.715s][info][gc,heap     ] GC(51) y: Heap Statistics:
[2026-09-13T14:28:58.623-0400][467.715s][info][gc,heap     ] GC(51) y:                Mark Start          Mark End        Relocate Start      Relocate End           High               Low         
[2026-09-13T14:28:58.623-0400][467.715s][info][gc,heap     ] GC(51) y:  Capacity:    19738M (96%)       19738M (96%)       19738M (96%)       19738M (96%)       19738M (96%)       19738M (96%)    
[2026-09-13T14:28:58.623-0400][467.715s][info][gc,heap     ] GC(51) y:      Free:     2080M (10%)        1166M (6%)         5796M (28%)       10366M (50%)       10520M (51%)        1164M (6%)     
[2026-09-13T14:28:58.623-0400][467.715s][info][gc,heap     ] GC(51) y:      Used:    18496M (90%)       19410M (94%)       14780M (72%)       10210M (50%)       19412M (94%)       10056M (49%)    
[2026-09-13T14:28:58.623-0400][467.715s][info][gc,heap     ] GC(51) y: Young Generation Statistics:
[2026-09-13T14:28:58.623-0400][467.715s][info][gc,heap     ] GC(51) y:                Mark Start          Mark End        Relocate Start      Relocate End    
[2026-09-13T14:28:58.623-0400][467.715s][info][gc,heap     ] GC(51) y:      Used:     9724M (47%)       10638M (52%)        5928M (29%)        1354M (7%)     
[2026-09-13T14:28:58.623-0400][467.715s][info][gc,heap     ] GC(51) y:      Live:         -                50M (0%)            3M (0%)            1M (0%)     
[2026-09-13T14:28:58.623-0400][467.715s][info][gc,heap     ] GC(51) y:   Garbage:         -              9673M (47%)        4916M (24%)           0M (0%)     
[2026-09-13T14:28:58.623-0400][467.715s][info][gc,heap     ] GC(51) y: Allocated:         -               914M (4%)         1008M (5%)         1352M (7%)     
[2026-09-13T14:28:58.623-0400][467.715s][info][gc,heap     ] GC(51) y: Reclaimed:         -                  -              4756M (23%)        9673M (47%)    
[2026-09-13T14:28:58.623-0400][467.715s][info][gc,heap     ] GC(51) y:  Promoted:         -                  -                47M (0%)           49M (0%)     
[2026-09-13T14:28:58.623-0400][467.715s][info][gc,heap     ] GC(51) y: Compacted:         -                  -                  -                 1M (0%)     
[2026-09-13T14:28:58.623-0400][467.715s][info][gc,phases   ] GC(51) y: Young Generation 18496M(90%)->10210M(50%) 0.418s
[2026-09-13T14:28:58.623-0400][467.715s][info][gc          ] GC(51) Minor Collection (Allocation Rate) 18496M(90%)->10212M(50%) 0.418s
[2026-09-13T14:29:10.416-0400][479.508s][info][gc          ] GC(52) Minor Collection (Allocation Rate)
[2026-09-13T14:29:10.416-0400][479.508s][info][gc,task     ] GC(52) Using 1 Workers for Young Generation
[2026-09-13T14:29:10.416-0400][479.508s][info][gc,phases   ] GC(52) y: Young Generation
[2026-09-13T14:29:10.416-0400][479.508s][info][gc,phases   ] GC(52) y: Pause Mark Start 0.012ms
[2026-09-13T14:29:10.541-0400][479.633s][info][gc,phases   ] GC(52) y: Concurrent Mark 124.666ms
[2026-09-13T14:29:10.541-0400][479.633s][info][gc,phases   ] GC(52) y: Pause Mark End 0.016ms
[2026-09-13T14:29:10.541-0400][479.633s][info][gc,phases   ] GC(52) y: Concurrent Mark Free 0.005ms
[2026-09-13T14:29:10.541-0400][479.633s][info][gc,phases   ] GC(52) y: Concurrent Reset Relocation Set 0.546ms
[2026-09-13T14:29:10.543-0400][479.635s][info][gc,reloc    ] GC(52) y: Using tenuring threshold: 2 (Computed)
[2026-09-13T14:29:10.543-0400][479.635s][info][gc,phases   ] GC(52) y: Concurrent Select Relocation Set 1.925ms
[2026-09-13T14:29:10.543-0400][479.635s][info][gc,phases   ] GC(52) y: Pause Relocate Start 0.011ms
[2026-09-13T14:29:10.597-0400][479.690s][info][gc,phases   ] GC(52) y: Concurrent Relocate 53.981ms
[2026-09-13T14:29:10.597-0400][479.690s][info][gc,alloc    ] GC(52) y:                         Mark Start        Mark End      Relocate Start    Relocate End   
[2026-09-13T14:29:10.597-0400][479.690s][info][gc,alloc    ] GC(52) y: Allocation Stalls:          0                0                0                0         
[2026-09-13T14:29:10.597-0400][479.690s][info][gc,load     ] GC(52) y: Load: 0.00 (0%) / 0.00 (0%) / 0.00 (0%)
[2026-09-13T14:29:10.597-0400][479.690s][info][gc,mmu      ] GC(52) y: MMU: 2ms/96.9%, 5ms/98.8%, 10ms/99.4%, 20ms/99.6%, 50ms/99.9%, 100ms/99.9%
[2026-09-13T14:29:10.597-0400][479.690s][info][gc,marking  ] GC(52) y: Mark: 1 stripe(s), 3 proactive flush(es), 1 terminate flush(es), 0 completion(s), 0 continuation(s) 
[2026-09-13T14:29:10.597-0400][479.690s][info][gc,nmethod  ] GC(52) y: NMethods: 28511 registered, 6793 unregistered
[2026-09-13T14:29:10.597-0400][479.690s][info][gc,metaspace] GC(52) y: Metaspace: 566M used, 569M committed, 1472M reserved
[2026-09-13T14:29:10.597-0400][479.690s][info][gc,reloc    ] GC(52) y:                        Candidates     Selected     In-Place         Size        Empty    Relocated 
[2026-09-13T14:29:10.597-0400][479.690s][info][gc,reloc    ] GC(52) y: Small Pages:                 4258         2123            0        8516M        4266M           0M 
[2026-09-13T14:29:10.597-0400][479.690s][info][gc,reloc    ] GC(52) y: Medium Pages:                   0            0            0           0M           0M           0M 
[2026-09-13T14:29:10.597-0400][479.690s][info][gc,reloc    ] GC(52) y: Large Pages:                    0            0            0           0M           0M           0M 
[2026-09-13T14:29:10.597-0400][479.690s][info][gc,reloc    ] GC(52) y: Forwarding Usage: 0M
[2026-09-13T14:29:10.597-0400][479.690s][info][gc,reloc    ] GC(52) y: Age Table:
[2026-09-13T14:29:10.597-0400][479.690s][info][gc,reloc    ] GC(52) y:                    Live             Garbage             Small              Medium             Large        
[2026-09-13T14:29:10.597-0400][479.690s][info][gc,reloc    ] GC(52) y: Eden               0M (0%)         8511M (41%)       4256 / 2122           0 / 0              0 / 0        
[2026-09-13T14:29:10.598-0400][479.690s][info][gc,reloc    ] GC(52) y: Survivor 1         1M (0%)            2M (0%)           2 / 1              0 / 0              0 / 0        
[2026-09-13T14:29:10.598-0400][479.690s][info][gc,heap     ] GC(52) y: Min Capacity: 256M(1%)
[2026-09-13T14:29:10.598-0400][479.690s][info][gc,heap     ] GC(52) y: Max Capacity: 20576M(100%)
[2026-09-13T14:29:10.598-0400][479.690s][info][gc,heap     ] GC(52) y: Soft Max Capacity: 20576M(100%)
[2026-09-13T14:29:10.598-0400][479.690s][info][gc,heap     ] GC(52) y: Heap Statistics:
[2026-09-13T14:29:10.598-0400][479.690s][info][gc,heap     ] GC(52) y:                Mark Start          Mark End        Relocate Start      Relocate End           High               Low         
[2026-09-13T14:29:10.598-0400][479.690s][info][gc,heap     ] GC(52) y:  Capacity:    19738M (96%)       19738M (96%)       19738M (96%)       19738M (96%)       19738M (96%)       19738M (96%)    
[2026-09-13T14:29:10.598-0400][479.690s][info][gc,heap     ] GC(52) y:      Free:     3204M (16%)        2824M (14%)        7084M (34%)       11154M (54%)       11154M (54%)        2822M (14%)    
[2026-09-13T14:29:10.598-0400][479.690s][info][gc,heap     ] GC(52) y:      Used:    17372M (84%)       17752M (86%)       13492M (66%)        9422M (46%)       17754M (86%)        9422M (46%)    
[2026-09-13T14:29:10.598-0400][479.690s][info][gc,heap     ] GC(52) y: Young Generation Statistics:
[2026-09-13T14:29:10.598-0400][479.690s][info][gc,heap     ] GC(52) y:                Mark Start          Mark End        Relocate Start      Relocate End    
[2026-09-13T14:29:10.598-0400][479.690s][info][gc,heap     ] GC(52) y:      Used:     8516M (41%)        8896M (43%)        4636M (23%)         566M (3%)     
[2026-09-13T14:29:10.598-0400][479.690s][info][gc,heap     ] GC(52) y:      Live:         -                 1M (0%)            1M (0%)            1M (0%)     
[2026-09-13T14:29:10.598-0400][479.690s][info][gc,heap     ] GC(52) y:   Garbage:         -              8514M (41%)        4248M (21%)           0M (0%)     
[2026-09-13T14:29:10.598-0400][479.690s][info][gc,heap     ] GC(52) y: Allocated:         -               380M (2%)          386M (2%)          563M (3%)     
[2026-09-13T14:29:10.598-0400][479.690s][info][gc,heap     ] GC(52) y: Reclaimed:         -                  -              4266M (21%)        8513M (41%)    
[2026-09-13T14:29:10.598-0400][479.690s][info][gc,heap     ] GC(52) y:  Promoted:         -                  -                 0M (0%)            0M (0%)     
[2026-09-13T14:29:10.598-0400][479.690s][info][gc,heap     ] GC(52) y: Compacted:         -                  -                  -                 0M (0%)     
[2026-09-13T14:29:10.598-0400][479.690s][info][gc,phases   ] GC(52) y: Young Generation 17372M(84%)->9422M(46%) 0.182s
[2026-09-13T14:29:10.598-0400][479.690s][info][gc          ] GC(52) Minor Collection (Allocation Rate) 17372M(84%)->9424M(46%) 0.182s
[2026-09-13T14:29:16.122-0400][485.214s][info][gc          ] GC(53) Minor Collection (Allocation Rate)
[2026-09-13T14:29:16.122-0400][485.214s][info][gc,task     ] GC(53) Using 1 Workers for Young Generation
[2026-09-13T14:29:16.122-0400][485.214s][info][gc,phases   ] GC(53) y: Young Generation
[2026-09-13T14:29:16.122-0400][485.214s][info][gc,phases   ] GC(53) y: Pause Mark Start 0.019ms
[2026-09-13T14:29:16.253-0400][485.345s][info][gc,phases   ] GC(53) y: Concurrent Mark 131.459ms
[2026-09-13T14:29:16.253-0400][485.345s][info][gc,phases   ] GC(53) y: Pause Mark End 0.018ms
[2026-09-13T14:29:16.253-0400][485.346s][info][gc,phases   ] GC(53) y: Concurrent Mark Free 0.004ms
[2026-09-13T14:29:16.253-0400][485.346s][info][gc,phases   ] GC(53) y: Concurrent Reset Relocation Set 0.050ms
[2026-09-13T14:29:16.255-0400][485.347s][info][gc,reloc    ] GC(53) y: Using tenuring threshold: 3 (Computed)
[2026-09-13T14:29:16.255-0400][485.348s][info][gc,phases   ] GC(53) y: Concurrent Select Relocation Set 2.416ms
[2026-09-13T14:29:16.256-0400][485.348s][info][gc,phases   ] GC(53) y: Pause Relocate Start 0.011ms
[2026-09-13T14:29:16.310-0400][485.402s][info][gc,phases   ] GC(53) y: Concurrent Relocate 54.012ms
[2026-09-13T14:29:16.310-0400][485.402s][info][gc,alloc    ] GC(53) y:                         Mark Start        Mark End      Relocate Start    Relocate End   
[2026-09-13T14:29:16.310-0400][485.402s][info][gc,alloc    ] GC(53) y: Allocation Stalls:          0                0                0                0         
[2026-09-13T14:29:16.310-0400][485.402s][info][gc,load     ] GC(53) y: Load: 0.00 (0%) / 0.00 (0%) / 0.00 (0%)
[2026-09-13T14:29:16.310-0400][485.402s][info][gc,mmu      ] GC(53) y: MMU: 2ms/96.9%, 5ms/98.8%, 10ms/99.4%, 20ms/99.6%, 50ms/99.9%, 100ms/99.9%
[2026-09-13T14:29:16.310-0400][485.402s][info][gc,marking  ] GC(53) y: Mark: 1 stripe(s), 2 proactive flush(es), 1 terminate flush(es), 0 completion(s), 0 continuation(s) 
[2026-09-13T14:29:16.310-0400][485.402s][info][gc,nmethod  ] GC(53) y: NMethods: 28529 registered, 6793 unregistered
[2026-09-13T14:29:16.310-0400][485.402s][info][gc,metaspace] GC(53) y: Metaspace: 566M used, 569M committed, 1472M reserved
[2026-09-13T14:29:16.310-0400][485.402s][info][gc,reloc    ] GC(53) y:                        Candidates     Selected     In-Place         Size        Empty    Relocated 
[2026-09-13T14:29:16.310-0400][485.402s][info][gc,reloc    ] GC(53) y: Small Pages:                 4737         2358            0        9474M        4754M           1M 
[2026-09-13T14:29:16.310-0400][485.402s][info][gc,reloc    ] GC(53) y: Medium Pages:                   0            0            0           0M           0M           0M 
[2026-09-13T14:29:16.310-0400][485.402s][info][gc,reloc    ] GC(53) y: Large Pages:                    0            0            0           0M           0M           0M 
[2026-09-13T14:29:16.310-0400][485.402s][info][gc,reloc    ] GC(53) y: Forwarding Usage: 0M
[2026-09-13T14:29:16.310-0400][485.402s][info][gc,reloc    ] GC(53) y: Age Table:
[2026-09-13T14:29:16.310-0400][485.402s][info][gc,reloc    ] GC(53) y:                    Live             Garbage             Small              Medium             Large        
[2026-09-13T14:29:16.310-0400][485.402s][info][gc,reloc    ] GC(53) y: Eden               0M (0%)         9463M (46%)       4732 / 2354           0 / 0              0 / 0        
[2026-09-13T14:29:16.310-0400][485.402s][info][gc,reloc    ] GC(53) y: Survivor 1         0M (0%)            3M (0%)           2 / 2              0 / 0              0 / 0        
[2026-09-13T14:29:16.310-0400][485.402s][info][gc,reloc    ] GC(53) y: Survivor 2         1M (0%)            4M (0%)           3 / 2              0 / 0              0 / 0        
[2026-09-13T14:29:16.310-0400][485.402s][info][gc,heap     ] GC(53) y: Min Capacity: 256M(1%)
[2026-09-13T14:29:16.310-0400][485.402s][info][gc,heap     ] GC(53) y: Max Capacity: 20576M(100%)
[2026-09-13T14:29:16.310-0400][485.402s][info][gc,heap     ] GC(53) y: Soft Max Capacity: 20576M(100%)
[2026-09-13T14:29:16.310-0400][485.402s][info][gc,heap     ] GC(53) y: Heap Statistics:
[2026-09-13T14:29:16.310-0400][485.402s][info][gc,heap     ] GC(53) y:                Mark Start          Mark End        Relocate Start      Relocate End           High               Low         
[2026-09-13T14:29:16.310-0400][485.402s][info][gc,heap     ] GC(53) y:  Capacity:    19738M (96%)       19738M (96%)       19738M (96%)       19738M (96%)       19738M (96%)       19738M (96%)    
[2026-09-13T14:29:16.310-0400][485.402s][info][gc,heap     ] GC(53) y:      Free:     2246M (11%)        1814M (9%)         6560M (32%)       11132M (54%)       11132M (54%)        1814M (9%)     
[2026-09-13T14:29:16.310-0400][485.402s][info][gc,heap     ] GC(53) y:      Used:    18330M (89%)       18762M (91%)       14016M (68%)        9444M (46%)       18762M (91%)        9444M (46%)    
[2026-09-13T14:29:16.310-0400][485.402s][info][gc,heap     ] GC(53) y: Young Generation Statistics:
[2026-09-13T14:29:16.310-0400][485.402s][info][gc,heap     ] GC(53) y:                Mark Start          Mark End        Relocate Start      Relocate End    
[2026-09-13T14:29:16.310-0400][485.402s][info][gc,heap     ] GC(53) y:      Used:     9474M (46%)        9906M (48%)        5160M (25%)         588M (3%)     
[2026-09-13T14:29:16.310-0400][485.403s][info][gc,heap     ] GC(53) y:      Live:         -                 2M (0%)            2M (0%)            2M (0%)     
[2026-09-13T14:29:16.310-0400][485.403s][info][gc,heap     ] GC(53) y:   Garbage:         -              9471M (46%)        4717M (23%)           0M (0%)     
[2026-09-13T14:29:16.310-0400][485.403s][info][gc,heap     ] GC(53) y: Allocated:         -               432M (2%)          440M (2%)          584M (3%)     
[2026-09-13T14:29:16.310-0400][485.403s][info][gc,heap     ] GC(53) y: Reclaimed:         -                  -              4754M (23%)        9470M (46%)    
[2026-09-13T14:29:16.310-0400][485.403s][info][gc,heap     ] GC(53) y:  Promoted:         -                  -                 0M (0%)            0M (0%)     
[2026-09-13T14:29:16.310-0400][485.403s][info][gc,heap     ] GC(53) y: Compacted:         -                  -                  -                 1M (0%)     
[2026-09-13T14:29:16.310-0400][485.403s][info][gc,phases   ] GC(53) y: Young Generation 18330M(89%)->9444M(46%) 0.188s
[2026-09-13T14:29:16.310-0400][485.403s][info][gc          ] GC(53) Minor Collection (Allocation Rate) 18330M(89%)->9444M(46%) 0.189s
[2026-09-13T14:29:20.249-0400][489.341s][info][gc          ] GC(54) Minor Collection (Allocation Rate)
[2026-09-13T14:29:20.249-0400][489.341s][info][gc,task     ] GC(54) Using 1 Workers for Young Generation
[2026-09-13T14:29:20.249-0400][489.341s][info][gc,phases   ] GC(54) y: Young Generation
[2026-09-13T14:29:20.249-0400][489.341s][info][gc,phases   ] GC(54) y: Pause Mark Start 0.011ms
[2026-09-13T14:29:20.369-0400][489.462s][info][gc,phases   ] GC(54) y: Concurrent Mark 120.846ms
[2026-09-13T14:29:20.369-0400][489.462s][info][gc,phases   ] GC(54) y: Pause Mark End 0.016ms
[2026-09-13T14:29:20.369-0400][489.462s][info][gc,phases   ] GC(54) y: Concurrent Mark Free 0.004ms
[2026-09-13T14:29:20.369-0400][489.462s][info][gc,phases   ] GC(54) y: Concurrent Reset Relocation Set 0.058ms
[2026-09-13T14:29:20.372-0400][489.464s][info][gc,reloc    ] GC(54) y: Using tenuring threshold: 4 (Computed)
[2026-09-13T14:29:20.372-0400][489.464s][info][gc,phases   ] GC(54) y: Concurrent Select Relocation Set 2.229ms
[2026-09-13T14:29:20.372-0400][489.464s][info][gc,phases   ] GC(54) y: Pause Relocate Start 0.010ms
[2026-09-13T14:29:20.424-0400][489.516s][info][gc,phases   ] GC(54) y: Concurrent Relocate 51.428ms
[2026-09-13T14:29:20.424-0400][489.516s][info][gc,alloc    ] GC(54) y:                         Mark Start        Mark End      Relocate Start    Relocate End   
[2026-09-13T14:29:20.424-0400][489.516s][info][gc,alloc    ] GC(54) y: Allocation Stalls:          0                0                0                0         
[2026-09-13T14:29:20.424-0400][489.516s][info][gc,load     ] GC(54) y: Load: 0.00 (0%) / 0.00 (0%) / 0.00 (0%)
[2026-09-13T14:29:20.424-0400][489.516s][info][gc,mmu      ] GC(54) y: MMU: 2ms/96.9%, 5ms/98.8%, 10ms/99.4%, 20ms/99.6%, 50ms/99.9%, 100ms/99.9%
[2026-09-13T14:29:20.424-0400][489.516s][info][gc,marking  ] GC(54) y: Mark: 1 stripe(s), 2 proactive flush(es), 1 terminate flush(es), 0 completion(s), 0 continuation(s) 
[2026-09-13T14:29:20.424-0400][489.516s][info][gc,nmethod  ] GC(54) y: NMethods: 28529 registered, 6793 unregistered
[2026-09-13T14:29:20.424-0400][489.516s][info][gc,metaspace] GC(54) y: Metaspace: 566M used, 569M committed, 1472M reserved
[2026-09-13T14:29:20.424-0400][489.516s][info][gc,reloc    ] GC(54) y:                        Candidates     Selected     In-Place         Size        Empty    Relocated 
[2026-09-13T14:29:20.424-0400][489.516s][info][gc,reloc    ] GC(54) y: Small Pages:                 4344         2193            0        8688M        4298M           2M 
[2026-09-13T14:29:20.424-0400][489.516s][info][gc,reloc    ] GC(54) y: Medium Pages:                   0            0            0           0M           0M           0M 
[2026-09-13T14:29:20.424-0400][489.516s][info][gc,reloc    ] GC(54) y: Large Pages:                    0            0            0           0M           0M           0M 
[2026-09-13T14:29:20.424-0400][489.516s][info][gc,reloc    ] GC(54) y: Forwarding Usage: 1M
[2026-09-13T14:29:20.424-0400][489.516s][info][gc,reloc    ] GC(54) y: Age Table:
[2026-09-13T14:29:20.424-0400][489.516s][info][gc,reloc    ] GC(54) y:                    Live             Garbage             Small              Medium             Large        
[2026-09-13T14:29:20.424-0400][489.516s][info][gc,reloc    ] GC(54) y: Eden               0M (0%)         8673M (42%)       4337 / 2187           0 / 0              0 / 0        
[2026-09-13T14:29:20.424-0400][489.516s][info][gc,reloc    ] GC(54) y: Survivor 1         0M (0%)            3M (0%)           2 / 1              0 / 0              0 / 0        
[2026-09-13T14:29:20.424-0400][489.516s][info][gc,reloc    ] GC(54) y: Survivor 2         0M (0%)            3M (0%)           2 / 2              0 / 0              0 / 0        
[2026-09-13T14:29:20.424-0400][489.516s][info][gc,reloc    ] GC(54) y: Survivor 3         1M (0%)            4M (0%)           3 / 3              0 / 0              0 / 0        
[2026-09-13T14:29:20.424-0400][489.516s][info][gc,heap     ] GC(54) y: Min Capacity: 256M(1%)
[2026-09-13T14:29:20.424-0400][489.516s][info][gc,heap     ] GC(54) y: Max Capacity: 20576M(100%)
[2026-09-13T14:29:20.424-0400][489.516s][info][gc,heap     ] GC(54) y: Soft Max Capacity: 20576M(100%)
[2026-09-13T14:29:20.424-0400][489.516s][info][gc,heap     ] GC(54) y: Heap Statistics:
[2026-09-13T14:29:20.424-0400][489.516s][info][gc,heap     ] GC(54) y:                Mark Start          Mark End        Relocate Start      Relocate End           High               Low         
[2026-09-13T14:29:20.424-0400][489.516s][info][gc,heap     ] GC(54) y:  Capacity:    19738M (96%)       19738M (96%)       19738M (96%)       19738M (96%)       19738M (96%)       19738M (96%)    
[2026-09-13T14:29:20.424-0400][489.516s][info][gc,heap     ] GC(54) y:      Free:     3032M (15%)        2600M (13%)        6890M (33%)       11240M (55%)       11240M (55%)        2600M (13%)    
[2026-09-13T14:29:20.424-0400][489.516s][info][gc,heap     ] GC(54) y:      Used:    17544M (85%)       17976M (87%)       13686M (67%)        9336M (45%)       17976M (87%)        9336M (45%)    
[2026-09-13T14:29:20.424-0400][489.516s][info][gc,heap     ] GC(54) y: Young Generation Statistics:
[2026-09-13T14:29:20.424-0400][489.516s][info][gc,heap     ] GC(54) y:                Mark Start          Mark End        Relocate Start      Relocate End    
[2026-09-13T14:29:20.424-0400][489.516s][info][gc,heap     ] GC(54) y:      Used:     8688M (42%)        9120M (44%)        4830M (23%)         480M (2%)     
[2026-09-13T14:29:20.424-0400][489.516s][info][gc,heap     ] GC(54) y:      Live:         -                 3M (0%)            3M (0%)            3M (0%)     
[2026-09-13T14:29:20.424-0400][489.516s][info][gc,heap     ] GC(54) y:   Garbage:         -              8684M (42%)        4386M (21%)           0M (0%)     
[2026-09-13T14:29:20.424-0400][489.516s][info][gc,heap     ] GC(54) y: Allocated:         -               432M (2%)          440M (2%)          476M (2%)     
[2026-09-13T14:29:20.424-0400][489.516s][info][gc,heap     ] GC(54) y: Reclaimed:         -                  -              4298M (21%)        8684M (42%)    
[2026-09-13T14:29:20.424-0400][489.516s][info][gc,heap     ] GC(54) y:  Promoted:         -                  -                 0M (0%)            0M (0%)     
[2026-09-13T14:29:20.424-0400][489.516s][info][gc,heap     ] GC(54) y: Compacted:         -                  -                  -                 3M (0%)     
[2026-09-13T14:29:20.424-0400][489.516s][info][gc,phases   ] GC(54) y: Young Generation 17544M(85%)->9336M(45%) 0.175s
[2026-09-13T14:29:20.424-0400][489.516s][info][gc          ] GC(54) Minor Collection (Allocation Rate) 17542M(85%)->9336M(45%) 0.176s
[2026-09-13T14:29:26.240-0400][495.332s][info][gc          ] GC(55) Minor Collection (Allocation Rate)
[2026-09-13T14:29:26.240-0400][495.332s][info][gc,task     ] GC(55) Using 1 Workers for Young Generation
[2026-09-13T14:29:26.240-0400][495.332s][info][gc,phases   ] GC(55) y: Young Generation
[2026-09-13T14:29:26.240-0400][495.332s][info][gc,phases   ] GC(55) y: Pause Mark Start 0.012ms
[2026-09-13T14:29:26.387-0400][495.479s][info][gc,phases   ] GC(55) y: Concurrent Mark 146.321ms
[2026-09-13T14:29:26.387-0400][495.479s][info][gc,phases   ] GC(55) y: Pause Mark End 0.018ms
[2026-09-13T14:29:26.387-0400][495.479s][info][gc,phases   ] GC(55) y: Concurrent Mark Free 0.004ms
[2026-09-13T14:29:26.387-0400][495.479s][info][gc,phases   ] GC(55) y: Concurrent Reset Relocation Set 0.054ms
[2026-09-13T14:29:26.388-0400][495.481s][info][gc,reloc    ] GC(55) y: Using tenuring threshold: 5 (Computed)
[2026-09-13T14:29:26.389-0400][495.481s][info][gc,phases   ] GC(55) y: Concurrent Select Relocation Set 1.833ms
[2026-09-13T14:29:26.389-0400][495.481s][info][gc,phases   ] GC(55) y: Pause Relocate Start 0.009ms
[2026-09-13T14:29:26.453-0400][495.545s][info][gc,phases   ] GC(55) y: Concurrent Relocate 64.484ms
[2026-09-13T14:29:26.453-0400][495.546s][info][gc,alloc    ] GC(55) y:                         Mark Start        Mark End      Relocate Start    Relocate End   
[2026-09-13T14:29:26.453-0400][495.546s][info][gc,alloc    ] GC(55) y: Allocation Stalls:          0                0                0                0         
[2026-09-13T14:29:26.453-0400][495.546s][info][gc,load     ] GC(55) y: Load: 0.00 (0%) / 0.00 (0%) / 0.00 (0%)
[2026-09-13T14:29:26.453-0400][495.546s][info][gc,mmu      ] GC(55) y: MMU: 2ms/96.9%, 5ms/98.8%, 10ms/99.4%, 20ms/99.6%, 50ms/99.9%, 100ms/99.9%
[2026-09-13T14:29:26.453-0400][495.546s][info][gc,marking  ] GC(55) y: Mark: 1 stripe(s), 2 proactive flush(es), 1 terminate flush(es), 0 completion(s), 0 continuation(s) 
[2026-09-13T14:29:26.453-0400][495.546s][info][gc,nmethod  ] GC(55) y: NMethods: 28537 registered, 6793 unregistered
[2026-09-13T14:29:26.453-0400][495.546s][info][gc,metaspace] GC(55) y: Metaspace: 566M used, 569M committed, 1472M reserved
[2026-09-13T14:29:26.453-0400][495.546s][info][gc,reloc    ] GC(55) y:                        Candidates     Selected     In-Place         Size        Empty    Relocated 
[2026-09-13T14:29:26.453-0400][495.546s][info][gc,reloc    ] GC(55) y: Small Pages:                 5038         2505            0       10076M        5060M           2M 
[2026-09-13T14:29:26.453-0400][495.546s][info][gc,reloc    ] GC(55) y: Medium Pages:                   1            0            0          32M           0M           0M 
[2026-09-13T14:29:26.453-0400][495.546s][info][gc,reloc    ] GC(55) y: Large Pages:                    0            0            0           0M           0M           0M 
[2026-09-13T14:29:26.453-0400][495.546s][info][gc,reloc    ] GC(55) y: Forwarding Usage: 1M
[2026-09-13T14:29:26.453-0400][495.546s][info][gc,reloc    ] GC(55) y: Age Table:
[2026-09-13T14:29:26.453-0400][495.546s][info][gc,reloc    ] GC(55) y:                    Live             Garbage             Small              Medium             Large        
[2026-09-13T14:29:26.453-0400][495.546s][info][gc,reloc    ] GC(55) y: Eden               1M (0%)        10090M (49%)       5030 / 2499           1 / 0              0 / 0        
[2026-09-13T14:29:26.453-0400][495.546s][info][gc,reloc    ] GC(55) y: Survivor 1         0M (0%)            3M (0%)           2 / 2              0 / 0              0 / 0        
[2026-09-13T14:29:26.453-0400][495.546s][info][gc,reloc    ] GC(55) y: Survivor 2         0M (0%)            3M (0%)           2 / 2              0 / 0              0 / 0        
[2026-09-13T14:29:26.453-0400][495.546s][info][gc,reloc    ] GC(55) y: Survivor 3         0M (0%)            3M (0%)           2 / 1              0 / 0              0 / 0        
[2026-09-13T14:29:26.453-0400][495.546s][info][gc,reloc    ] GC(55) y: Survivor 4         1M (0%)            2M (0%)           2 / 1              0 / 0              0 / 0        
[2026-09-13T14:29:26.453-0400][495.546s][info][gc,heap     ] GC(55) y: Min Capacity: 256M(1%)
[2026-09-13T14:29:26.453-0400][495.546s][info][gc,heap     ] GC(55) y: Max Capacity: 20576M(100%)
[2026-09-13T14:29:26.453-0400][495.546s][info][gc,heap     ] GC(55) y: Soft Max Capacity: 20576M(100%)
[2026-09-13T14:29:26.453-0400][495.546s][info][gc,heap     ] GC(55) y: Heap Statistics:
[2026-09-13T14:29:26.453-0400][495.546s][info][gc,heap     ] GC(55) y:                Mark Start          Mark End        Relocate Start      Relocate End           High               Low         
[2026-09-13T14:29:26.453-0400][495.546s][info][gc,heap     ] GC(55) y:  Capacity:    19738M (96%)       19738M (96%)       19738M (96%)       19738M (96%)       19738M (96%)       19738M (96%)    
[2026-09-13T14:29:26.453-0400][495.546s][info][gc,heap     ] GC(55) y:      Free:     1612M (8%)         1218M (6%)         6274M (30%)       11216M (55%)       11216M (55%)        1218M (6%)     
[2026-09-13T14:29:26.453-0400][495.546s][info][gc,heap     ] GC(55) y:      Used:    18964M (92%)       19358M (94%)       14302M (70%)        9360M (45%)       19358M (94%)        9360M (45%)    
[2026-09-13T14:29:26.453-0400][495.546s][info][gc,heap     ] GC(55) y: Young Generation Statistics:
[2026-09-13T14:29:26.453-0400][495.546s][info][gc,heap     ] GC(55) y:                Mark Start          Mark End        Relocate Start      Relocate End    
[2026-09-13T14:29:26.453-0400][495.546s][info][gc,heap     ] GC(55) y:      Used:    10108M (49%)       10502M (51%)        5446M (26%)         504M (2%)     
[2026-09-13T14:29:26.453-0400][495.546s][info][gc,heap     ] GC(55) y:      Live:         -                 4M (0%)            4M (0%)            4M (0%)     
[2026-09-13T14:29:26.453-0400][495.546s][info][gc,heap     ] GC(55) y:   Garbage:         -             10103M (49%)        5043M (25%)          32M (0%)     
[2026-09-13T14:29:26.453-0400][495.546s][info][gc,heap     ] GC(55) y: Allocated:         -               394M (2%)          398M (2%)          467M (2%)     
[2026-09-13T14:29:26.453-0400][495.546s][info][gc,heap     ] GC(55) y: Reclaimed:         -                  -              5060M (25%)       10071M (49%)    
[2026-09-13T14:29:26.453-0400][495.546s][info][gc,heap     ] GC(55) y:  Promoted:         -                  -                 0M (0%)            0M (0%)     
[2026-09-13T14:29:26.453-0400][495.546s][info][gc,heap     ] GC(55) y: Compacted:         -                  -                  -                 2M (0%)     
[2026-09-13T14:29:26.453-0400][495.546s][info][gc,phases   ] GC(55) y: Young Generation 18964M(92%)->9360M(45%) 0.213s
[2026-09-13T14:29:26.453-0400][495.546s][info][gc          ] GC(55) Minor Collection (Allocation Rate) 18964M(92%)->9360M(45%) 0.214s
[2026-09-13T14:29:30.100-0400][499.192s][info][gc          ] GC(56) Minor Collection (Allocation Rate)
[2026-09-13T14:29:30.100-0400][499.192s][info][gc,task     ] GC(56) Using 1 Workers for Young Generation
[2026-09-13T14:29:30.100-0400][499.192s][info][gc,phases   ] GC(56) y: Young Generation
[2026-09-13T14:29:30.100-0400][499.192s][info][gc,phases   ] GC(56) y: Pause Mark Start 0.013ms
[2026-09-13T14:29:30.233-0400][499.326s][info][gc,phases   ] GC(56) y: Concurrent Mark 133.473ms
[2026-09-13T14:29:30.233-0400][499.326s][info][gc,phases   ] GC(56) y: Pause Mark End 0.026ms
[2026-09-13T14:29:30.233-0400][499.326s][info][gc,phases   ] GC(56) y: Concurrent Mark Free 0.006ms
[2026-09-13T14:29:30.233-0400][499.326s][info][gc,phases   ] GC(56) y: Concurrent Reset Relocation Set 0.093ms
[2026-09-13T14:29:30.236-0400][499.328s][info][gc,reloc    ] GC(56) y: Using tenuring threshold: 6 (Computed)
[2026-09-13T14:29:30.236-0400][499.329s][info][gc,phases   ] GC(56) y: Concurrent Select Relocation Set 2.478ms
[2026-09-13T14:29:30.237-0400][499.329s][info][gc,phases   ] GC(56) y: Pause Relocate Start 0.014ms
[2026-09-13T14:29:30.301-0400][499.393s][info][gc,phases   ] GC(56) y: Concurrent Relocate 64.472ms
[2026-09-13T14:29:30.301-0400][499.393s][info][gc,alloc    ] GC(56) y:                         Mark Start        Mark End      Relocate Start    Relocate End   
[2026-09-13T14:29:30.301-0400][499.393s][info][gc,alloc    ] GC(56) y: Allocation Stalls:          0                0                0                0         
[2026-09-13T14:29:30.301-0400][499.393s][info][gc,load     ] GC(56) y: Load: 0.00 (0%) / 0.00 (0%) / 0.00 (0%)
[2026-09-13T14:29:30.301-0400][499.393s][info][gc,mmu      ] GC(56) y: MMU: 2ms/96.9%, 5ms/98.8%, 10ms/99.4%, 20ms/99.6%, 50ms/99.9%, 100ms/99.9%
[2026-09-13T14:29:30.301-0400][499.393s][info][gc,marking  ] GC(56) y: Mark: 1 stripe(s), 2 proactive flush(es), 1 terminate flush(es), 0 completion(s), 0 continuation(s) 
[2026-09-13T14:29:30.301-0400][499.393s][info][gc,nmethod  ] GC(56) y: NMethods: 28540 registered, 6793 unregistered
[2026-09-13T14:29:30.301-0400][499.393s][info][gc,metaspace] GC(56) y: Metaspace: 566M used, 569M committed, 1472M reserved
[2026-09-13T14:29:30.301-0400][499.393s][info][gc,reloc    ] GC(56) y:                        Candidates     Selected     In-Place         Size        Empty    Relocated 
[2026-09-13T14:29:30.301-0400][499.393s][info][gc,reloc    ] GC(56) y: Small Pages:                 5141         2525            0       10282M        5224M           2M 
[2026-09-13T14:29:30.301-0400][499.394s][info][gc,reloc    ] GC(56) y: Medium Pages:                   1            0            0          32M           0M           0M 
[2026-09-13T14:29:30.301-0400][499.394s][info][gc,reloc    ] GC(56) y: Large Pages:                    0            0            0           0M           0M           0M 
[2026-09-13T14:29:30.301-0400][499.394s][info][gc,reloc    ] GC(56) y: Forwarding Usage: 1M
[2026-09-13T14:29:30.301-0400][499.394s][info][gc,reloc    ] GC(56) y: Age Table:
[2026-09-13T14:29:30.301-0400][499.394s][info][gc,reloc    ] GC(56) y:                    Live             Garbage             Small              Medium             Large        
[2026-09-13T14:29:30.301-0400][499.394s][info][gc,reloc    ] GC(56) y: Eden               1M (0%)        10258M (50%)       5130 / 2517           0 / 0              0 / 0        
[2026-09-13T14:29:30.301-0400][499.394s][info][gc,reloc    ] GC(56) y: Survivor 1         1M (0%)           34M (0%)           2 / 1              1 / 0              0 / 0        
[2026-09-13T14:29:30.301-0400][499.394s][info][gc,reloc    ] GC(56) y: Survivor 2         0M (0%)            3M (0%)           2 / 1              0 / 0              0 / 0        
[2026-09-13T14:29:30.301-0400][499.394s][info][gc,reloc    ] GC(56) y: Survivor 3         0M (0%)            3M (0%)           2 / 2              0 / 0              0 / 0        
[2026-09-13T14:29:30.301-0400][499.394s][info][gc,reloc    ] GC(56) y: Survivor 4         0M (0%)            3M (0%)           2 / 2              0 / 0              0 / 0        
[2026-09-13T14:29:30.301-0400][499.394s][info][gc,reloc    ] GC(56) y: Survivor 5         1M (0%)            4M (0%)           3 / 2              0 / 0              0 / 0        
[2026-09-13T14:29:30.301-0400][499.394s][info][gc,heap     ] GC(56) y: Min Capacity: 256M(1%)
[2026-09-13T14:29:30.301-0400][499.394s][info][gc,heap     ] GC(56) y: Max Capacity: 20576M(100%)
[2026-09-13T14:29:30.301-0400][499.394s][info][gc,heap     ] GC(56) y: Soft Max Capacity: 20576M(100%)
[2026-09-13T14:29:30.301-0400][499.394s][info][gc,heap     ] GC(56) y: Heap Statistics:
[2026-09-13T14:29:30.301-0400][499.394s][info][gc,heap     ] GC(56) y:                Mark Start          Mark End        Relocate Start      Relocate End           High               Low         
[2026-09-13T14:29:30.301-0400][499.394s][info][gc,heap     ] GC(56) y:  Capacity:    19738M (96%)       19738M (96%)       19738M (96%)       19738M (96%)       19738M (96%)       19738M (96%)    
[2026-09-13T14:29:30.301-0400][499.394s][info][gc,heap     ] GC(56) y:      Free:     1406M (7%)         1056M (5%)         6274M (30%)       11168M (54%)       11172M (54%)        1056M (5%)     
[2026-09-13T14:29:30.301-0400][499.394s][info][gc,heap     ] GC(56) y:      Used:    19170M (93%)       19520M (95%)       14302M (70%)        9408M (46%)       19520M (95%)        9404M (46%)    
[2026-09-13T14:29:30.301-0400][499.394s][info][gc,heap     ] GC(56) y: Young Generation Statistics:
[2026-09-13T14:29:30.301-0400][499.394s][info][gc,heap     ] GC(56) y:                Mark Start          Mark End        Relocate Start      Relocate End    
[2026-09-13T14:29:30.301-0400][499.394s][info][gc,heap     ] GC(56) y:      Used:    10314M (50%)       10664M (52%)        5446M (26%)         552M (3%)     
[2026-09-13T14:29:30.301-0400][499.394s][info][gc,heap     ] GC(56) y:      Live:         -                 5M (0%)            5M (0%)            5M (0%)     
[2026-09-13T14:29:30.301-0400][499.394s][info][gc,heap     ] GC(56) y:   Garbage:         -             10308M (50%)        5084M (25%)          33M (0%)     
[2026-09-13T14:29:30.301-0400][499.394s][info][gc,heap     ] GC(56) y: Allocated:         -               350M (2%)          356M (2%)          512M (2%)     
[2026-09-13T14:29:30.301-0400][499.394s][info][gc,heap     ] GC(56) y: Reclaimed:         -                  -              5224M (25%)       10274M (50%)    
[2026-09-13T14:29:30.301-0400][499.394s][info][gc,heap     ] GC(56) y:  Promoted:         -                  -                 0M (0%)            0M (0%)     
[2026-09-13T14:29:30.301-0400][499.394s][info][gc,heap     ] GC(56) y: Compacted:         -                  -                  -                 3M (0%)     
[2026-09-13T14:29:30.301-0400][499.394s][info][gc,phases   ] GC(56) y: Young Generation 19170M(93%)->9408M(46%) 0.201s
[2026-09-13T14:29:30.302-0400][499.394s][info][gc          ] GC(56) Minor Collection (Allocation Rate) 19170M(93%)->9408M(46%) 0.202s
[2026-09-13T14:29:44.094-0400][513.186s][info][gc          ] GC(57) Minor Collection (Allocation Rate)
[2026-09-13T14:29:44.094-0400][513.186s][info][gc,task     ] GC(57) Using 1 Workers for Young Generation
[2026-09-13T14:29:44.094-0400][513.186s][info][gc,phases   ] GC(57) y: Young Generation
[2026-09-13T14:29:44.094-0400][513.186s][info][gc,phases   ] GC(57) y: Pause Mark Start 0.021ms
[2026-09-13T14:29:44.251-0400][513.343s][info][gc,phases   ] GC(57) y: Concurrent Mark 157.330ms
[2026-09-13T14:29:44.251-0400][513.343s][info][gc,phases   ] GC(57) y: Pause Mark End 0.025ms
[2026-09-13T14:29:44.251-0400][513.343s][info][gc,phases   ] GC(57) y: Concurrent Mark Free 0.007ms
[2026-09-13T14:29:44.251-0400][513.343s][info][gc,phases   ] GC(57) y: Concurrent Reset Relocation Set 0.097ms
[2026-09-13T14:29:44.254-0400][513.346s][info][gc,reloc    ] GC(57) y: Using tenuring threshold: 7 (Computed)
[2026-09-13T14:29:44.255-0400][513.347s][info][gc,phases   ] GC(57) y: Concurrent Select Relocation Set 3.715ms
[2026-09-13T14:29:44.255-0400][513.347s][info][gc,phases   ] GC(57) y: Pause Relocate Start 0.012ms
[2026-09-13T14:29:44.322-0400][513.414s][info][gc,phases   ] GC(57) y: Concurrent Relocate 67.039ms
[2026-09-13T14:29:44.322-0400][513.414s][info][gc,alloc    ] GC(57) y:                         Mark Start        Mark End      Relocate Start    Relocate End   
[2026-09-13T14:29:44.322-0400][513.414s][info][gc,alloc    ] GC(57) y: Allocation Stalls:          0                0                0                0         
[2026-09-13T14:29:44.322-0400][513.414s][info][gc,load     ] GC(57) y: Load: 0.00 (0%) / 0.00 (0%) / 0.00 (0%)
[2026-09-13T14:29:44.322-0400][513.415s][info][gc,mmu      ] GC(57) y: MMU: 2ms/96.9%, 5ms/98.8%, 10ms/99.4%, 20ms/99.6%, 50ms/99.9%, 100ms/99.9%
[2026-09-13T14:29:44.322-0400][513.415s][info][gc,marking  ] GC(57) y: Mark: 1 stripe(s), 2 proactive flush(es), 1 terminate flush(es), 0 completion(s), 0 continuation(s) 
[2026-09-13T14:29:44.322-0400][513.415s][info][gc,nmethod  ] GC(57) y: NMethods: 28544 registered, 6793 unregistered
[2026-09-13T14:29:44.322-0400][513.415s][info][gc,metaspace] GC(57) y: Metaspace: 566M used, 569M committed, 1472M reserved
[2026-09-13T14:29:44.322-0400][513.415s][info][gc,reloc    ] GC(57) y:                        Candidates     Selected     In-Place         Size        Empty    Relocated 
[2026-09-13T14:29:44.322-0400][513.415s][info][gc,reloc    ] GC(57) y: Small Pages:                 4969         2443            0        9938M        5044M           3M 
[2026-09-13T14:29:44.322-0400][513.415s][info][gc,reloc    ] GC(57) y: Medium Pages:                   1            0            0          32M           0M           0M 
[2026-09-13T14:29:44.322-0400][513.415s][info][gc,reloc    ] GC(57) y: Large Pages:                    0            0            0           0M           0M           0M 
[2026-09-13T14:29:44.322-0400][513.415s][info][gc,reloc    ] GC(57) y: Forwarding Usage: 2M
[2026-09-13T14:29:44.322-0400][513.415s][info][gc,reloc    ] GC(57) y: Age Table:
[2026-09-13T14:29:44.322-0400][513.415s][info][gc,reloc    ] GC(57) y:                    Live             Garbage             Small              Medium             Large        
[2026-09-13T14:29:44.322-0400][513.415s][info][gc,reloc    ] GC(57) y: Eden               0M (0%)         9909M (48%)       4955 / 2432           0 / 0              0 / 0        
[2026-09-13T14:29:44.322-0400][513.415s][info][gc,reloc    ] GC(57) y: Survivor 1         1M (0%)            2M (0%)           2 / 1              0 / 0              0 / 0        
[2026-09-13T14:29:44.322-0400][513.415s][info][gc,reloc    ] GC(57) y: Survivor 2         1M (0%)           36M (0%)           3 / 2              1 / 0              0 / 0        
[2026-09-13T14:29:44.322-0400][513.415s][info][gc,reloc    ] GC(57) y: Survivor 3         0M (0%)            3M (0%)           2 / 2              0 / 0              0 / 0        
[2026-09-13T14:29:44.322-0400][513.415s][info][gc,reloc    ] GC(57) y: Survivor 4         0M (0%)            3M (0%)           2 / 2              0 / 0              0 / 0        
[2026-09-13T14:29:44.322-0400][513.415s][info][gc,reloc    ] GC(57) y: Survivor 5         0M (0%)            3M (0%)           2 / 1              0 / 0              0 / 0        
[2026-09-13T14:29:44.322-0400][513.415s][info][gc,reloc    ] GC(57) y: Survivor 6         1M (0%)            4M (0%)           3 / 3              0 / 0              0 / 0        
[2026-09-13T14:29:44.322-0400][513.415s][info][gc,heap     ] GC(57) y: Min Capacity: 256M(1%)
[2026-09-13T14:29:44.322-0400][513.415s][info][gc,heap     ] GC(57) y: Max Capacity: 20576M(100%)
[2026-09-13T14:29:44.322-0400][513.415s][info][gc,heap     ] GC(57) y: Soft Max Capacity: 20576M(100%)
[2026-09-13T14:29:44.322-0400][513.415s][info][gc,heap     ] GC(57) y: Heap Statistics:
[2026-09-13T14:29:44.322-0400][513.415s][info][gc,heap     ] GC(57) y:                Mark Start          Mark End        Relocate Start      Relocate End           High               Low         
[2026-09-13T14:29:44.322-0400][513.415s][info][gc,heap     ] GC(57) y:  Capacity:    19738M (96%)       19738M (96%)       19738M (96%)       19738M (96%)       19738M (96%)       19738M (96%)    
[2026-09-13T14:29:44.322-0400][513.415s][info][gc,heap     ] GC(57) y:      Free:     1750M (9%)         1524M (7%)         6564M (32%)       11296M (55%)       11298M (55%)        1524M (7%)     
[2026-09-13T14:29:44.322-0400][513.415s][info][gc,heap     ] GC(57) y:      Used:    18826M (91%)       19052M (93%)       14012M (68%)        9280M (45%)       19052M (93%)        9278M (45%)    
[2026-09-13T14:29:44.322-0400][513.415s][info][gc,heap     ] GC(57) y: Young Generation Statistics:
[2026-09-13T14:29:44.323-0400][513.415s][info][gc,heap     ] GC(57) y:                Mark Start          Mark End        Relocate Start      Relocate End    
[2026-09-13T14:29:44.323-0400][513.415s][info][gc,heap     ] GC(57) y:      Used:     9970M (48%)       10196M (50%)        5156M (25%)         424M (2%)     
[2026-09-13T14:29:44.323-0400][513.415s][info][gc,heap     ] GC(57) y:      Live:         -                 6M (0%)            6M (0%)            6M (0%)     
[2026-09-13T14:29:44.323-0400][513.415s][info][gc,heap     ] GC(57) y:   Garbage:         -              9963M (48%)        4919M (24%)          32M (0%)     
[2026-09-13T14:29:44.323-0400][513.415s][info][gc,heap     ] GC(57) y: Allocated:         -               226M (1%)          230M (1%)          384M (2%)     
[2026-09-13T14:29:44.323-0400][513.415s][info][gc,heap     ] GC(57) y: Reclaimed:         -                  -              5044M (25%)        9930M (48%)    
[2026-09-13T14:29:44.323-0400][513.415s][info][gc,heap     ] GC(57) y:  Promoted:         -                  -                 0M (0%)            0M (0%)     
[2026-09-13T14:29:44.323-0400][513.415s][info][gc,heap     ] GC(57) y: Compacted:         -                  -                  -                 5M (0%)     
[2026-09-13T14:29:44.323-0400][513.415s][info][gc,phases   ] GC(57) y: Young Generation 18826M(91%)->9280M(45%) 0.229s
[2026-09-13T14:29:44.323-0400][513.415s][info][gc          ] GC(57) Minor Collection (Allocation Rate) 18826M(91%)->9280M(45%) 0.229s
[2026-09-13T14:29:52.598-0400][521.690s][info][gc          ] GC(58) Minor Collection (Allocation Rate)
[2026-09-13T14:29:52.598-0400][521.690s][info][gc,task     ] GC(58) Using 1 Workers for Young Generation
[2026-09-13T14:29:52.598-0400][521.690s][info][gc,phases   ] GC(58) y: Young Generation
[2026-09-13T14:29:52.598-0400][521.690s][info][gc,phases   ] GC(58) y: Pause Mark Start 0.014ms
[2026-09-13T14:29:52.764-0400][521.856s][info][gc,phases   ] GC(58) y: Concurrent Mark 166.227ms
[2026-09-13T14:29:52.764-0400][521.856s][info][gc,phases   ] GC(58) y: Pause Mark End 0.025ms
[2026-09-13T14:29:52.765-0400][521.856s][info][gc,phases   ] GC(58) y: Concurrent Mark Free 0.006ms
[2026-09-13T14:29:52.765-0400][521.857s][info][gc,phases   ] GC(58) y: Concurrent Reset Relocation Set 0.077ms
[2026-09-13T14:29:52.766-0400][521.859s][info][gc,reloc    ] GC(58) y: Using tenuring threshold: 8 (Computed)
[2026-09-13T14:29:52.768-0400][521.860s][info][gc,phases   ] GC(58) y: Concurrent Select Relocation Set 3.217ms
[2026-09-13T14:29:52.768-0400][521.860s][info][gc,phases   ] GC(58) y: Pause Relocate Start 0.012ms
[2026-09-13T14:29:52.838-0400][521.930s][info][gc,phases   ] GC(58) y: Concurrent Relocate 69.929ms
[2026-09-13T14:29:52.838-0400][521.930s][info][gc,alloc    ] GC(58) y:                         Mark Start        Mark End      Relocate Start    Relocate End   
[2026-09-13T14:29:52.838-0400][521.930s][info][gc,alloc    ] GC(58) y: Allocation Stalls:          0                0                0                0         
[2026-09-13T14:29:52.838-0400][521.930s][info][gc,load     ] GC(58) y: Load: 0.00 (0%) / 0.00 (0%) / 0.00 (0%)
[2026-09-13T14:29:52.838-0400][521.930s][info][gc,mmu      ] GC(58) y: MMU: 2ms/96.9%, 5ms/98.8%, 10ms/99.4%, 20ms/99.6%, 50ms/99.9%, 100ms/99.9%
[2026-09-13T14:29:52.838-0400][521.930s][info][gc,marking  ] GC(58) y: Mark: 1 stripe(s), 2 proactive flush(es), 1 terminate flush(es), 0 completion(s), 0 continuation(s) 
[2026-09-13T14:29:52.838-0400][521.930s][info][gc,nmethod  ] GC(58) y: NMethods: 28552 registered, 6793 unregistered
[2026-09-13T14:29:52.838-0400][521.930s][info][gc,metaspace] GC(58) y: Metaspace: 566M used, 569M committed, 1472M reserved
[2026-09-13T14:29:52.838-0400][521.930s][info][gc,reloc    ] GC(58) y:                        Candidates     Selected     In-Place         Size        Empty    Relocated 
[2026-09-13T14:29:52.838-0400][521.930s][info][gc,reloc    ] GC(58) y: Small Pages:                 5035         2481            0       10070M        5098M           3M 
[2026-09-13T14:29:52.838-0400][521.930s][info][gc,reloc    ] GC(58) y: Medium Pages:                   1            0            0          32M           0M           0M 
[2026-09-13T14:29:52.838-0400][521.930s][info][gc,reloc    ] GC(58) y: Large Pages:                    0            0            0           0M           0M           0M 
[2026-09-13T14:29:52.838-0400][521.930s][info][gc,reloc    ] GC(58) y: Forwarding Usage: 2M
[2026-09-13T14:29:52.838-0400][521.930s][info][gc,reloc    ] GC(58) y: Age Table:
[2026-09-13T14:29:52.838-0400][521.930s][info][gc,reloc    ] GC(58) y:                    Live             Garbage             Small              Medium             Large        
[2026-09-13T14:29:52.838-0400][521.930s][info][gc,reloc    ] GC(58) y: Eden               1M (0%)        10040M (49%)       5021 / 2471           0 / 0              0 / 0        
[2026-09-13T14:29:52.838-0400][521.930s][info][gc,reloc    ] GC(58) y: Survivor 1         0M (0%)            3M (0%)           2 / 2              0 / 0              0 / 0        
[2026-09-13T14:29:52.838-0400][521.930s][info][gc,reloc    ] GC(58) y: Survivor 2         1M (0%)            2M (0%)           2 / 1              0 / 0              0 / 0        
[2026-09-13T14:29:52.838-0400][521.930s][info][gc,reloc    ] GC(58) y: Survivor 3         1M (0%)           34M (0%)           2 / 1              1 / 0              0 / 0        
[2026-09-13T14:29:52.838-0400][521.930s][info][gc,reloc    ] GC(58) y: Survivor 4         0M (0%)            3M (0%)           2 / 1              0 / 0              0 / 0        
[2026-09-13T14:29:52.838-0400][521.930s][info][gc,reloc    ] GC(58) y: Survivor 5         0M (0%)            3M (0%)           2 / 2              0 / 0              0 / 0        
[2026-09-13T14:29:52.838-0400][521.930s][info][gc,reloc    ] GC(58) y: Survivor 6         0M (0%)            3M (0%)           2 / 2              0 / 0              0 / 0        
[2026-09-13T14:29:52.838-0400][521.930s][info][gc,reloc    ] GC(58) y: Survivor 7         1M (0%)            2M (0%)           2 / 1              0 / 0              0 / 0        
[2026-09-13T14:29:52.838-0400][521.930s][info][gc,heap     ] GC(58) y: Min Capacity: 256M(1%)
[2026-09-13T14:29:52.838-0400][521.930s][info][gc,heap     ] GC(58) y: Max Capacity: 20576M(100%)
[2026-09-13T14:29:52.838-0400][521.930s][info][gc,heap     ] GC(58) y: Soft Max Capacity: 20576M(100%)
[2026-09-13T14:29:52.838-0400][521.930s][info][gc,heap     ] GC(58) y: Heap Statistics:
[2026-09-13T14:29:52.838-0400][521.930s][info][gc,heap     ] GC(58) y:                Mark Start          Mark End        Relocate Start      Relocate End           High               Low         
[2026-09-13T14:29:52.838-0400][521.930s][info][gc,heap     ] GC(58) y:  Capacity:    19738M (96%)       19738M (96%)       19738M (96%)       19738M (96%)       19738M (96%)       19738M (96%)    
[2026-09-13T14:29:52.838-0400][521.930s][info][gc,heap     ] GC(58) y:      Free:     1618M (8%)         1138M (6%)         6234M (30%)       11020M (54%)       11028M (54%)        1136M (6%)     
[2026-09-13T14:29:52.838-0400][521.930s][info][gc,heap     ] GC(58) y:      Used:    18958M (92%)       19438M (94%)       14342M (70%)        9556M (46%)       19440M (94%)        9548M (46%)    
[2026-09-13T14:29:52.838-0400][521.930s][info][gc,heap     ] GC(58) y: Young Generation Statistics:
[2026-09-13T14:29:52.838-0400][521.930s][info][gc,heap     ] GC(58) y:                Mark Start          Mark End        Relocate Start      Relocate End    
[2026-09-13T14:29:52.838-0400][521.930s][info][gc,heap     ] GC(58) y:      Used:    10102M (49%)       10582M (51%)        5486M (27%)         700M (3%)     
[2026-09-13T14:29:52.838-0400][521.930s][info][gc,heap     ] GC(58) y:      Live:         -                 7M (0%)            7M (0%)            7M (0%)     
[2026-09-13T14:29:52.838-0400][521.930s][info][gc,heap     ] GC(58) y:   Garbage:         -             10094M (49%)        4996M (24%)          33M (0%)     
[2026-09-13T14:29:52.838-0400][521.930s][info][gc,heap     ] GC(58) y: Allocated:         -               480M (2%)          482M (2%)          658M (3%)     
[2026-09-13T14:29:52.838-0400][521.930s][info][gc,heap     ] GC(58) y: Reclaimed:         -                  -              5098M (25%)       10060M (49%)    
[2026-09-13T14:29:52.838-0400][521.930s][info][gc,heap     ] GC(58) y:  Promoted:         -                  -                 0M (0%)            0M (0%)     
[2026-09-13T14:29:52.838-0400][521.930s][info][gc,heap     ] GC(58) y: Compacted:         -                  -                  -                 5M (0%)     
[2026-09-13T14:29:52.838-0400][521.930s][info][gc,phases   ] GC(58) y: Young Generation 18958M(92%)->9556M(46%) 0.240s
[2026-09-13T14:29:52.838-0400][521.930s][info][gc          ] GC(58) Minor Collection (Allocation Rate) 18958M(92%)->9556M(46%) 0.241s
[2026-09-13T14:29:59.571-0400][528.663s][info][gc          ] GC(59) Minor Collection (Allocation Rate)
[2026-09-13T14:29:59.571-0400][528.663s][info][gc,task     ] GC(59) Using 1 Workers for Young Generation
[2026-09-13T14:29:59.571-0400][528.663s][info][gc,phases   ] GC(59) y: Young Generation
[2026-09-13T14:29:59.571-0400][528.663s][info][gc,phases   ] GC(59) y: Pause Mark Start 0.013ms
[2026-09-13T14:29:59.721-0400][528.813s][info][gc,phases   ] GC(59) y: Concurrent Mark 150.225ms
[2026-09-13T14:29:59.721-0400][528.813s][info][gc,phases   ] GC(59) y: Pause Mark End 0.017ms
[2026-09-13T14:29:59.721-0400][528.813s][info][gc,phases   ] GC(59) y: Concurrent Mark Free 0.005ms
[2026-09-13T14:29:59.721-0400][528.813s][info][gc,phases   ] GC(59) y: Concurrent Reset Relocation Set 0.052ms
[2026-09-13T14:29:59.723-0400][528.815s][info][gc,reloc    ] GC(59) y: Using tenuring threshold: 9 (Computed)
[2026-09-13T14:29:59.724-0400][528.817s][info][gc,phases   ] GC(59) y: Concurrent Select Relocation Set 3.250ms
[2026-09-13T14:29:59.724-0400][528.817s][info][gc,phases   ] GC(59) y: Pause Relocate Start 0.011ms
[2026-09-13T14:29:59.789-0400][528.881s][info][gc,phases   ] GC(59) y: Concurrent Relocate 64.389ms
[2026-09-13T14:29:59.789-0400][528.881s][info][gc,alloc    ] GC(59) y:                         Mark Start        Mark End      Relocate Start    Relocate End   
[2026-09-13T14:29:59.789-0400][528.881s][info][gc,alloc    ] GC(59) y: Allocation Stalls:          0                0                0                0         
[2026-09-13T14:29:59.789-0400][528.881s][info][gc,load     ] GC(59) y: Load: 0.00 (0%) / 0.00 (0%) / 0.00 (0%)
[2026-09-13T14:29:59.789-0400][528.881s][info][gc,mmu      ] GC(59) y: MMU: 2ms/96.9%, 5ms/98.8%, 10ms/99.4%, 20ms/99.6%, 50ms/99.9%, 100ms/99.9%
[2026-09-13T14:29:59.789-0400][528.881s][info][gc,marking  ] GC(59) y: Mark: 1 stripe(s), 2 proactive flush(es), 1 terminate flush(es), 0 completion(s), 0 continuation(s) 
[2026-09-13T14:29:59.789-0400][528.881s][info][gc,nmethod  ] GC(59) y: NMethods: 28557 registered, 6793 unregistered
[2026-09-13T14:29:59.789-0400][528.881s][info][gc,metaspace] GC(59) y: Metaspace: 566M used, 569M committed, 1472M reserved
[2026-09-13T14:29:59.789-0400][528.881s][info][gc,reloc    ] GC(59) y:                        Candidates     Selected     In-Place         Size        Empty    Relocated 
[2026-09-13T14:29:59.789-0400][528.881s][info][gc,reloc    ] GC(59) y: Small Pages:                 5198         2538            0       10396M        5310M           4M 
[2026-09-13T14:29:59.789-0400][528.881s][info][gc,reloc    ] GC(59) y: Medium Pages:                   1            0            0          32M           0M           0M 
[2026-09-13T14:29:59.789-0400][528.881s][info][gc,reloc    ] GC(59) y: Large Pages:                    0            0            0           0M           0M           0M 
[2026-09-13T14:29:59.790-0400][528.881s][info][gc,reloc    ] GC(59) y: Forwarding Usage: 3M
[2026-09-13T14:29:59.790-0400][528.881s][info][gc,reloc    ] GC(59) y: Age Table:
[2026-09-13T14:29:59.790-0400][528.881s][info][gc,reloc    ] GC(59) y:                    Live             Garbage             Small              Medium             Large        
[2026-09-13T14:29:59.790-0400][528.881s][info][gc,reloc    ] GC(59) y: Eden               0M (0%)        10355M (50%)       5178 / 2524           0 / 0              0 / 0        
[2026-09-13T14:29:59.790-0400][528.882s][info][gc,reloc    ] GC(59) y: Survivor 1         1M (0%)            4M (0%)           3 / 1              0 / 0              0 / 0        
[2026-09-13T14:29:59.790-0400][528.882s][info][gc,reloc    ] GC(59) y: Survivor 2         0M (0%)            5M (0%)           3 / 3              0 / 0              0 / 0        
[2026-09-13T14:29:59.790-0400][528.882s][info][gc,reloc    ] GC(59) y: Survivor 3         1M (0%)            2M (0%)           2 / 1              0 / 0              0 / 0        
[2026-09-13T14:29:59.790-0400][528.882s][info][gc,reloc    ] GC(59) y: Survivor 4         1M (0%)           34M (0%)           2 / 1              1 / 0              0 / 0        
[2026-09-13T14:29:59.790-0400][528.882s][info][gc,reloc    ] GC(59) y: Survivor 5         0M (0%)            3M (0%)           2 / 2              0 / 0              0 / 0        
[2026-09-13T14:29:59.790-0400][528.882s][info][gc,reloc    ] GC(59) y: Survivor 6         0M (0%)            5M (0%)           3 / 2              0 / 0              0 / 0        
[2026-09-13T14:29:59.790-0400][528.882s][info][gc,reloc    ] GC(59) y: Survivor 7         0M (0%)            3M (0%)           2 / 1              0 / 0              0 / 0        
[2026-09-13T14:29:59.790-0400][528.882s][info][gc,reloc    ] GC(59) y: Survivor 8         1M (0%)            4M (0%)           3 / 3              0 / 0              0 / 0        
[2026-09-13T14:29:59.790-0400][528.882s][info][gc,heap     ] GC(59) y: Min Capacity: 256M(1%)
[2026-09-13T14:29:59.790-0400][528.882s][info][gc,heap     ] GC(59) y: Max Capacity: 20576M(100%)
[2026-09-13T14:29:59.790-0400][528.882s][info][gc,heap     ] GC(59) y: Soft Max Capacity: 20576M(100%)
[2026-09-13T14:29:59.790-0400][528.882s][info][gc,heap     ] GC(59) y: Heap Statistics:
[2026-09-13T14:29:59.790-0400][528.882s][info][gc,heap     ] GC(59) y:                Mark Start          Mark End        Relocate Start      Relocate End           High               Low         
[2026-09-13T14:29:59.790-0400][528.882s][info][gc,heap     ] GC(59) y:  Capacity:    19738M (96%)       19738M (96%)       19738M (96%)       19738M (96%)       19738M (96%)       19738M (96%)    
[2026-09-13T14:29:59.790-0400][528.882s][info][gc,heap     ] GC(59) y:      Free:     1292M (6%)          846M (4%)         6144M (30%)       11092M (54%)       11092M (54%)         846M (4%)     
[2026-09-13T14:29:59.790-0400][528.882s][info][gc,heap     ] GC(59) y:      Used:    19284M (94%)       19730M (96%)       14432M (70%)        9484M (46%)       19730M (96%)        9484M (46%)    
[2026-09-13T14:29:59.790-0400][528.882s][info][gc,heap     ] GC(59) y: Young Generation Statistics:
[2026-09-13T14:29:59.790-0400][528.882s][info][gc,heap     ] GC(59) y:                Mark Start          Mark End        Relocate Start      Relocate End    
[2026-09-13T14:29:59.790-0400][528.882s][info][gc,heap     ] GC(59) y:      Used:    10428M (51%)       10874M (53%)        5576M (27%)         628M (3%)     
[2026-09-13T14:29:59.790-0400][528.882s][info][gc,heap     ] GC(59) y:      Live:         -                 8M (0%)            8M (0%)            8M (0%)     
[2026-09-13T14:29:59.790-0400][528.882s][info][gc,heap     ] GC(59) y:   Garbage:         -             10419M (51%)        5109M (25%)          32M (0%)     
[2026-09-13T14:29:59.790-0400][528.882s][info][gc,heap     ] GC(59) y: Allocated:         -               446M (2%)          458M (2%)          587M (3%)     
[2026-09-13T14:29:59.790-0400][528.882s][info][gc,heap     ] GC(59) y: Reclaimed:         -                  -              5310M (26%)       10387M (50%)    
[2026-09-13T14:29:59.790-0400][528.882s][info][gc,heap     ] GC(59) y:  Promoted:         -                  -                 0M (0%)            0M (0%)     
[2026-09-13T14:29:59.790-0400][528.882s][info][gc,heap     ] GC(59) y: Compacted:         -                  -                  -                 6M (0%)     
[2026-09-13T14:29:59.790-0400][528.882s][info][gc,phases   ] GC(59) y: Young Generation 19284M(94%)->9484M(46%) 0.218s
[2026-09-13T14:29:59.790-0400][528.882s][info][gc          ] GC(59) Minor Collection (Allocation Rate) 19284M(94%)->9484M(46%) 0.219s
[2026-09-13T14:30:13.449-0400][542.541s][info][gc          ] GC(60) Minor Collection (High Usage)
[2026-09-13T14:30:13.449-0400][542.541s][info][gc,task     ] GC(60) Using 1 Workers for Young Generation
[2026-09-13T14:30:13.449-0400][542.541s][info][gc,phases   ] GC(60) y: Young Generation
[2026-09-13T14:30:13.449-0400][542.542s][info][gc,phases   ] GC(60) y: Pause Mark Start 0.022ms
[2026-09-13T14:30:13.728-0400][542.820s][info][gc,phases   ] GC(60) y: Concurrent Mark 278.714ms
[2026-09-13T14:30:13.728-0400][542.820s][info][gc,phases   ] GC(60) y: Pause Mark End 0.017ms
[2026-09-13T14:30:13.728-0400][542.820s][info][gc,phases   ] GC(60) y: Concurrent Mark Free 0.003ms
[2026-09-13T14:30:13.728-0400][542.821s][info][gc,phases   ] GC(60) y: Concurrent Reset Relocation Set 0.056ms
[2026-09-13T14:30:13.730-0400][542.822s][info][gc,reloc    ] GC(60) y: Using tenuring threshold: 9 (Computed)
[2026-09-13T14:30:13.735-0400][542.827s][info][gc,phases   ] GC(60) y: Concurrent Select Relocation Set 6.073ms
[2026-09-13T14:30:13.735-0400][542.827s][info][gc,phases   ] GC(60) y: Pause Relocate Start 0.011ms
[2026-09-13T14:30:13.867-0400][542.960s][info][gc,phases   ] GC(60) y: Concurrent Relocate 133.565ms
[2026-09-13T14:30:13.869-0400][542.960s][info][gc,alloc    ] GC(60) y:                         Mark Start        Mark End      Relocate Start    Relocate End   
[2026-09-13T14:30:13.869-0400][542.960s][info][gc,alloc    ] GC(60) y: Allocation Stalls:          0                0                0                0         
[2026-09-13T14:30:13.869-0400][542.960s][info][gc,load     ] GC(60) y: Load: 0.00 (0%) / 0.00 (0%) / 0.00 (0%)
[2026-09-13T14:30:13.869-0400][542.960s][info][gc,mmu      ] GC(60) y: MMU: 2ms/96.9%, 5ms/98.8%, 10ms/99.4%, 20ms/99.6%, 50ms/99.9%, 100ms/99.9%
[2026-09-13T14:30:13.869-0400][542.960s][info][gc,marking  ] GC(60) y: Mark: 1 stripe(s), 2 proactive flush(es), 1 terminate flush(es), 0 completion(s), 0 continuation(s) 
[2026-09-13T14:30:13.869-0400][542.960s][info][gc,nmethod  ] GC(60) y: NMethods: 29334 registered, 6793 unregistered
[2026-09-13T14:30:13.869-0400][542.960s][info][gc,metaspace] GC(60) y: Metaspace: 569M used, 571M committed, 1472M reserved
[2026-09-13T14:30:13.869-0400][542.961s][info][gc,reloc    ] GC(60) y:                        Candidates     Selected     In-Place         Size        Empty    Relocated 
[2026-09-13T14:30:13.869-0400][542.961s][info][gc,reloc    ] GC(60) y: Small Pages:                 5290         3481            0       10580M        3580M          24M 
[2026-09-13T14:30:13.869-0400][542.961s][info][gc,reloc    ] GC(60) y: Medium Pages:                   2            0            0          64M          32M           0M 
[2026-09-13T14:30:13.869-0400][542.961s][info][gc,reloc    ] GC(60) y: Large Pages:                    0            0            0           0M           0M           0M 
[2026-09-13T14:30:13.869-0400][542.961s][info][gc,reloc    ] GC(60) y: Forwarding Usage: 13M
[2026-09-13T14:30:13.869-0400][542.961s][info][gc,reloc    ] GC(60) y: Age Table:
[2026-09-13T14:30:13.869-0400][542.961s][info][gc,reloc    ] GC(60) y:                    Live             Garbage             Small              Medium             Large        
[2026-09-13T14:30:13.869-0400][542.961s][info][gc,reloc    ] GC(60) y: Eden              27M (0%)        10542M (51%)       5269 / 3465           1 / 0              0 / 0        
[2026-09-13T14:30:13.869-0400][542.961s][info][gc,reloc    ] GC(60) y: Survivor 1         0M (0%)            5M (0%)           3 / 1              0 / 0              0 / 0        
[2026-09-13T14:30:13.869-0400][542.961s][info][gc,reloc    ] GC(60) y: Survivor 2         1M (0%)            4M (0%)           3 / 3              0 / 0              0 / 0        
[2026-09-13T14:30:13.869-0400][542.961s][info][gc,reloc    ] GC(60) y: Survivor 3         0M (0%)            3M (0%)           2 / 1              0 / 0              0 / 0        
[2026-09-13T14:30:13.869-0400][542.961s][info][gc,reloc    ] GC(60) y: Survivor 4         1M (0%)            2M (0%)           2 / 1              0 / 0              0 / 0        
[2026-09-13T14:30:13.869-0400][542.961s][info][gc,reloc    ] GC(60) y: Survivor 5         1M (0%)           34M (0%)           2 / 2              1 / 0              0 / 0        
[2026-09-13T14:30:13.869-0400][542.961s][info][gc,reloc    ] GC(60) y: Survivor 6         0M (0%)            3M (0%)           2 / 2              0 / 0              0 / 0        
[2026-09-13T14:30:13.869-0400][542.961s][info][gc,reloc    ] GC(60) y: Survivor 7         0M (0%)            3M (0%)           2 / 2              0 / 0              0 / 0        
[2026-09-13T14:30:13.869-0400][542.961s][info][gc,reloc    ] GC(60) y: Survivor 8         0M (0%)            5M (0%)           3 / 3              0 / 0              0 / 0        
[2026-09-13T14:30:13.869-0400][542.961s][info][gc,reloc    ] GC(60) y: Survivor 9         1M (0%)            2M (0%)           2 / 1              0 / 0              0 / 0        
[2026-09-13T14:30:13.869-0400][542.961s][info][gc,heap     ] GC(60) y: Min Capacity: 256M(1%)
[2026-09-13T14:30:13.869-0400][542.961s][info][gc,heap     ] GC(60) y: Max Capacity: 20576M(100%)
[2026-09-13T14:30:13.869-0400][542.961s][info][gc,heap     ] GC(60) y: Soft Max Capacity: 20576M(100%)
[2026-09-13T14:30:13.869-0400][542.961s][info][gc,heap     ] GC(60) y: Heap Statistics:
[2026-09-13T14:30:13.869-0400][542.961s][info][gc,heap     ] GC(60) y:                Mark Start          Mark End        Relocate Start      Relocate End           High               Low         
[2026-09-13T14:30:13.869-0400][542.961s][info][gc,heap     ] GC(60) y:  Capacity:    19738M (96%)       19738M (96%)       19738M (96%)       19738M (96%)       19738M (96%)       19738M (96%)    
[2026-09-13T14:30:13.869-0400][542.961s][info][gc,heap     ] GC(60) y:      Free:     1076M (5%)          982M (5%)         4592M (22%)       11466M (56%)       11466M (56%)         982M (5%)     
[2026-09-13T14:30:13.869-0400][542.961s][info][gc,heap     ] GC(60) y:      Used:    19500M (95%)       19594M (95%)       15984M (78%)        9110M (44%)       19594M (95%)        9110M (44%)    
[2026-09-13T14:30:13.869-0400][542.961s][info][gc,heap     ] GC(60) y: Young Generation Statistics:
[2026-09-13T14:30:13.869-0400][542.961s][info][gc,heap     ] GC(60) y:                Mark Start          Mark End        Relocate Start      Relocate End    
[2026-09-13T14:30:13.869-0400][542.961s][info][gc,heap     ] GC(60) y:      Used:    10644M (52%)       10738M (52%)        7126M (35%)         250M (1%)     
[2026-09-13T14:30:13.869-0400][542.961s][info][gc,heap     ] GC(60) y:      Live:         -                35M (0%)           34M (0%)           34M (0%)     
[2026-09-13T14:30:13.869-0400][542.961s][info][gc,heap     ] GC(60) y:   Garbage:         -             10608M (52%)        6995M (34%)          28M (0%)     
[2026-09-13T14:30:13.869-0400][542.961s][info][gc,heap     ] GC(60) y: Allocated:         -                94M (0%)           96M (0%)          186M (1%)     
[2026-09-13T14:30:13.869-0400][542.961s][info][gc,heap     ] GC(60) y: Reclaimed:         -                  -              3612M (18%)       10579M (51%)    
[2026-09-13T14:30:13.869-0400][542.961s][info][gc,heap     ] GC(60) y:  Promoted:         -                  -                 1M (0%)            1M (0%)     
[2026-09-13T14:30:13.869-0400][542.961s][info][gc,heap     ] GC(60) y: Compacted:         -                  -                  -                29M (0%)     
[2026-09-13T14:30:13.869-0400][542.961s][info][gc,phases   ] GC(60) y: Young Generation 19500M(95%)->9110M(44%) 0.419s
[2026-09-13T14:30:13.869-0400][542.961s][info][gc          ] GC(60) Minor Collection (High Usage) 19500M(95%)->9110M(44%) 0.420s
[2026-09-13T14:30:26.640-0400][555.733s][info][gc          ] GC(61) Major Collection (CodeCache GC Threshold)
[2026-09-13T14:30:26.640-0400][555.733s][info][gc,task     ] GC(61) Using 1 Workers for Young Generation
[2026-09-13T14:30:26.640-0400][555.733s][info][gc,task     ] GC(61) Using 1 Workers for Old Generation
[2026-09-13T14:30:26.640-0400][555.733s][info][gc,phases   ] GC(61) Y: Young Generation
[2026-09-13T14:30:26.640-0400][555.733s][info][gc,phases   ] GC(61) Y: Pause Mark Start (Major) 0.016ms
[2026-09-13T14:30:27.223-0400][556.315s][info][gc,phases   ] GC(61) Y: Concurrent Mark 581.959ms
[2026-09-13T14:30:27.223-0400][556.315s][info][gc,phases   ] GC(61) Y: Pause Mark End 0.017ms
[2026-09-13T14:30:27.223-0400][556.315s][info][gc,phases   ] GC(61) Y: Concurrent Mark Free 0.003ms
[2026-09-13T14:30:27.223-0400][556.315s][info][gc,phases   ] GC(61) Y: Concurrent Reset Relocation Set 0.083ms
[2026-09-13T14:30:27.224-0400][556.316s][info][gc,reloc    ] GC(61) Y: Using tenuring threshold: 9 (Computed)
[2026-09-13T14:30:27.228-0400][556.320s][info][gc,phases   ] GC(61) Y: Concurrent Select Relocation Set 5.177ms
[2026-09-13T14:30:27.228-0400][556.320s][info][gc,phases   ] GC(61) Y: Pause Relocate Start 0.009ms
[2026-09-13T14:30:27.395-0400][556.487s][info][gc,phases   ] GC(61) Y: Concurrent Relocate 166.427ms
[2026-09-13T14:30:27.395-0400][556.487s][info][gc,alloc    ] GC(61) Y:                         Mark Start        Mark End      Relocate Start    Relocate End   
[2026-09-13T14:30:27.395-0400][556.487s][info][gc,alloc    ] GC(61) Y: Allocation Stalls:          0                0                0                0         
[2026-09-13T14:30:27.395-0400][556.487s][info][gc,load     ] GC(61) Y: Load: 0.00 (0%) / 0.00 (0%) / 0.00 (0%)
[2026-09-13T14:30:27.395-0400][556.487s][info][gc,mmu      ] GC(61) Y: MMU: 2ms/96.9%, 5ms/98.8%, 10ms/99.4%, 20ms/99.6%, 50ms/99.9%, 100ms/99.9%
[2026-09-13T14:30:27.395-0400][556.487s][info][gc,marking  ] GC(61) Y: Mark: 1 stripe(s), 2 proactive flush(es), 1 terminate flush(es), 0 completion(s), 0 continuation(s) 
[2026-09-13T14:30:27.395-0400][556.487s][info][gc,nmethod  ] GC(61) Y: NMethods: 30004 registered, 6793 unregistered
[2026-09-13T14:30:27.395-0400][556.487s][info][gc,metaspace] GC(61) Y: Metaspace: 572M used, 575M committed, 1472M reserved
[2026-09-13T14:30:27.395-0400][556.487s][info][gc,reloc    ] GC(61) Y:                        Candidates     Selected     In-Place         Size        Empty    Relocated 
[2026-09-13T14:30:27.395-0400][556.487s][info][gc,reloc    ] GC(61) Y: Small Pages:                 4382         3997            0        8764M         626M          23M 
[2026-09-13T14:30:27.395-0400][556.487s][info][gc,reloc    ] GC(61) Y: Medium Pages:                   2            1            0          64M           0M           3M 
[2026-09-13T14:30:27.395-0400][556.487s][info][gc,reloc    ] GC(61) Y: Large Pages:                    0            0            0           0M           0M           0M 
[2026-09-13T14:30:27.395-0400][556.487s][info][gc,reloc    ] GC(61) Y: Forwarding Usage: 13M
[2026-09-13T14:30:27.395-0400][556.487s][info][gc,reloc    ] GC(61) Y: Age Table:
[2026-09-13T14:30:27.395-0400][556.487s][info][gc,reloc    ] GC(61) Y:                    Live             Garbage             Small              Medium             Large        
[2026-09-13T14:30:27.395-0400][556.487s][info][gc,reloc    ] GC(61) Y: Eden             110M (1%)         8635M (42%)       4357 / 3986           1 / 0              0 / 0        
[2026-09-13T14:30:27.395-0400][556.487s][info][gc,reloc    ] GC(61) Y: Survivor 1        25M (0%)           36M (0%)          15 / 4              1 / 1              0 / 0        
[2026-09-13T14:30:27.395-0400][556.487s][info][gc,reloc    ] GC(61) Y: Survivor 2         0M (0%)            1M (0%)           1 / 1              0 / 0              0 / 0        
[2026-09-13T14:30:27.395-0400][556.487s][info][gc,reloc    ] GC(61) Y: Survivor 3         1M (0%)            0M (0%)           1 / 0              0 / 0              0 / 0        
[2026-09-13T14:30:27.395-0400][556.487s][info][gc,reloc    ] GC(61) Y: Survivor 4         0M (0%)            1M (0%)           1 / 0              0 / 0              0 / 0        
[2026-09-13T14:30:27.395-0400][556.487s][info][gc,reloc    ] GC(61) Y: Survivor 5         1M (0%)            2M (0%)           2 / 2              0 / 0              0 / 0        
[2026-09-13T14:30:27.395-0400][556.487s][info][gc,reloc    ] GC(61) Y: Survivor 6         1M (0%)            0M (0%)           1 / 1              0 / 0              0 / 0        
[2026-09-13T14:30:27.395-0400][556.487s][info][gc,reloc    ] GC(61) Y: Survivor 7         0M (0%)            1M (0%)           1 / 1              0 / 0              0 / 0        
[2026-09-13T14:30:27.395-0400][556.487s][info][gc,reloc    ] GC(61) Y: Survivor 8         0M (0%)            3M (0%)           2 / 1              0 / 0              0 / 0        
[2026-09-13T14:30:27.395-0400][556.487s][info][gc,reloc    ] GC(61) Y: Survivor 9         0M (0%)            1M (0%)           1 / 1              0 / 0              0 / 0        
[2026-09-13T14:30:27.395-0400][556.487s][info][gc,heap     ] GC(61) Y: Min Capacity: 256M(1%)
[2026-09-13T14:30:27.395-0400][556.487s][info][gc,heap     ] GC(61) Y: Max Capacity: 20576M(100%)
[2026-09-13T14:30:27.395-0400][556.487s][info][gc,heap     ] GC(61) Y: Soft Max Capacity: 20576M(100%)
[2026-09-13T14:30:27.395-0400][556.487s][info][gc,heap     ] GC(61) Y: Heap Statistics:
[2026-09-13T14:30:27.395-0400][556.487s][info][gc,heap     ] GC(61) Y:                Mark Start          Mark End        Relocate Start      Relocate End           High               Low         
[2026-09-13T14:30:27.395-0400][556.487s][info][gc,heap     ] GC(61) Y:  Capacity:    19738M (96%)       19738M (96%)       19738M (96%)       19738M (96%)       19738M (96%)       19738M (96%)    
[2026-09-13T14:30:27.395-0400][556.487s][info][gc,heap     ] GC(61) Y:      Free:     2888M (14%)        1800M (9%)         2424M (12%)       10320M (50%)       10322M (50%)        1800M (9%)     
[2026-09-13T14:30:27.395-0400][556.487s][info][gc,heap     ] GC(61) Y:      Used:    17688M (86%)       18776M (91%)       18152M (88%)       10256M (50%)       18776M (91%)       10254M (50%)    
[2026-09-13T14:30:27.395-0400][556.487s][info][gc,heap     ] GC(61) Y: Young Generation Statistics:
[2026-09-13T14:30:27.395-0400][556.487s][info][gc,heap     ] GC(61) Y:                Mark Start          Mark End        Relocate Start      Relocate End    
[2026-09-13T14:30:27.395-0400][556.487s][info][gc,heap     ] GC(61) Y:      Used:     8828M (43%)        9916M (48%)        9292M (45%)        1394M (7%)     
[2026-09-13T14:30:27.395-0400][556.487s][info][gc,heap     ] GC(61) Y:      Live:         -               143M (1%)          143M (1%)          142M (1%)     
[2026-09-13T14:30:27.395-0400][556.487s][info][gc,heap     ] GC(61) Y:   Garbage:         -              8684M (42%)        8058M (39%)           1M (0%)     
[2026-09-13T14:30:27.395-0400][556.487s][info][gc,heap     ] GC(61) Y: Allocated:         -              1088M (5%)         1090M (5%)         1249M (6%)     
[2026-09-13T14:30:27.395-0400][556.487s][info][gc,heap     ] GC(61) Y: Reclaimed:         -                  -               626M (3%)         8682M (42%)    
[2026-09-13T14:30:27.395-0400][556.487s][info][gc,heap     ] GC(61) Y:  Promoted:         -                  -                 0M (0%)            0M (0%)     
[2026-09-13T14:30:27.395-0400][556.487s][info][gc,heap     ] GC(61) Y: Compacted:         -                  -                  -                34M (0%)     
[2026-09-13T14:30:27.395-0400][556.487s][info][gc,phases   ] GC(61) Y: Young Generation 17688M(86%)->10256M(50%) 0.754s
[2026-09-13T14:30:27.395-0400][556.487s][info][gc,phases   ] GC(61) O: Old Generation
[2026-09-13T14:30:35.331-0400][564.424s][info][gc,phases   ] GC(61) O: Concurrent Mark 7936.778ms
[2026-09-13T14:30:35.331-0400][564.424s][info][gc,phases   ] GC(61) O: Pause Mark End 0.036ms
[2026-09-13T14:30:35.331-0400][564.424s][info][gc,phases   ] GC(61) O: Concurrent Mark Free 0.004ms
[2026-09-13T14:30:35.449-0400][564.542s][info][gc,phases   ] GC(61) O: Concurrent Process Non-Strong 118.052ms
[2026-09-13T14:30:35.451-0400][564.543s][info][gc,phases   ] GC(61) O: Concurrent Reset Relocation Set 0.018ms
[2026-09-13T14:30:35.507-0400][564.599s][info][gc,phases   ] GC(61) O: Concurrent Select Relocation Set 56.426ms
[2026-09-13T14:30:35.507-0400][564.599s][info][gc,task     ] GC(61) O: Using 2 Workers for Old Generation
[2026-09-13T14:30:35.538-0400][564.630s][info][gc,task     ] GC(61) O: Using 1 Workers for Old Generation
[2026-09-13T14:30:35.538-0400][564.630s][info][gc,phases   ] GC(61) O: Concurrent Remap Roots 31.220ms
[2026-09-13T14:30:35.538-0400][564.630s][info][gc,phases   ] GC(61) O: Pause Relocate Start 0.011ms
[2026-09-13T14:30:36.379-0400][565.472s][info][gc,phases   ] GC(61) O: Concurrent Relocate 841.714ms
[2026-09-13T14:30:36.379-0400][565.472s][info][gc,alloc    ] GC(61) O:                         Mark Start        Mark End      Relocate Start    Relocate End   
[2026-09-13T14:30:36.379-0400][565.472s][info][gc,alloc    ] GC(61) O: Allocation Stalls:          0                0                0                0         
[2026-09-13T14:30:36.379-0400][565.472s][info][gc,load     ] GC(61) O: Load: 0.00 (0%) / 0.00 (0%) / 0.00 (0%)
[2026-09-13T14:30:36.379-0400][565.472s][info][gc,mmu      ] GC(61) O: MMU: 2ms/96.9%, 5ms/98.8%, 10ms/99.4%, 20ms/99.6%, 50ms/99.9%, 100ms/99.9%
[2026-09-13T14:30:36.379-0400][565.472s][info][gc,marking  ] GC(61) O: Mark: 1 stripe(s), 2 proactive flush(es), 1 terminate flush(es), 0 completion(s), 0 continuation(s) 
[2026-09-13T14:30:36.379-0400][565.472s][info][gc,nmethod  ] GC(61) O: NMethods: 22001 registered, 15185 unregistered
[2026-09-13T14:30:36.379-0400][565.472s][info][gc,metaspace] GC(61) O: Metaspace: 575M used, 577M committed, 1472M reserved
[2026-09-13T14:30:36.379-0400][565.472s][info][gc,ref      ] GC(61) O:                       Encountered   Discovered     Enqueued 
[2026-09-13T14:30:36.379-0400][565.472s][info][gc,ref      ] GC(61) O: Soft References:            38978            0            0 
[2026-09-13T14:30:36.379-0400][565.472s][info][gc,ref      ] GC(61) O: Weak References:           281496       121122        81048 
[2026-09-13T14:30:36.379-0400][565.472s][info][gc,ref      ] GC(61) O: Final References:            1471          991           17 
[2026-09-13T14:30:36.379-0400][565.472s][info][gc,ref      ] GC(61) O: Phantom References:         71668        68454        62054 
[2026-09-13T14:30:36.379-0400][565.472s][info][gc,reloc    ] GC(61) O:                        Candidates     Selected     In-Place         Size        Empty    Relocated 
[2026-09-13T14:30:36.379-0400][565.473s][info][gc,reloc    ] GC(61) O: Small Pages:                 2963          486            0        5926M          78M         218M 
[2026-09-13T14:30:36.379-0400][565.473s][info][gc,reloc    ] GC(61) O: Medium Pages:                  81            9            0        2592M         320M          55M 
[2026-09-13T14:30:36.379-0400][565.473s][info][gc,reloc    ] GC(61) O: Large Pages:                   45            0            0         342M         126M           0M 
[2026-09-13T14:30:36.379-0400][565.473s][info][gc,reloc    ] GC(61) O: Forwarding Usage: 227M
[2026-09-13T14:30:36.379-0400][565.473s][info][gc,heap     ] GC(61) O: Min Capacity: 256M(1%)
[2026-09-13T14:30:36.379-0400][565.473s][info][gc,heap     ] GC(61) O: Max Capacity: 20576M(100%)
[2026-09-13T14:30:36.379-0400][565.473s][info][gc,heap     ] GC(61) O: Soft Max Capacity: 20576M(100%)
[2026-09-13T14:30:36.379-0400][565.473s][info][gc,heap     ] GC(61) O: Heap Statistics:
[2026-09-13T14:30:36.379-0400][565.473s][info][gc,heap     ] GC(61) O:                Mark Start          Mark End        Relocate Start      Relocate End           High               Low         
[2026-09-13T14:30:36.379-0400][565.473s][info][gc,heap     ] GC(61) O:  Capacity:    19738M (96%)       19738M (96%)       19738M (96%)       19738M (96%)       19738M (96%)       19738M (96%)    
[2026-09-13T14:30:36.379-0400][565.473s][info][gc,heap     ] GC(61) O:      Free:     2888M (14%)        5730M (28%)        6220M (30%)        7186M (35%)       10322M (50%)        1800M (9%)     
[2026-09-13T14:30:36.379-0400][565.473s][info][gc,heap     ] GC(61) O:      Used:    17688M (86%)       14846M (72%)       14356M (70%)       13390M (65%)       18776M (91%)       10254M (50%)    
[2026-09-13T14:30:36.379-0400][565.473s][info][gc,heap     ] GC(61) O: Old Generation Statistics:
[2026-09-13T14:30:36.379-0400][565.473s][info][gc,heap     ] GC(61) O:                Mark Start          Mark End        Relocate Start      Relocate End    
[2026-09-13T14:30:36.379-0400][565.473s][info][gc,heap     ] GC(61) O:      Used:     8860M (43%)        8862M (43%)        8338M (41%)        6996M (34%)    
[2026-09-13T14:30:36.379-0400][565.473s][info][gc,heap     ] GC(61) O:      Live:         -              6746M (33%)        6746M (33%)        6746M (33%)    
[2026-09-13T14:30:36.379-0400][565.473s][info][gc,heap     ] GC(61) O:   Garbage:         -              2113M (10%)        1589M (8%)          224M (1%)     
[2026-09-13T14:30:36.379-0400][565.473s][info][gc,heap     ] GC(61) O: Allocated:         -                 2M (0%)            2M (0%)           25M (0%)     
[2026-09-13T14:30:36.379-0400][565.473s][info][gc,heap     ] GC(61) O: Reclaimed:         -                  -               524M (3%)         1889M (9%)     
[2026-09-13T14:30:36.379-0400][565.473s][info][gc,heap     ] GC(61) O: Compacted:         -                  -                  -               736M (4%)     
[2026-09-13T14:30:36.379-0400][565.473s][info][gc,phases   ] GC(61) O: Old Generation 10256M(50%)->13390M(65%) 8.985s
[2026-09-13T14:30:36.381-0400][565.473s][info][gc          ] GC(61) Major Collection (CodeCache GC Threshold) 17688M(86%)->13390M(65%) 9.740s
[2026-09-13T14:30:40.574-0400][569.666s][info][gc          ] GC(62) Minor Collection (Allocation Rate)
[2026-09-13T14:30:40.574-0400][569.666s][info][gc,task     ] GC(62) Using 1 Workers for Young Generation
[2026-09-13T14:30:40.574-0400][569.666s][info][gc,phases   ] GC(62) y: Young Generation
[2026-09-13T14:30:40.574-0400][569.666s][info][gc,phases   ] GC(62) y: Pause Mark Start 0.011ms
[2026-09-13T14:30:41.290-0400][570.382s][info][gc,task     ] Adjusting Workers for Young Generation: 1 -> 3
[2026-09-13T14:30:41.400-0400][570.493s][info][gc,phases   ] GC(62) y: Concurrent Mark 827.160ms
[2026-09-13T14:30:41.400-0400][570.493s][info][gc,phases   ] GC(62) y: Pause Mark End 0.016ms
[2026-09-13T14:30:41.400-0400][570.493s][info][gc,phases   ] GC(62) y: Concurrent Mark Free 0.014ms
[2026-09-13T14:30:41.401-0400][570.493s][info][gc,phases   ] GC(62) y: Concurrent Reset Relocation Set 0.166ms
[2026-09-13T14:30:41.402-0400][570.495s][info][gc,reloc    ] GC(62) y: Using tenuring threshold: 4 (Computed)
[2026-09-13T14:30:41.417-0400][570.510s][info][gc,phases   ] GC(62) y: Concurrent Select Relocation Set 16.089ms
[2026-09-13T14:30:41.417-0400][570.510s][info][gc,phases   ] GC(62) y: Pause Relocate Start 0.012ms
[2026-09-13T14:30:41.748-0400][570.840s][info][gc,phases   ] GC(62) y: Concurrent Relocate 330.409ms
[2026-09-13T14:30:41.748-0400][570.840s][info][gc,alloc    ] GC(62) y:                         Mark Start        Mark End      Relocate Start    Relocate End   
[2026-09-13T14:30:41.748-0400][570.840s][info][gc,alloc    ] GC(62) y: Allocation Stalls:          0                0                0                0         
[2026-09-13T14:30:41.748-0400][570.840s][info][gc,load     ] GC(62) y: Load: 0.00 (0%) / 0.00 (0%) / 0.00 (0%)
[2026-09-13T14:30:41.748-0400][570.840s][info][gc,mmu      ] GC(62) y: MMU: 2ms/96.9%, 5ms/98.8%, 10ms/99.4%, 20ms/99.6%, 50ms/99.9%, 100ms/99.9%
[2026-09-13T14:30:41.748-0400][570.840s][info][gc,marking  ] GC(62) y: Mark: 1 stripe(s), 2 proactive flush(es), 1 terminate flush(es), 0 completion(s), 0 continuation(s) 
[2026-09-13T14:30:41.748-0400][570.840s][info][gc,nmethod  ] GC(62) y: NMethods: 22057 registered, 15185 unregistered
[2026-09-13T14:30:41.748-0400][570.840s][info][gc,metaspace] GC(62) y: Metaspace: 575M used, 577M committed, 1472M reserved
[2026-09-13T14:30:41.748-0400][570.840s][info][gc,reloc    ] GC(62) y:                        Candidates     Selected     In-Place         Size        Empty    Relocated 
[2026-09-13T14:30:41.748-0400][570.840s][info][gc,reloc    ] GC(62) y: Small Pages:                 4504         3225            0        9008M        2290M          80M 
[2026-09-13T14:30:41.748-0400][570.840s][info][gc,reloc    ] GC(62) y: Medium Pages:                   8            5            0         256M           0M          32M 
[2026-09-13T14:30:41.748-0400][570.840s][info][gc,reloc    ] GC(62) y: Large Pages:                   94            0            0        2056M        1798M           0M 
[2026-09-13T14:30:41.748-0400][570.840s][info][gc,reloc    ] GC(62) y: Forwarding Usage: 47M
[2026-09-13T14:30:41.748-0400][570.840s][info][gc,reloc    ] GC(62) y: Age Table:
[2026-09-13T14:30:41.748-0400][570.840s][info][gc,reloc    ] GC(62) y:                    Live             Garbage             Small              Medium             Large        
[2026-09-13T14:30:41.748-0400][570.840s][info][gc,reloc    ] GC(62) y: Eden             441M (2%)        10628M (52%)       4427 / 3219           5 / 2             94 / 0        
[2026-09-13T14:30:41.748-0400][570.840s][info][gc,reloc    ] GC(62) y: Survivor 1       109M (1%)           38M (0%)          58 / 2              1 / 1              0 / 0        
[2026-09-13T14:30:41.748-0400][570.840s][info][gc,reloc    ] GC(62) y: Survivor 2        25M (0%)           62M (0%)          12 / 0              2 / 2              0 / 0        
[2026-09-13T14:30:41.748-0400][570.840s][info][gc,reloc    ] GC(62) y: Survivor 3         0M (0%)            1M (0%)           1 / 1              0 / 0              0 / 0        
[2026-09-13T14:30:41.748-0400][570.840s][info][gc,reloc    ] GC(62) y: Survivor 4         1M (0%)            0M (0%)           1 / 0              0 / 0              0 / 0        
[2026-09-13T14:30:41.748-0400][570.840s][info][gc,reloc    ] GC(62) y: Survivor 5         0M (0%)            1M (0%)           1 / 1              0 / 0              0 / 0        
[2026-09-13T14:30:41.748-0400][570.840s][info][gc,reloc    ] GC(62) y: Survivor 6         1M (0%)            0M (0%)           1 / 0              0 / 0              0 / 0        
[2026-09-13T14:30:41.748-0400][570.840s][info][gc,reloc    ] GC(62) y: Survivor 7         1M (0%)            0M (0%)           1 / 0              0 / 0              0 / 0        
[2026-09-13T14:30:41.748-0400][570.841s][info][gc,reloc    ] GC(62) y: Survivor 8         0M (0%)            1M (0%)           1 / 1              0 / 0              0 / 0        
[2026-09-13T14:30:41.748-0400][570.841s][info][gc,reloc    ] GC(62) y: Survivor 9         0M (0%)            1M (0%)           1 / 1              0 / 0              0 / 0        
[2026-09-13T14:30:41.748-0400][570.841s][info][gc,heap     ] GC(62) y: Min Capacity: 256M(1%)
[2026-09-13T14:30:41.748-0400][570.841s][info][gc,heap     ] GC(62) y: Max Capacity: 20576M(100%)
[2026-09-13T14:30:41.748-0400][570.841s][info][gc,heap     ] GC(62) y: Soft Max Capacity: 20576M(100%)
[2026-09-13T14:30:41.748-0400][570.841s][info][gc,heap     ] GC(62) y: Heap Statistics:
[2026-09-13T14:30:41.748-0400][570.841s][info][gc,heap     ] GC(62) y:                Mark Start          Mark End        Relocate Start      Relocate End           High               Low         
[2026-09-13T14:30:41.748-0400][570.841s][info][gc,heap     ] GC(62) y:  Capacity:    19738M (96%)       20328M (99%)       20328M (99%)       20328M (99%)       20328M (99%)       19738M (96%)    
[2026-09-13T14:30:41.749-0400][570.841s][info][gc,heap     ] GC(62) y:      Free:     2260M (11%)         248M (1%)         4302M (21%)        9968M (48%)       10012M (49%)         248M (1%)     
[2026-09-13T14:30:41.749-0400][570.841s][info][gc,heap     ] GC(62) y:      Used:    18316M (89%)       20328M (99%)       16274M (79%)       10608M (52%)       20328M (99%)       10564M (51%)    
[2026-09-13T14:30:41.749-0400][570.841s][info][gc,heap     ] GC(62) y: Young Generation Statistics:
[2026-09-13T14:30:41.749-0400][570.841s][info][gc,heap     ] GC(62) y:                Mark Start          Mark End        Relocate Start      Relocate End    
[2026-09-13T14:30:41.749-0400][570.841s][info][gc,heap     ] GC(62) y:      Used:    11320M (55%)       13332M (65%)        9278M (45%)        3602M (18%)    
[2026-09-13T14:30:41.749-0400][570.841s][info][gc,heap     ] GC(62) y:      Live:         -               582M (3%)          582M (3%)          576M (3%)     
[2026-09-13T14:30:41.749-0400][570.841s][info][gc,heap     ] GC(62) y:   Garbage:         -             10737M (52%)        6649M (32%)          12M (0%)     
[2026-09-13T14:30:41.749-0400][570.841s][info][gc,heap     ] GC(62) y: Allocated:         -              2012M (10%)        2046M (10%)        3012M (15%)    
[2026-09-13T14:30:41.749-0400][570.841s][info][gc,heap     ] GC(62) y: Reclaimed:         -                  -              4088M (20%)       10725M (52%)    
[2026-09-13T14:30:41.749-0400][570.841s][info][gc,heap     ] GC(62) y:  Promoted:         -                  -                 0M (0%)            5M (0%)     
[2026-09-13T14:30:41.749-0400][570.841s][info][gc,heap     ] GC(62) y: Compacted:         -                  -                  -               151M (1%)     
[2026-09-13T14:30:41.749-0400][570.841s][info][gc,phases   ] GC(62) y: Young Generation 18316M(89%)->10608M(52%) 1.175s
[2026-09-13T14:30:41.749-0400][570.841s][info][gc          ] GC(62) Minor Collection (Allocation Rate) 18316M(89%)->10610M(52%) 1.175s
[2026-09-13T14:30:43.144-0400][572.236s][info][gc          ] GC(63) Minor Collection (Allocation Rate)
[2026-09-13T14:30:43.144-0400][572.236s][info][gc,task     ] GC(63) Using 2 Workers for Young Generation
[2026-09-13T14:30:43.144-0400][572.236s][info][gc,phases   ] GC(63) y: Young Generation
[2026-09-13T14:30:43.144-0400][572.236s][info][gc,phases   ] GC(63) y: Pause Mark Start 0.010ms
[2026-09-13T14:30:43.980-0400][573.072s][info][gc,phases   ] GC(63) y: Concurrent Mark 836.254ms
[2026-09-13T14:30:43.980-0400][573.072s][info][gc,phases   ] GC(63) y: Pause Mark End 0.017ms
[2026-09-13T14:30:43.980-0400][573.073s][info][gc,phases   ] GC(63) y: Concurrent Mark Free 0.011ms
[2026-09-13T14:30:43.981-0400][573.073s][info][gc,phases   ] GC(63) y: Concurrent Reset Relocation Set 0.157ms
[2026-09-13T14:30:43.982-0400][573.074s][info][gc,reloc    ] GC(63) y: Using tenuring threshold: 1 (Computed)
[2026-09-13T14:30:44.084-0400][573.176s][info][gc,phases   ] GC(63) y: Concurrent Select Relocation Set 103.255ms
[2026-09-13T14:30:44.084-0400][573.176s][info][gc,phases   ] GC(63) y: Pause Relocate Start 0.011ms
[2026-09-13T14:30:44.538-0400][573.630s][info][gc,phases   ] GC(63) y: Concurrent Relocate 453.559ms
[2026-09-13T14:30:44.538-0400][573.630s][info][gc,alloc    ] GC(63) y:                         Mark Start        Mark End      Relocate Start    Relocate End   
[2026-09-13T14:30:44.538-0400][573.630s][info][gc,alloc    ] GC(63) y: Allocation Stalls:          0                0                0                0         
[2026-09-13T14:30:44.538-0400][573.630s][info][gc,load     ] GC(63) y: Load: 0.00 (0%) / 0.00 (0%) / 0.00 (0%)
[2026-09-13T14:30:44.538-0400][573.630s][info][gc,mmu      ] GC(63) y: MMU: 2ms/96.9%, 5ms/98.8%, 10ms/99.4%, 20ms/99.6%, 50ms/99.9%, 100ms/99.9%
[2026-09-13T14:30:44.538-0400][573.630s][info][gc,marking  ] GC(63) y: Mark: 2 stripe(s), 2 proactive flush(es), 1 terminate flush(es), 0 completion(s), 0 continuation(s) 
[2026-09-13T14:30:44.538-0400][573.630s][info][gc,nmethod  ] GC(63) y: NMethods: 22059 registered, 15185 unregistered
[2026-09-13T14:30:44.538-0400][573.630s][info][gc,metaspace] GC(63) y: Metaspace: 575M used, 577M committed, 1472M reserved
[2026-09-13T14:30:44.538-0400][573.630s][info][gc,reloc    ] GC(63) y:                        Candidates     Selected     In-Place         Size        Empty    Relocated 
[2026-09-13T14:30:44.538-0400][573.630s][info][gc,reloc    ] GC(63) y: Small Pages:                 3490         3362            0        6980M           2M          16M 
[2026-09-13T14:30:44.538-0400][573.630s][info][gc,reloc    ] GC(63) y: Medium Pages:                   8            4            0         256M          32M          20M 
[2026-09-13T14:30:44.538-0400][573.630s][info][gc,reloc    ] GC(63) y: Large Pages:                    1            0            0         258M           0M           0M 
[2026-09-13T14:30:44.538-0400][573.630s][info][gc,reloc    ] GC(63) y: Forwarding Usage: 9M
[2026-09-13T14:30:44.538-0400][573.630s][info][gc,reloc    ] GC(63) y: Age Table:
[2026-09-13T14:30:44.538-0400][573.630s][info][gc,reloc    ] GC(63) y:                    Live             Garbage             Small              Medium             Large        
[2026-09-13T14:30:44.538-0400][573.630s][info][gc,reloc    ] GC(63) y: Eden               9M (0%)         6692M (33%)       3335 / 3329           1 / 1              0 / 0        
[2026-09-13T14:30:44.538-0400][573.630s][info][gc,reloc    ] GC(63) y: Survivor 1       434M (2%)          157M (1%)          87 / 31             5 / 2              1 / 0        
[2026-09-13T14:30:44.538-0400][573.630s][info][gc,reloc    ] GC(63) y: Survivor 2       109M (1%)           32M (0%)          55 / 1              1 / 0              0 / 0        
[2026-09-13T14:30:44.538-0400][573.630s][info][gc,reloc    ] GC(63) y: Survivor 3        25M (0%)           30M (0%)          12 / 0              1 / 1              0 / 0        
[2026-09-13T14:30:44.538-0400][573.630s][info][gc,reloc    ] GC(63) y: Survivor 4         0M (0%)            1M (0%)           1 / 1              0 / 0              0 / 0        
[2026-09-13T14:30:44.538-0400][573.630s][info][gc,heap     ] GC(63) y: Min Capacity: 256M(1%)
[2026-09-13T14:30:44.538-0400][573.630s][info][gc,heap     ] GC(63) y: Max Capacity: 20576M(100%)
[2026-09-13T14:30:44.538-0400][573.630s][info][gc,heap     ] GC(63) y: Soft Max Capacity: 20576M(100%)
[2026-09-13T14:30:44.538-0400][573.630s][info][gc,heap     ] GC(63) y: Heap Statistics:
[2026-09-13T14:30:44.538-0400][573.630s][info][gc,heap     ] GC(63) y:                Mark Start          Mark End        Relocate Start      Relocate End           High               Low         
[2026-09-13T14:30:44.538-0400][573.630s][info][gc,heap     ] GC(63) y:  Capacity:    20328M (99%)       20328M (99%)       20328M (99%)       20328M (99%)       20328M (99%)       20328M (99%)    
[2026-09-13T14:30:44.538-0400][573.630s][info][gc,heap     ] GC(63) y:      Free:     6076M (30%)        3386M (16%)        3092M (15%)        8248M (40%)        8728M (42%)        2844M (14%)    
[2026-09-13T14:30:44.538-0400][573.630s][info][gc,heap     ] GC(63) y:      Used:    14500M (70%)       17190M (84%)       17484M (85%)       12328M (60%)       17732M (86%)       11848M (58%)    
[2026-09-13T14:30:44.538-0400][573.630s][info][gc,heap     ] GC(63) y: Young Generation Statistics:
[2026-09-13T14:30:44.538-0400][573.630s][info][gc,heap     ] GC(63) y:                Mark Start          Mark End        Relocate Start      Relocate End    
[2026-09-13T14:30:44.538-0400][573.630s][info][gc,heap     ] GC(63) y:      Used:     7494M (36%)       10184M (49%)        9926M (48%)        4608M (22%)    
[2026-09-13T14:30:44.538-0400][573.630s][info][gc,heap     ] GC(63) y:      Live:         -               580M (3%)           43M (0%)            9M (0%)     
[2026-09-13T14:30:44.538-0400][573.630s][info][gc,heap     ] GC(63) y:   Garbage:         -              6913M (34%)        6864M (33%)           0M (0%)     
[2026-09-13T14:30:44.538-0400][573.630s][info][gc,heap     ] GC(63) y: Allocated:         -              2690M (13%)        3018M (15%)        4598M (22%)    
[2026-09-13T14:30:44.538-0400][573.630s][info][gc,heap     ] GC(63) y: Reclaimed:         -                  -                48M (0%)         6913M (34%)    
[2026-09-13T14:30:44.538-0400][573.630s][info][gc,heap     ] GC(63) y:  Promoted:         -                  -               537M (3%)          570M (3%)     
[2026-09-13T14:30:44.538-0400][573.630s][info][gc,heap     ] GC(63) y: Compacted:         -                  -                  -                 9M (0%)     
[2026-09-13T14:30:44.538-0400][573.630s][info][gc,phases   ] GC(63) y: Young Generation 14500M(70%)->12328M(60%) 1.394s
[2026-09-13T14:30:44.538-0400][573.630s][info][gc          ] GC(63) Minor Collection (Allocation Rate) 14500M(70%)->12328M(60%) 1.395s
[2026-09-13T14:30:44.604-0400][573.697s][info][gc          ] GC(64) Minor Collection (Allocation Rate)
[2026-09-13T14:30:44.604-0400][573.697s][info][gc,task     ] GC(64) Using 4 Workers for Young Generation
[2026-09-13T14:30:44.604-0400][573.697s][info][gc,phases   ] GC(64) y: Young Generation
[2026-09-13T14:30:44.605-0400][573.697s][info][gc,phases   ] GC(64) y: Pause Mark Start 0.012ms
[2026-09-13T14:30:44.857-0400][573.949s][info][gc,phases   ] GC(64) y: Concurrent Mark 251.850ms
[2026-09-13T14:30:44.857-0400][573.949s][info][gc,phases   ] GC(64) y: Pause Mark End 0.016ms
[2026-09-13T14:30:44.857-0400][573.949s][info][gc,phases   ] GC(64) y: Concurrent Mark Free 0.004ms
[2026-09-13T14:30:44.859-0400][573.952s][info][gc,phases   ] GC(64) y: Concurrent Reset Relocation Set 2.579ms
[2026-09-13T14:30:44.860-0400][573.952s][info][gc,reloc    ] GC(64) y: Using tenuring threshold: 2 (Computed)
[2026-09-13T14:30:44.861-0400][573.953s][info][gc,phases   ] GC(64) y: Concurrent Select Relocation Set 1.077ms
[2026-09-13T14:30:44.861-0400][573.953s][info][gc,phases   ] GC(64) y: Pause Relocate Start 0.009ms
[2026-09-13T14:30:45.030-0400][574.123s][info][gc,phases   ] GC(64) y: Concurrent Relocate 169.996ms
[2026-09-13T14:30:45.030-0400][574.123s][info][gc,alloc    ] GC(64) y:                         Mark Start        Mark End      Relocate Start    Relocate End   
[2026-09-13T14:30:45.030-0400][574.123s][info][gc,alloc    ] GC(64) y: Allocation Stalls:          0                0                0                0         
[2026-09-13T14:30:45.030-0400][574.123s][info][gc,load     ] GC(64) y: Load: 0.00 (0%) / 0.00 (0%) / 0.00 (0%)
[2026-09-13T14:30:45.030-0400][574.123s][info][gc,mmu      ] GC(64) y: MMU: 2ms/96.9%, 5ms/98.8%, 10ms/99.4%, 20ms/99.6%, 50ms/99.9%, 100ms/99.9%
[2026-09-13T14:30:45.030-0400][574.123s][info][gc,marking  ] GC(64) y: Mark: 4 stripe(s), 2 proactive flush(es), 1 terminate flush(es), 0 completion(s), 0 continuation(s) 
[2026-09-13T14:30:45.030-0400][574.123s][info][gc,nmethod  ] GC(64) y: NMethods: 22063 registered, 15185 unregistered
[2026-09-13T14:30:45.030-0400][574.123s][info][gc,metaspace] GC(64) y: Metaspace: 575M used, 577M committed, 1472M reserved
[2026-09-13T14:30:45.030-0400][574.123s][info][gc,reloc    ] GC(64) y:                        Candidates     Selected     In-Place         Size        Empty    Relocated 
[2026-09-13T14:30:45.030-0400][574.123s][info][gc,reloc    ] GC(64) y: Small Pages:                 2367         2359            0        4734M           0M           9M 
[2026-09-13T14:30:45.030-0400][574.123s][info][gc,reloc    ] GC(64) y: Medium Pages:                   3            1            0          96M          32M           5M 
[2026-09-13T14:30:45.030-0400][574.123s][info][gc,reloc    ] GC(64) y: Large Pages:                    1            0            0          10M           0M           0M 
[2026-09-13T14:30:45.030-0400][574.123s][info][gc,reloc    ] GC(64) y: Forwarding Usage: 4M
[2026-09-13T14:30:45.030-0400][574.123s][info][gc,reloc    ] GC(64) y: Age Table:
[2026-09-13T14:30:45.030-0400][574.123s][info][gc,reloc    ] GC(64) y:                    Live             Garbage             Small              Medium             Large        
[2026-09-13T14:30:45.030-0400][574.123s][info][gc,reloc    ] GC(64) y: Eden              23M (0%)         4680M (23%)       2331 / 2328           1 / 1              1 / 0        
[2026-09-13T14:30:45.030-0400][574.123s][info][gc,reloc    ] GC(64) y: Survivor 1         7M (0%)          128M (1%)          36 / 31             2 / 0              0 / 0        
[2026-09-13T14:30:45.030-0400][574.123s][info][gc,heap     ] GC(64) y: Min Capacity: 256M(1%)
[2026-09-13T14:30:45.030-0400][574.123s][info][gc,heap     ] GC(64) y: Max Capacity: 20576M(100%)
[2026-09-13T14:30:45.030-0400][574.123s][info][gc,heap     ] GC(64) y: Soft Max Capacity: 20576M(100%)
[2026-09-13T14:30:45.030-0400][574.123s][info][gc,heap     ] GC(64) y: Heap Statistics:
[2026-09-13T14:30:45.030-0400][574.123s][info][gc,heap     ] GC(64) y:                Mark Start          Mark End        Relocate Start      Relocate End           High               Low         
[2026-09-13T14:30:45.030-0400][574.123s][info][gc,heap     ] GC(64) y:  Capacity:    20328M (99%)       20328M (99%)       20328M (99%)       20328M (99%)       20328M (99%)       20328M (99%)    
[2026-09-13T14:30:45.030-0400][574.124s][info][gc,heap     ] GC(64) y:      Free:     8016M (39%)        7256M (35%)        7288M (35%)       11958M (58%)       11958M (58%)        7216M (35%)    
[2026-09-13T14:30:45.030-0400][574.124s][info][gc,heap     ] GC(64) y:      Used:    12560M (61%)       13320M (65%)       13288M (65%)        8618M (42%)       13360M (65%)        8618M (42%)    
[2026-09-13T14:30:45.030-0400][574.124s][info][gc,heap     ] GC(64) y: Young Generation Statistics:
[2026-09-13T14:30:45.030-0400][574.124s][info][gc,heap     ] GC(64) y:                Mark Start          Mark End        Relocate Start      Relocate End    
[2026-09-13T14:30:45.030-0400][574.124s][info][gc,heap     ] GC(64) y:      Used:     4840M (24%)        5600M (27%)        5568M (27%)         898M (4%)     
[2026-09-13T14:30:45.030-0400][574.124s][info][gc,heap     ] GC(64) y:      Live:         -                30M (0%)           30M (0%)           30M (0%)     
[2026-09-13T14:30:45.030-0400][574.124s][info][gc,heap     ] GC(64) y:   Garbage:         -              4809M (23%)        4777M (23%)           0M (0%)     
[2026-09-13T14:30:45.030-0400][574.124s][info][gc,heap     ] GC(64) y: Allocated:         -               760M (4%)          760M (4%)          867M (4%)     
[2026-09-13T14:30:45.030-0400][574.124s][info][gc,heap     ] GC(64) y: Reclaimed:         -                  -                32M (0%)         4809M (23%)    
[2026-09-13T14:30:45.030-0400][574.124s][info][gc,heap     ] GC(64) y:  Promoted:         -                  -                 0M (0%)            0M (0%)     
[2026-09-13T14:30:45.030-0400][574.124s][info][gc,heap     ] GC(64) y: Compacted:         -                  -                  -                16M (0%)     
[2026-09-13T14:30:45.030-0400][574.124s][info][gc,phases   ] GC(64) y: Young Generation 12560M(61%)->8618M(42%) 0.426s
[2026-09-13T14:30:45.030-0400][574.124s][info][gc          ] GC(64) Minor Collection (Allocation Rate) 12560M(61%)->8618M(42%) 0.427s
[2026-09-13T14:30:47.048-0400][576.140s][info][gc          ] GC(65) Minor Collection (Allocation Rate)
[2026-09-13T14:30:47.048-0400][576.140s][info][gc,task     ] GC(65) Using 3 Workers for Young Generation
[2026-09-13T14:30:47.048-0400][576.140s][info][gc,phases   ] GC(65) y: Young Generation
[2026-09-13T14:30:47.048-0400][576.140s][info][gc,phases   ] GC(65) y: Pause Mark Start 0.012ms
[2026-09-13T14:30:47.173-0400][576.265s][info][gc,phases   ] GC(65) y: Concurrent Mark 124.364ms
[2026-09-13T14:30:47.173-0400][576.265s][info][gc,phases   ] GC(65) y: Pause Mark End 0.016ms
[2026-09-13T14:30:47.173-0400][576.265s][info][gc,phases   ] GC(65) y: Concurrent Mark Free 0.007ms
[2026-09-13T14:30:47.173-0400][576.265s][info][gc,phases   ] GC(65) y: Concurrent Reset Relocation Set 0.056ms
[2026-09-13T14:30:47.173-0400][576.265s][info][gc,reloc    ] GC(65) y: Using tenuring threshold: 3 (Computed)
[2026-09-13T14:30:47.177-0400][576.269s][info][gc,phases   ] GC(65) y: Concurrent Select Relocation Set 4.238ms
[2026-09-13T14:30:47.177-0400][576.269s][info][gc,phases   ] GC(65) y: Pause Relocate Start 0.009ms
[2026-09-13T14:30:47.235-0400][576.327s][info][gc,phases   ] GC(65) y: Concurrent Relocate 57.768ms
[2026-09-13T14:30:47.235-0400][576.327s][info][gc,alloc    ] GC(65) y:                         Mark Start        Mark End      Relocate Start    Relocate End   
[2026-09-13T14:30:47.235-0400][576.327s][info][gc,alloc    ] GC(65) y: Allocation Stalls:          0                0                0                0         
[2026-09-13T14:30:47.235-0400][576.327s][info][gc,load     ] GC(65) y: Load: 0.00 (0%) / 0.00 (0%) / 0.00 (0%)
[2026-09-13T14:30:47.235-0400][576.327s][info][gc,mmu      ] GC(65) y: MMU: 2ms/96.9%, 5ms/98.8%, 10ms/99.4%, 20ms/99.6%, 50ms/99.9%, 100ms/99.9%
[2026-09-13T14:30:47.235-0400][576.327s][info][gc,marking  ] GC(65) y: Mark: 2 stripe(s), 2 proactive flush(es), 1 terminate flush(es), 0 completion(s), 0 continuation(s) 
[2026-09-13T14:30:47.235-0400][576.327s][info][gc,nmethod  ] GC(65) y: NMethods: 22072 registered, 15185 unregistered
[2026-09-13T14:30:47.235-0400][576.327s][info][gc,metaspace] GC(65) y: Metaspace: 575M used, 577M committed, 1472M reserved
[2026-09-13T14:30:47.235-0400][576.327s][info][gc,reloc    ] GC(65) y:                        Candidates     Selected     In-Place         Size        Empty    Relocated 
[2026-09-13T14:30:47.235-0400][576.327s][info][gc,reloc    ] GC(65) y: Small Pages:                  797          760            0        1594M          34M          24M 
[2026-09-13T14:30:47.235-0400][576.327s][info][gc,reloc    ] GC(65) y: Medium Pages:                   3            2            0          96M           0M          12M 
[2026-09-13T14:30:47.235-0400][576.327s][info][gc,reloc    ] GC(65) y: Large Pages:                    2            0            0          16M           0M           0M 
[2026-09-13T14:30:47.235-0400][576.327s][info][gc,reloc    ] GC(65) y: Forwarding Usage: 16M
[2026-09-13T14:30:47.235-0400][576.327s][info][gc,reloc    ] GC(65) y: Age Table:
[2026-09-13T14:30:47.235-0400][576.327s][info][gc,reloc    ] GC(65) y:                    Live             Garbage             Small              Medium             Large        
[2026-09-13T14:30:47.235-0400][576.327s][info][gc,reloc    ] GC(65) y: Eden              36M (0%)         1565M (8%)         782 / 751            1 / 1              1 / 0        
[2026-09-13T14:30:47.235-0400][576.327s][info][gc,reloc    ] GC(65) y: Survivor 1        21M (0%)           34M (0%)           7 / 4              1 / 1              1 / 0        
[2026-09-13T14:30:47.235-0400][576.327s][info][gc,reloc    ] GC(65) y: Survivor 2         5M (0%)           42M (0%)           8 / 5              1 / 0              0 / 0        
[2026-09-13T14:30:47.235-0400][576.327s][info][gc,heap     ] GC(65) y: Min Capacity: 256M(1%)
[2026-09-13T14:30:47.235-0400][576.327s][info][gc,heap     ] GC(65) y: Max Capacity: 20576M(100%)
[2026-09-13T14:30:47.235-0400][576.327s][info][gc,heap     ] GC(65) y: Soft Max Capacity: 20576M(100%)
[2026-09-13T14:30:47.235-0400][576.327s][info][gc,heap     ] GC(65) y: Heap Statistics:
[2026-09-13T14:30:47.235-0400][576.327s][info][gc,heap     ] GC(65) y:                Mark Start          Mark End        Relocate Start      Relocate End           High               Low         
[2026-09-13T14:30:47.235-0400][576.327s][info][gc,heap     ] GC(65) y:  Capacity:    20328M (99%)       20328M (99%)       20328M (99%)       20328M (99%)       20328M (99%)       20328M (99%)    
[2026-09-13T14:30:47.235-0400][576.327s][info][gc,heap     ] GC(65) y:      Free:    11150M (54%)       11044M (54%)       11076M (54%)       12528M (61%)       12528M (61%)       10946M (53%)    
[2026-09-13T14:30:47.235-0400][576.327s][info][gc,heap     ] GC(65) y:      Used:     9426M (46%)        9532M (46%)        9500M (46%)        8048M (39%)        9630M (47%)        8048M (39%)    
[2026-09-13T14:30:47.235-0400][576.327s][info][gc,heap     ] GC(65) y: Young Generation Statistics:
[2026-09-13T14:30:47.235-0400][576.327s][info][gc,heap     ] GC(65) y:                Mark Start          Mark End        Relocate Start      Relocate End    
[2026-09-13T14:30:47.235-0400][576.327s][info][gc,heap     ] GC(65) y:      Used:     1706M (8%)         1812M (9%)         1780M (9%)          328M (2%)     
[2026-09-13T14:30:47.235-0400][576.328s][info][gc,heap     ] GC(65) y:      Live:         -                63M (0%)           63M (0%)           63M (0%)     
[2026-09-13T14:30:47.235-0400][576.328s][info][gc,heap     ] GC(65) y:   Garbage:         -              1642M (8%)         1608M (8%)            2M (0%)     
[2026-09-13T14:30:47.235-0400][576.328s][info][gc,heap     ] GC(65) y: Allocated:         -               106M (1%)          108M (1%)          262M (1%)     
[2026-09-13T14:30:47.235-0400][576.328s][info][gc,heap     ] GC(65) y: Reclaimed:         -                  -                34M (0%)         1640M (8%)     
[2026-09-13T14:30:47.235-0400][576.328s][info][gc,heap     ] GC(65) y:  Promoted:         -                  -                 0M (0%)            0M (0%)     
[2026-09-13T14:30:47.235-0400][576.328s][info][gc,heap     ] GC(65) y: Compacted:         -                  -                  -                41M (0%)     
[2026-09-13T14:30:47.235-0400][576.328s][info][gc,phases   ] GC(65) y: Young Generation 9426M(46%)->8048M(39%) 0.187s
[2026-09-13T14:30:47.235-0400][576.328s][info][gc          ] GC(65) Minor Collection (Allocation Rate) 9426M(46%)->8048M(39%) 0.187s
[2026-09-13T14:30:53.085-0400][582.177s][info][gc          ] GC(66) Minor Collection (Allocation Rate)
[2026-09-13T14:30:53.085-0400][582.177s][info][gc,task     ] GC(66) Using 3 Workers for Young Generation
[2026-09-13T14:30:53.085-0400][582.177s][info][gc,phases   ] GC(66) y: Young Generation
[2026-09-13T14:30:53.085-0400][582.177s][info][gc,phases   ] GC(66) y: Pause Mark Start 0.012ms
[2026-09-13T14:30:53.231-0400][582.324s][info][gc,phases   ] GC(66) y: Concurrent Mark 146.670ms
[2026-09-13T14:30:53.231-0400][582.324s][info][gc,phases   ] GC(66) y: Pause Mark End 0.015ms
[2026-09-13T14:30:53.231-0400][582.324s][info][gc,phases   ] GC(66) y: Concurrent Mark Free 0.007ms
[2026-09-13T14:30:53.231-0400][582.324s][info][gc,phases   ] GC(66) y: Concurrent Reset Relocation Set 0.020ms
[2026-09-13T14:30:53.232-0400][582.324s][info][gc,reloc    ] GC(66) y: Using tenuring threshold: 1 (Computed)
[2026-09-13T14:30:53.245-0400][582.338s][info][gc,phases   ] GC(66) y: Concurrent Select Relocation Set 13.876ms
[2026-09-13T14:30:53.245-0400][582.338s][info][gc,phases   ] GC(66) y: Pause Relocate Start 0.010ms
[2026-09-13T14:30:53.368-0400][582.461s][info][gc,phases   ] GC(66) y: Concurrent Relocate 122.680ms
[2026-09-13T14:30:53.368-0400][582.461s][info][gc,alloc    ] GC(66) y:                         Mark Start        Mark End      Relocate Start    Relocate End   
[2026-09-13T14:30:53.368-0400][582.461s][info][gc,alloc    ] GC(66) y: Allocation Stalls:          0                0                0                0         
[2026-09-13T14:30:53.368-0400][582.461s][info][gc,load     ] GC(66) y: Load: 0.00 (0%) / 0.00 (0%) / 0.00 (0%)
[2026-09-13T14:30:53.368-0400][582.461s][info][gc,mmu      ] GC(66) y: MMU: 2ms/96.9%, 5ms/98.8%, 10ms/99.4%, 20ms/99.6%, 50ms/99.9%, 100ms/99.9%
[2026-09-13T14:30:53.368-0400][582.461s][info][gc,marking  ] GC(66) y: Mark: 2 stripe(s), 2 proactive flush(es), 1 terminate flush(es), 0 completion(s), 0 continuation(s) 
[2026-09-13T14:30:53.368-0400][582.461s][info][gc,nmethod  ] GC(66) y: NMethods: 22079 registered, 15185 unregistered
[2026-09-13T14:30:53.368-0400][582.461s][info][gc,metaspace] GC(66) y: Metaspace: 575M used, 577M committed, 1472M reserved
[2026-09-13T14:30:53.368-0400][582.461s][info][gc,reloc    ] GC(66) y:                        Candidates     Selected     In-Place         Size        Empty    Relocated 
[2026-09-13T14:30:53.368-0400][582.461s][info][gc,reloc    ] GC(66) y: Small Pages:                 1615         1562            0        3230M          68M           3M 
[2026-09-13T14:30:53.368-0400][582.461s][info][gc,reloc    ] GC(66) y: Medium Pages:                   5            2            0         160M          64M          12M 
[2026-09-13T14:30:53.368-0400][582.461s][info][gc,reloc    ] GC(66) y: Large Pages:                    2            0            0          16M           0M           0M 
[2026-09-13T14:30:53.368-0400][582.461s][info][gc,reloc    ] GC(66) y: Forwarding Usage: 4M
[2026-09-13T14:30:53.368-0400][582.461s][info][gc,reloc    ] GC(66) y: Age Table:
[2026-09-13T14:30:53.368-0400][582.461s][info][gc,reloc    ] GC(66) y:                    Live             Garbage             Small              Medium             Large        
[2026-09-13T14:30:53.368-0400][582.461s][info][gc,reloc    ] GC(66) y: Eden               0M (0%)         3211M (16%)       1590 / 1555           1 / 0              0 / 0        
[2026-09-13T14:30:53.368-0400][582.461s][info][gc,reloc    ] GC(66) y: Survivor 1        36M (0%)           27M (0%)          13 / 1              1 / 1              1 / 0        
[2026-09-13T14:30:53.369-0400][582.461s][info][gc,reloc    ] GC(66) y: Survivor 2        21M (0%)           62M (0%)           5 / 3              2 / 1              1 / 0        
[2026-09-13T14:30:53.369-0400][582.461s][info][gc,reloc    ] GC(66) y: Survivor 3         5M (0%)           40M (0%)           7 / 3              1 / 0              0 / 0        
[2026-09-13T14:30:53.369-0400][582.461s][info][gc,heap     ] GC(66) y: Min Capacity: 256M(1%)
[2026-09-13T14:30:53.369-0400][582.461s][info][gc,heap     ] GC(66) y: Max Capacity: 20576M(100%)
[2026-09-13T14:30:53.369-0400][582.461s][info][gc,heap     ] GC(66) y: Soft Max Capacity: 20576M(100%)
[2026-09-13T14:30:53.369-0400][582.461s][info][gc,heap     ] GC(66) y: Heap Statistics:
[2026-09-13T14:30:53.369-0400][582.461s][info][gc,heap     ] GC(66) y:                Mark Start          Mark End        Relocate Start      Relocate End           High               Low         
[2026-09-13T14:30:53.369-0400][582.461s][info][gc,heap     ] GC(66) y:  Capacity:    20328M (99%)       20328M (99%)       20328M (99%)       20328M (99%)       20328M (99%)       20328M (99%)    
[2026-09-13T14:30:53.369-0400][582.461s][info][gc,heap     ] GC(66) y:      Free:     9450M (46%)        9358M (45%)        9484M (46%)       12596M (61%)       12606M (61%)        9358M (45%)    
[2026-09-13T14:30:53.369-0400][582.461s][info][gc,heap     ] GC(66) y:      Used:    11126M (54%)       11218M (55%)       11092M (54%)        7980M (39%)       11218M (55%)        7970M (39%)    
[2026-09-13T14:30:53.369-0400][582.461s][info][gc,heap     ] GC(66) y: Young Generation Statistics:
[2026-09-13T14:30:53.369-0400][582.461s][info][gc,heap     ] GC(66) y:                Mark Start          Mark End        Relocate Start      Relocate End    
[2026-09-13T14:30:53.369-0400][582.461s][info][gc,heap     ] GC(66) y:      Used:     3406M (17%)        3498M (17%)        3326M (16%)         174M (1%)     
[2026-09-13T14:30:53.369-0400][582.461s][info][gc,heap     ] GC(66) y:      Live:         -                64M (0%)           20M (0%)            0M (0%)     
[2026-09-13T14:30:53.369-0400][582.461s][info][gc,heap     ] GC(66) y:   Garbage:         -              3341M (16%)        3207M (16%)           0M (0%)     
[2026-09-13T14:30:53.369-0400][582.461s][info][gc,heap     ] GC(66) y: Allocated:         -                92M (0%)           98M (0%)          173M (1%)     
[2026-09-13T14:30:53.369-0400][582.461s][info][gc,heap     ] GC(66) y: Reclaimed:         -                  -               134M (1%)         3341M (16%)    
[2026-09-13T14:30:53.369-0400][582.461s][info][gc,heap     ] GC(66) y:  Promoted:         -                  -                43M (0%)           63M (0%)     
[2026-09-13T14:30:53.369-0400][582.461s][info][gc,heap     ] GC(66) y: Compacted:         -                  -                  -                 0M (0%)     
[2026-09-13T14:30:53.369-0400][582.461s][info][gc,phases   ] GC(66) y: Young Generation 11126M(54%)->7980M(39%) 0.284s
[2026-09-13T14:30:53.369-0400][582.461s][info][gc          ] GC(66) Minor Collection (Allocation Rate) 11126M(54%)->7980M(39%) 0.284s
[2026-09-13T14:30:58.665-0400][587.756s][info][gc          ] GC(67) Minor Collection (Allocation Rate)
[2026-09-13T14:30:58.665-0400][587.757s][info][gc,task     ] GC(67) Using 2 Workers for Young Generation
[2026-09-13T14:30:58.665-0400][587.757s][info][gc,phases   ] GC(67) y: Young Generation
[2026-09-13T14:30:58.665-0400][587.757s][info][gc,phases   ] GC(67) y: Pause Mark Start 0.018ms
[2026-09-13T14:30:58.921-0400][588.013s][info][gc,phases   ] GC(67) y: Concurrent Mark 256.548ms
[2026-09-13T14:30:58.921-0400][588.013s][info][gc,phases   ] GC(67) y: Pause Mark End 0.017ms
[2026-09-13T14:30:58.921-0400][588.013s][info][gc,phases   ] GC(67) y: Concurrent Mark Free 0.013ms
[2026-09-13T14:30:58.923-0400][588.015s][info][gc,phases   ] GC(67) y: Concurrent Reset Relocation Set 1.358ms
[2026-09-13T14:30:58.924-0400][588.016s][info][gc,reloc    ] GC(67) y: Using tenuring threshold: 2 (Computed)
[2026-09-13T14:30:58.927-0400][588.019s][info][gc,phases   ] GC(67) y: Concurrent Select Relocation Set 3.885ms
[2026-09-13T14:30:58.927-0400][588.019s][info][gc,phases   ] GC(67) y: Pause Relocate Start 0.011ms
[2026-09-13T14:30:59.159-0400][588.251s][info][gc,phases   ] GC(67) y: Concurrent Relocate 232.230ms
[2026-09-13T14:30:59.159-0400][588.251s][info][gc,alloc    ] GC(67) y:                         Mark Start        Mark End      Relocate Start    Relocate End   
[2026-09-13T14:30:59.159-0400][588.251s][info][gc,alloc    ] GC(67) y: Allocation Stalls:          0                0                0                0         
[2026-09-13T14:30:59.159-0400][588.251s][info][gc,load     ] GC(67) y: Load: 0.00 (0%) / 0.00 (0%) / 0.00 (0%)
[2026-09-13T14:30:59.159-0400][588.251s][info][gc,mmu      ] GC(67) y: MMU: 2ms/96.9%, 5ms/98.8%, 10ms/99.4%, 20ms/99.6%, 50ms/99.9%, 100ms/99.9%
[2026-09-13T14:30:59.159-0400][588.251s][info][gc,marking  ] GC(67) y: Mark: 2 stripe(s), 2 proactive flush(es), 1 terminate flush(es), 0 completion(s), 0 continuation(s) 
[2026-09-13T14:30:59.159-0400][588.251s][info][gc,nmethod  ] GC(67) y: NMethods: 22123 registered, 15185 unregistered
[2026-09-13T14:30:59.159-0400][588.251s][info][gc,metaspace] GC(67) y: Metaspace: 575M used, 577M committed, 1472M reserved
[2026-09-13T14:30:59.159-0400][588.251s][info][gc,reloc    ] GC(67) y:                        Candidates     Selected     In-Place         Size        Empty    Relocated 
[2026-09-13T14:30:59.159-0400][588.251s][info][gc,reloc    ] GC(67) y: Small Pages:                 2985         2975            0        5970M           6M           9M 
[2026-09-13T14:30:59.159-0400][588.251s][info][gc,reloc    ] GC(67) y: Medium Pages:                   1            0            0          32M           0M           0M 
[2026-09-13T14:30:59.159-0400][588.251s][info][gc,reloc    ] GC(67) y: Large Pages:                    1            0            0          10M           0M           0M 
[2026-09-13T14:30:59.159-0400][588.251s][info][gc,reloc    ] GC(67) y: Forwarding Usage: 5M
[2026-09-13T14:30:59.159-0400][588.251s][info][gc,reloc    ] GC(67) y: Age Table:
[2026-09-13T14:30:59.159-0400][588.251s][info][gc,reloc    ] GC(67) y:                    Live             Garbage             Small              Medium             Large        
[2026-09-13T14:30:59.159-0400][588.251s][info][gc,reloc    ] GC(67) y: Eden              24M (0%)         5977M (29%)       2980 / 2971           1 / 0              1 / 0        
[2026-09-13T14:30:59.159-0400][588.251s][info][gc,reloc    ] GC(67) y: Survivor 1         0M (0%)            9M (0%)           5 / 4              0 / 0              0 / 0        
[2026-09-13T14:30:59.159-0400][588.251s][info][gc,heap     ] GC(67) y: Min Capacity: 256M(1%)
[2026-09-13T14:30:59.159-0400][588.252s][info][gc,heap     ] GC(67) y: Max Capacity: 20576M(100%)
[2026-09-13T14:30:59.159-0400][588.252s][info][gc,heap     ] GC(67) y: Soft Max Capacity: 20576M(100%)
[2026-09-13T14:30:59.159-0400][588.252s][info][gc,heap     ] GC(67) y: Heap Statistics:
[2026-09-13T14:30:59.159-0400][588.252s][info][gc,heap     ] GC(67) y:                Mark Start          Mark End        Relocate Start      Relocate End           High               Low         
[2026-09-13T14:30:59.159-0400][588.252s][info][gc,heap     ] GC(67) y:  Capacity:    20328M (99%)       20328M (99%)       20328M (99%)       20328M (99%)       20328M (99%)       20328M (99%)    
[2026-09-13T14:30:59.159-0400][588.252s][info][gc,heap     ] GC(67) y:      Free:     6758M (33%)        5882M (29%)        5870M (29%)       10928M (53%)       10932M (53%)        5808M (28%)    
[2026-09-13T14:30:59.159-0400][588.252s][info][gc,heap     ] GC(67) y:      Used:    13818M (67%)       14694M (71%)       14706M (71%)        9648M (47%)       14768M (72%)        9644M (47%)    
[2026-09-13T14:30:59.159-0400][588.252s][info][gc,heap     ] GC(67) y: Young Generation Statistics:
[2026-09-13T14:30:59.159-0400][588.252s][info][gc,heap     ] GC(67) y:                Mark Start          Mark End        Relocate Start      Relocate End    
[2026-09-13T14:30:59.159-0400][588.252s][info][gc,heap     ] GC(67) y:      Used:     6012M (29%)        6888M (33%)        6900M (34%)        1842M (9%)     
[2026-09-13T14:30:59.159-0400][588.252s][info][gc,heap     ] GC(67) y:      Live:         -                25M (0%)           25M (0%)           25M (0%)     
[2026-09-13T14:30:59.159-0400][588.252s][info][gc,heap     ] GC(67) y:   Garbage:         -              5986M (29%)        5980M (29%)          28M (0%)     
[2026-09-13T14:30:59.159-0400][588.252s][info][gc,heap     ] GC(67) y: Allocated:         -               876M (4%)          894M (4%)         1787M (9%)     
[2026-09-13T14:30:59.159-0400][588.252s][info][gc,heap     ] GC(67) y: Reclaimed:         -                  -                 6M (0%)         5957M (29%)    
[2026-09-13T14:30:59.159-0400][588.252s][info][gc,heap     ] GC(67) y:  Promoted:         -                  -                 0M (0%)            0M (0%)     
[2026-09-13T14:30:59.159-0400][588.252s][info][gc,heap     ] GC(67) y: Compacted:         -                  -                  -                10M (0%)     
[2026-09-13T14:30:59.159-0400][588.252s][info][gc,phases   ] GC(67) y: Young Generation 13818M(67%)->9648M(47%) 0.495s
[2026-09-13T14:30:59.159-0400][588.252s][info][gc          ] GC(67) Minor Collection (Allocation Rate) 13818M(67%)->9650M(47%) 0.495s
[2026-09-13T14:31:02.306-0400][591.398s][info][gc          ] GC(68) Minor Collection (Allocation Rate)
[2026-09-13T14:31:02.306-0400][591.398s][info][gc,task     ] GC(68) Using 2 Workers for Young Generation
[2026-09-13T14:31:02.306-0400][591.398s][info][gc,phases   ] GC(68) y: Young Generation
[2026-09-13T14:31:02.307-0400][591.399s][info][gc,phases   ] GC(68) y: Pause Mark Start 0.014ms
[2026-09-13T14:31:02.809-0400][591.902s][info][gc,phases   ] GC(68) y: Concurrent Mark 502.407ms
[2026-09-13T14:31:02.809-0400][591.902s][info][gc,phases   ] GC(68) y: Pause Mark End 0.015ms
[2026-09-13T14:31:02.809-0400][591.902s][info][gc,phases   ] GC(68) y: Concurrent Mark Free 0.005ms
[2026-09-13T14:31:02.809-0400][591.902s][info][gc,phases   ] GC(68) y: Concurrent Reset Relocation Set 0.062ms
[2026-09-13T14:31:02.810-0400][591.903s][info][gc,reloc    ] GC(68) y: Using tenuring threshold: 3 (Computed)
[2026-09-13T14:31:02.814-0400][591.907s][info][gc,phases   ] GC(68) y: Concurrent Select Relocation Set 5.008ms
[2026-09-13T14:31:02.815-0400][591.907s][info][gc,phases   ] GC(68) y: Pause Relocate Start 0.013ms
[2026-09-13T14:31:03.194-0400][592.287s][info][gc,phases   ] GC(68) y: Concurrent Relocate 379.827ms
[2026-09-13T14:31:03.194-0400][592.287s][info][gc,alloc    ] GC(68) y:                         Mark Start        Mark End      Relocate Start    Relocate End   
[2026-09-13T14:31:03.194-0400][592.287s][info][gc,alloc    ] GC(68) y: Allocation Stalls:          0                0                0                0         
[2026-09-13T14:31:03.194-0400][592.287s][info][gc,load     ] GC(68) y: Load: 0.00 (0%) / 0.00 (0%) / 0.00 (0%)
[2026-09-13T14:31:03.195-0400][592.287s][info][gc,mmu      ] GC(68) y: MMU: 2ms/96.9%, 5ms/98.8%, 10ms/99.4%, 20ms/99.6%, 50ms/99.9%, 100ms/99.9%
[2026-09-13T14:31:03.195-0400][592.287s][info][gc,marking  ] GC(68) y: Mark: 2 stripe(s), 3 proactive flush(es), 1 terminate flush(es), 0 completion(s), 0 continuation(s) 
[2026-09-13T14:31:03.195-0400][592.287s][info][gc,nmethod  ] GC(68) y: NMethods: 22137 registered, 15185 unregistered
[2026-09-13T14:31:03.195-0400][592.287s][info][gc,metaspace] GC(68) y: Metaspace: 575M used, 577M committed, 1472M reserved
[2026-09-13T14:31:03.195-0400][592.287s][info][gc,reloc    ] GC(68) y:                        Candidates     Selected     In-Place         Size        Empty    Relocated 
[2026-09-13T14:31:03.195-0400][592.287s][info][gc,reloc    ] GC(68) y: Small Pages:                 4438         4250            0        8876M          72M         211M 
[2026-09-13T14:31:03.195-0400][592.287s][info][gc,reloc    ] GC(68) y: Medium Pages:                  23           17            0         736M           0M         120M 
[2026-09-13T14:31:03.195-0400][592.287s][info][gc,reloc    ] GC(68) y: Large Pages:                   46            0            0         344M         180M           0M 
[2026-09-13T14:31:03.195-0400][592.287s][info][gc,reloc    ] GC(68) y: Forwarding Usage: 17M
[2026-09-13T14:31:03.195-0400][592.287s][info][gc,reloc    ] GC(68) y: Age Table:
[2026-09-13T14:31:03.195-0400][592.287s][info][gc,reloc    ] GC(68) y:                    Live             Garbage             Small              Medium             Large        
[2026-09-13T14:31:03.195-0400][592.287s][info][gc,reloc    ] GC(68) y: Eden             569M (3%)         9198M (45%)       4365 / 4186          22 / 17            45 / 0        
[2026-09-13T14:31:03.195-0400][592.287s][info][gc,reloc    ] GC(68) y: Survivor 1        24M (0%)           95M (0%)          39 / 32             1 / 0              1 / 0        
[2026-09-13T14:31:03.195-0400][592.287s][info][gc,reloc    ] GC(68) y: Survivor 2         0M (0%)           67M (0%)          34 / 32             0 / 0              0 / 0        
[2026-09-13T14:31:03.195-0400][592.287s][info][gc,heap     ] GC(68) y: Min Capacity: 256M(1%)
[2026-09-13T14:31:03.195-0400][592.288s][info][gc,heap     ] GC(68) y: Max Capacity: 20576M(100%)
[2026-09-13T14:31:03.195-0400][592.288s][info][gc,heap     ] GC(68) y: Soft Max Capacity: 20576M(100%)
[2026-09-13T14:31:03.195-0400][592.288s][info][gc,heap     ] GC(68) y: Heap Statistics:
[2026-09-13T14:31:03.195-0400][592.288s][info][gc,heap     ] GC(68) y:                Mark Start          Mark End        Relocate Start      Relocate End           High               Low         
[2026-09-13T14:31:03.195-0400][592.288s][info][gc,heap     ] GC(68) y:  Capacity:    20328M (99%)       20328M (99%)       20328M (99%)       20328M (99%)       20328M (99%)       20328M (99%)    
[2026-09-13T14:31:03.195-0400][592.288s][info][gc,heap     ] GC(68) y:      Free:     2814M (14%)        2092M (10%)        2340M (11%)       11160M (54%)       11160M (54%)        2090M (10%)    
[2026-09-13T14:31:03.195-0400][592.288s][info][gc,heap     ] GC(68) y:      Used:    17762M (86%)       18484M (90%)       18236M (89%)        9416M (46%)       18486M (90%)        9416M (46%)    
[2026-09-13T14:31:03.195-0400][592.288s][info][gc,heap     ] GC(68) y: Young Generation Statistics:
[2026-09-13T14:31:03.195-0400][592.288s][info][gc,heap     ] GC(68) y:                Mark Start          Mark End        Relocate Start      Relocate End    
[2026-09-13T14:31:03.195-0400][592.288s][info][gc,heap     ] GC(68) y:      Used:     9956M (48%)       10678M (52%)       10430M (51%)        1610M (8%)     
[2026-09-13T14:31:03.195-0400][592.288s][info][gc,heap     ] GC(68) y:      Live:         -               594M (3%)          594M (3%)          594M (3%)     
[2026-09-13T14:31:03.195-0400][592.288s][info][gc,heap     ] GC(68) y:   Garbage:         -              9361M (45%)        9109M (44%)           0M (0%)     
[2026-09-13T14:31:03.195-0400][592.288s][info][gc,heap     ] GC(68) y: Allocated:         -               722M (4%)          726M (4%)         1014M (5%)     
[2026-09-13T14:31:03.195-0400][592.288s][info][gc,heap     ] GC(68) y: Reclaimed:         -                  -               252M (1%)         9360M (45%)    
[2026-09-13T14:31:03.195-0400][592.288s][info][gc,heap     ] GC(68) y:  Promoted:         -                  -                 0M (0%)            0M (0%)     
[2026-09-13T14:31:03.195-0400][592.288s][info][gc,heap     ] GC(68) y: Compacted:         -                  -                  -               395M (2%)     
[2026-09-13T14:31:03.195-0400][592.288s][info][gc,phases   ] GC(68) y: Young Generation 17762M(86%)->9416M(46%) 0.890s
[2026-09-13T14:31:03.195-0400][592.288s][info][gc          ] GC(68) Minor Collection (Allocation Rate) 17762M(86%)->9416M(46%) 0.890s
[2026-09-13T14:31:06.745-0400][595.837s][info][gc          ] GC(69) Minor Collection (Allocation Rate)
[2026-09-13T14:31:06.745-0400][595.837s][info][gc,task     ] GC(69) Using 2 Workers for Young Generation
[2026-09-13T14:31:06.745-0400][595.837s][info][gc,phases   ] GC(69) y: Young Generation
[2026-09-13T14:31:06.745-0400][595.837s][info][gc,phases   ] GC(69) y: Pause Mark Start 0.012ms
[2026-09-13T14:31:07.002-0400][596.094s][info][gc,phases   ] GC(69) y: Concurrent Mark 255.989ms
[2026-09-13T14:31:07.002-0400][596.094s][info][gc,phases   ] GC(69) y: Pause Mark End 0.016ms
[2026-09-13T14:31:07.002-0400][596.094s][info][gc,phases   ] GC(69) y: Concurrent Mark Free 0.004ms
[2026-09-13T14:31:07.002-0400][596.094s][info][gc,phases   ] GC(69) y: Concurrent Reset Relocation Set 0.133ms
[2026-09-13T14:31:07.002-0400][596.094s][info][gc,reloc    ] GC(69) y: Using tenuring threshold: 4 (Computed)
[2026-09-13T14:31:07.003-0400][596.095s][info][gc,phases   ] GC(69) y: Concurrent Select Relocation Set 1.613ms
[2026-09-13T14:31:07.003-0400][596.096s][info][gc,phases   ] GC(69) y: Pause Relocate Start 0.009ms
[2026-09-13T14:31:07.108-0400][596.200s][info][gc,phases   ] GC(69) y: Concurrent Relocate 104.378ms
[2026-09-13T14:31:07.108-0400][596.200s][info][gc,alloc    ] GC(69) y:                         Mark Start        Mark End      Relocate Start    Relocate End   
[2026-09-13T14:31:07.108-0400][596.200s][info][gc,alloc    ] GC(69) y: Allocation Stalls:          0                0                0                0         
[2026-09-13T14:31:07.108-0400][596.200s][info][gc,load     ] GC(69) y: Load: 0.00 (0%) / 0.00 (0%) / 0.00 (0%)
[2026-09-13T14:31:07.108-0400][596.200s][info][gc,mmu      ] GC(69) y: MMU: 2ms/96.9%, 5ms/98.8%, 10ms/99.4%, 20ms/99.6%, 50ms/99.9%, 100ms/99.9%
[2026-09-13T14:31:07.108-0400][596.200s][info][gc,marking  ] GC(69) y: Mark: 2 stripe(s), 2 proactive flush(es), 1 terminate flush(es), 0 completion(s), 0 continuation(s) 
[2026-09-13T14:31:07.108-0400][596.200s][info][gc,nmethod  ] GC(69) y: NMethods: 22152 registered, 15185 unregistered
[2026-09-13T14:31:07.108-0400][596.200s][info][gc,metaspace] GC(69) y: Metaspace: 575M used, 577M committed, 1472M reserved
[2026-09-13T14:31:07.108-0400][596.200s][info][gc,reloc    ] GC(69) y:                        Candidates     Selected     In-Place         Size        Empty    Relocated 
[2026-09-13T14:31:07.108-0400][596.200s][info][gc,reloc    ] GC(69) y: Small Pages:                 1647         1224            0        3294M         376M         156M 
[2026-09-13T14:31:07.108-0400][596.200s][info][gc,reloc    ] GC(69) y: Medium Pages:                  16            7            0         512M          64M          14M 
[2026-09-13T14:31:07.108-0400][596.200s][info][gc,reloc    ] GC(69) y: Large Pages:                   31            0            0         330M         200M           0M 
[2026-09-13T14:31:07.108-0400][596.200s][info][gc,reloc    ] GC(69) y: Forwarding Usage: 11M
[2026-09-13T14:31:07.108-0400][596.200s][info][gc,reloc    ] GC(69) y: Age Table:
[2026-09-13T14:31:07.108-0400][596.200s][info][gc,reloc    ] GC(69) y:                    Live             Garbage             Small              Medium             Large        
[2026-09-13T14:31:07.108-0400][596.200s][info][gc,reloc    ] GC(69) y: Eden             199M (1%)         3266M (16%)       1506 / 1220           9 / 5             11 / 0        
[2026-09-13T14:31:07.108-0400][596.200s][info][gc,reloc    ] GC(69) y: Survivor 1       533M (3%)           44M (0%)         132 / 1              5 / 0             19 / 0        
[2026-09-13T14:31:07.108-0400][596.200s][info][gc,reloc    ] GC(69) y: Survivor 2        24M (0%)           63M (0%)           7 / 2              2 / 2              1 / 0        
[2026-09-13T14:31:07.108-0400][596.200s][info][gc,reloc    ] GC(69) y: Survivor 3         0M (0%)            3M (0%)           2 / 1              0 / 0              0 / 0        
[2026-09-13T14:31:07.108-0400][596.200s][info][gc,heap     ] GC(69) y: Min Capacity: 256M(1%)
[2026-09-13T14:31:07.108-0400][596.200s][info][gc,heap     ] GC(69) y: Max Capacity: 20576M(100%)
[2026-09-13T14:31:07.108-0400][596.200s][info][gc,heap     ] GC(69) y: Soft Max Capacity: 20576M(100%)
[2026-09-13T14:31:07.108-0400][596.200s][info][gc,heap     ] GC(69) y: Heap Statistics:
[2026-09-13T14:31:07.108-0400][596.200s][info][gc,heap     ] GC(69) y:                Mark Start          Mark End        Relocate Start      Relocate End           High               Low         
[2026-09-13T14:31:07.108-0400][596.200s][info][gc,heap     ] GC(69) y:  Capacity:    20328M (99%)       20328M (99%)       20328M (99%)       20328M (99%)       20328M (99%)       20328M (99%)    
[2026-09-13T14:31:07.108-0400][596.200s][info][gc,heap     ] GC(69) y:      Free:     8634M (42%)        8434M (41%)        9074M (44%)       11666M (57%)       11666M (57%)        8434M (41%)    
[2026-09-13T14:31:07.108-0400][596.200s][info][gc,heap     ] GC(69) y:      Used:    11942M (58%)       12142M (59%)       11502M (56%)        8910M (43%)       12142M (59%)        8910M (43%)    
[2026-09-13T14:31:07.108-0400][596.200s][info][gc,heap     ] GC(69) y: Young Generation Statistics:
[2026-09-13T14:31:07.108-0400][596.200s][info][gc,heap     ] GC(69) y:                Mark Start          Mark End        Relocate Start      Relocate End    
[2026-09-13T14:31:07.108-0400][596.200s][info][gc,heap     ] GC(69) y:      Used:     4136M (20%)        4336M (21%)        3696M (18%)        1104M (5%)     
[2026-09-13T14:31:07.108-0400][596.200s][info][gc,heap     ] GC(69) y:      Live:         -               757M (4%)          757M (4%)          757M (4%)     
[2026-09-13T14:31:07.108-0400][596.200s][info][gc,heap     ] GC(69) y:   Garbage:         -              3378M (16%)        2738M (13%)          23M (0%)     
[2026-09-13T14:31:07.108-0400][596.200s][info][gc,heap     ] GC(69) y: Allocated:         -               200M (1%)          200M (1%)          322M (2%)     
[2026-09-13T14:31:07.108-0400][596.200s][info][gc,heap     ] GC(69) y: Reclaimed:         -                  -               640M (3%)         3354M (16%)    
[2026-09-13T14:31:07.108-0400][596.200s][info][gc,heap     ] GC(69) y:  Promoted:         -                  -                 0M (0%)            0M (0%)     
[2026-09-13T14:31:07.108-0400][596.200s][info][gc,heap     ] GC(69) y: Compacted:         -                  -                  -               191M (1%)     
[2026-09-13T14:31:07.108-0400][596.200s][info][gc,phases   ] GC(69) y: Young Generation 11942M(58%)->8910M(43%) 0.363s
[2026-09-13T14:31:07.108-0400][596.200s][info][gc          ] GC(69) Minor Collection (Allocation Rate) 11942M(58%)->8910M(43%) 0.363s
[2026-09-13T14:31:13.564-0400][602.656s][info][gc          ] GC(70) Minor Collection (Allocation Rate)
[2026-09-13T14:31:13.564-0400][602.656s][info][gc,task     ] GC(70) Using 2 Workers for Young Generation
[2026-09-13T14:31:13.564-0400][602.656s][info][gc,phases   ] GC(70) y: Young Generation
[2026-09-13T14:31:13.564-0400][602.656s][info][gc,phases   ] GC(70) y: Pause Mark Start 0.012ms
[2026-09-13T14:31:13.889-0400][602.981s][info][gc,phases   ] GC(70) y: Concurrent Mark 324.952ms
[2026-09-13T14:31:13.889-0400][602.981s][info][gc,phases   ] GC(70) y: Pause Mark End 0.016ms
[2026-09-13T14:31:13.889-0400][602.981s][info][gc,phases   ] GC(70) y: Concurrent Mark Free 0.006ms
[2026-09-13T14:31:13.889-0400][602.981s][info][gc,phases   ] GC(70) y: Concurrent Reset Relocation Set 0.042ms
[2026-09-13T14:31:13.890-0400][602.982s][info][gc,reloc    ] GC(70) y: Using tenuring threshold: 3 (Computed)
[2026-09-13T14:31:13.904-0400][602.996s][info][gc,phases   ] GC(70) y: Concurrent Select Relocation Set 14.277ms
[2026-09-13T14:31:13.904-0400][602.996s][info][gc,phases   ] GC(70) y: Pause Relocate Start 0.011ms
[2026-09-13T14:31:14.061-0400][603.152s][info][gc,phases   ] GC(70) y: Concurrent Relocate 156.474ms
[2026-09-13T14:31:14.061-0400][603.152s][info][gc,alloc    ] GC(70) y:                         Mark Start        Mark End      Relocate Start    Relocate End   
[2026-09-13T14:31:14.061-0400][603.152s][info][gc,alloc    ] GC(70) y: Allocation Stalls:          0                0                0                0         
[2026-09-13T14:31:14.061-0400][603.152s][info][gc,load     ] GC(70) y: Load: 0.00 (0%) / 0.00 (0%) / 0.00 (0%)
[2026-09-13T14:31:14.061-0400][603.153s][info][gc,mmu      ] GC(70) y: MMU: 2ms/96.9%, 5ms/98.8%, 10ms/99.4%, 20ms/99.6%, 50ms/99.9%, 100ms/99.9%
[2026-09-13T14:31:14.061-0400][603.153s][info][gc,marking  ] GC(70) y: Mark: 2 stripe(s), 2 proactive flush(es), 1 terminate flush(es), 0 completion(s), 0 continuation(s) 
[2026-09-13T14:31:14.061-0400][603.153s][info][gc,nmethod  ] GC(70) y: NMethods: 22279 registered, 15185 unregistered
[2026-09-13T14:31:14.061-0400][603.153s][info][gc,metaspace] GC(70) y: Metaspace: 575M used, 578M committed, 1472M reserved
[2026-09-13T14:31:14.061-0400][603.153s][info][gc,reloc    ] GC(70) y:                        Candidates     Selected     In-Place         Size        Empty    Relocated 
[2026-09-13T14:31:14.061-0400][603.153s][info][gc,reloc    ] GC(70) y: Small Pages:                 2770         1658            0        5540M        1598M         135M 
[2026-09-13T14:31:14.061-0400][603.153s][info][gc,reloc    ] GC(70) y: Medium Pages:                  20            5            0         640M         192M          37M 
[2026-09-13T14:31:14.061-0400][603.153s][info][gc,reloc    ] GC(70) y: Large Pages:                   19            0            0         130M           0M           0M 
[2026-09-13T14:31:14.061-0400][603.153s][info][gc,reloc    ] GC(70) y: Forwarding Usage: 29M
[2026-09-13T14:31:14.061-0400][603.153s][info][gc,reloc    ] GC(70) y: Age Table:
[2026-09-13T14:31:14.061-0400][603.153s][info][gc,reloc    ] GC(70) y:                    Live             Garbage             Small              Medium             Large        
[2026-09-13T14:31:14.061-0400][603.153s][info][gc,reloc    ] GC(70) y: Eden             226M (1%)         5233M (25%)       2538 / 1650          12 / 3              0 / 0        
[2026-09-13T14:31:14.061-0400][603.153s][info][gc,reloc    ] GC(70) y: Survivor 1       189M (1%)           56M (0%)          91 / 3              2 / 1              0 / 0        
[2026-09-13T14:31:14.061-0400][603.153s][info][gc,reloc    ] GC(70) y: Survivor 2       532M (3%)           11M (0%)         132 / 2              5 / 0             18 / 0        
[2026-09-13T14:31:14.061-0400][603.153s][info][gc,reloc    ] GC(70) y: Survivor 3        23M (0%)           32M (0%)           7 / 2              1 / 1              1 / 0        
[2026-09-13T14:31:14.061-0400][603.153s][info][gc,reloc    ] GC(70) y: Survivor 4         0M (0%)            3M (0%)           2 / 1              0 / 0              0 / 0        
[2026-09-13T14:31:14.061-0400][603.153s][info][gc,heap     ] GC(70) y: Min Capacity: 256M(1%)
[2026-09-13T14:31:14.061-0400][603.153s][info][gc,heap     ] GC(70) y: Max Capacity: 20576M(100%)
[2026-09-13T14:31:14.061-0400][603.153s][info][gc,heap     ] GC(70) y: Soft Max Capacity: 20576M(100%)
[2026-09-13T14:31:14.061-0400][603.153s][info][gc,heap     ] GC(70) y: Heap Statistics:
[2026-09-13T14:31:14.061-0400][603.153s][info][gc,heap     ] GC(70) y:                Mark Start          Mark End        Relocate Start      Relocate End           High               Low         
[2026-09-13T14:31:14.061-0400][603.153s][info][gc,heap     ] GC(70) y:  Capacity:    20328M (99%)       20328M (99%)       20328M (99%)       20328M (99%)       20328M (99%)       20328M (99%)    
[2026-09-13T14:31:14.061-0400][603.153s][info][gc,heap     ] GC(70) y:      Free:     6460M (31%)        5858M (28%)        7614M (37%)       10490M (51%)       10526M (51%)        5858M (28%)    
[2026-09-13T14:31:14.061-0400][603.153s][info][gc,heap     ] GC(70) y:      Used:    14116M (69%)       14718M (72%)       12962M (63%)       10086M (49%)       14718M (72%)       10050M (49%)    
[2026-09-13T14:31:14.061-0400][603.153s][info][gc,heap     ] GC(70) y: Young Generation Statistics:
[2026-09-13T14:31:14.061-0400][603.153s][info][gc,heap     ] GC(70) y:                Mark Start          Mark End        Relocate Start      Relocate End    
[2026-09-13T14:31:14.061-0400][603.153s][info][gc,heap     ] GC(70) y:      Used:     6310M (31%)        6912M (34%)        5136M (25%)        2224M (11%)    
[2026-09-13T14:31:14.061-0400][603.153s][info][gc,heap     ] GC(70) y:      Live:         -               972M (5%)          953M (5%)          948M (5%)     
[2026-09-13T14:31:14.061-0400][603.153s][info][gc,heap     ] GC(70) y:   Garbage:         -              5337M (26%)        3546M (17%)          35M (0%)     
[2026-09-13T14:31:14.061-0400][603.153s][info][gc,heap     ] GC(70) y: Allocated:         -               602M (3%)          636M (3%)         1239M (6%)     
[2026-09-13T14:31:14.061-0400][603.153s][info][gc,heap     ] GC(70) y: Reclaimed:         -                  -              1791M (9%)         5302M (26%)    
[2026-09-13T14:31:14.061-0400][603.153s][info][gc,heap     ] GC(70) y:  Promoted:         -                  -                18M (0%)           23M (0%)     
[2026-09-13T14:31:14.061-0400][603.153s][info][gc,heap     ] GC(70) y: Compacted:         -                  -                  -               206M (1%)     
[2026-09-13T14:31:14.061-0400][603.153s][info][gc,phases   ] GC(70) y: Young Generation 14116M(69%)->10086M(49%) 0.496s
[2026-09-13T14:31:14.061-0400][603.153s][info][gc          ] GC(70) Minor Collection (Allocation Rate) 14116M(69%)->10088M(49%) 0.497s
[2026-09-13T14:31:19.538-0400][608.629s][info][gc          ] GC(71) Minor Collection (Allocation Rate)
[2026-09-13T14:31:19.538-0400][608.630s][info][gc,task     ] GC(71) Using 2 Workers for Young Generation
[2026-09-13T14:31:19.538-0400][608.630s][info][gc,phases   ] GC(71) y: Young Generation
[2026-09-13T14:31:19.538-0400][608.630s][info][gc,phases   ] GC(71) y: Pause Mark Start 0.012ms
[2026-09-13T14:31:20.031-0400][609.123s][info][gc,phases   ] GC(71) y: Concurrent Mark 493.180ms
[2026-09-13T14:31:20.031-0400][609.123s][info][gc,phases   ] GC(71) y: Pause Mark End 0.020ms
[2026-09-13T14:31:20.031-0400][609.123s][info][gc,phases   ] GC(71) y: Concurrent Mark Free 0.005ms
[2026-09-13T14:31:20.032-0400][609.123s][info][gc,phases   ] GC(71) y: Concurrent Reset Relocation Set 0.385ms
[2026-09-13T14:31:20.032-0400][609.125s][info][gc,reloc    ] GC(71) y: Using tenuring threshold: 2 (Computed)
[2026-09-13T14:31:20.092-0400][609.185s][info][gc,phases   ] GC(71) y: Concurrent Select Relocation Set 61.563ms
[2026-09-13T14:31:20.093-0400][609.185s][info][gc,phases   ] GC(71) y: Pause Relocate Start 0.010ms
[2026-09-13T14:31:20.288-0400][609.380s][info][gc,phases   ] GC(71) y: Concurrent Relocate 195.165ms
[2026-09-13T14:31:20.288-0400][609.380s][info][gc,alloc    ] GC(71) y:                         Mark Start        Mark End      Relocate Start    Relocate End   
[2026-09-13T14:31:20.288-0400][609.380s][info][gc,alloc    ] GC(71) y: Allocation Stalls:          0                0                0                0         
[2026-09-13T14:31:20.288-0400][609.380s][info][gc,load     ] GC(71) y: Load: 0.00 (0%) / 0.00 (0%) / 0.00 (0%)
[2026-09-13T14:31:20.288-0400][609.380s][info][gc,mmu      ] GC(71) y: MMU: 2ms/96.9%, 5ms/98.8%, 10ms/99.4%, 20ms/99.6%, 50ms/99.9%, 100ms/99.9%
[2026-09-13T14:31:20.288-0400][609.381s][info][gc,marking  ] GC(71) y: Mark: 2 stripe(s), 2 proactive flush(es), 1 terminate flush(es), 0 completion(s), 0 continuation(s) 
[2026-09-13T14:31:20.288-0400][609.381s][info][gc,nmethod  ] GC(71) y: NMethods: 22821 registered, 15185 unregistered
[2026-09-13T14:31:20.288-0400][609.381s][info][gc,metaspace] GC(71) y: Metaspace: 577M used, 580M committed, 1472M reserved
[2026-09-13T14:31:20.288-0400][609.381s][info][gc,reloc    ] GC(71) y:                        Candidates     Selected     In-Place         Size        Empty    Relocated 
[2026-09-13T14:31:20.288-0400][609.381s][info][gc,reloc    ] GC(71) y: Small Pages:                 3921         1548            0        7842M        3994M         121M 
[2026-09-13T14:31:20.288-0400][609.381s][info][gc,reloc    ] GC(71) y: Medium Pages:                  15            1            0         480M         160M          16M 
[2026-09-13T14:31:20.288-0400][609.381s][info][gc,reloc    ] GC(71) y: Large Pages:                   18            0            0         120M           0M           0M 
[2026-09-13T14:31:20.288-0400][609.381s][info][gc,reloc    ] GC(71) y: Forwarding Usage: 62M
[2026-09-13T14:31:20.289-0400][609.381s][info][gc,reloc    ] GC(71) y: Age Table:
[2026-09-13T14:31:20.289-0400][609.381s][info][gc,reloc    ] GC(71) y:                    Live             Garbage             Small              Medium             Large        
[2026-09-13T14:31:20.289-0400][609.381s][info][gc,reloc    ] GC(71) y: Eden             144M (1%)         7255M (35%)       3620 / 1543           5 / 0              0 / 0        
[2026-09-13T14:31:20.289-0400][609.381s][info][gc,reloc    ] GC(71) y: Survivor 1       206M (1%)           87M (0%)          83 / 4              4 / 1              0 / 0        
[2026-09-13T14:31:20.289-0400][609.381s][info][gc,reloc    ] GC(71) y: Survivor 2       189M (1%)           18M (0%)          88 / 1              1 / 0              0 / 0        
[2026-09-13T14:31:20.289-0400][609.381s][info][gc,reloc    ] GC(71) y: Survivor 3       532M (3%)            7M (0%)         130 / 0              5 / 0             18 / 0        
[2026-09-13T14:31:20.289-0400][609.381s][info][gc,heap     ] GC(71) y: Min Capacity: 256M(1%)
[2026-09-13T14:31:20.289-0400][609.381s][info][gc,heap     ] GC(71) y: Max Capacity: 20576M(100%)
[2026-09-13T14:31:20.289-0400][609.381s][info][gc,heap     ] GC(71) y: Soft Max Capacity: 20576M(100%)
[2026-09-13T14:31:20.289-0400][609.381s][info][gc,heap     ] GC(71) y: Heap Statistics:
[2026-09-13T14:31:20.289-0400][609.381s][info][gc,heap     ] GC(71) y:                Mark Start          Mark End        Relocate Start      Relocate End           High               Low         
[2026-09-13T14:31:20.289-0400][609.381s][info][gc,heap     ] GC(71) y:  Capacity:    20328M (99%)       20328M (99%)       20328M (99%)       20328M (99%)       20328M (99%)       20328M (99%)    
[2026-09-13T14:31:20.289-0400][609.381s][info][gc,heap     ] GC(71) y:      Free:     4272M (21%)        3492M (17%)        7602M (37%)       10528M (51%)       10542M (51%)        3492M (17%)    
[2026-09-13T14:31:20.289-0400][609.381s][info][gc,heap     ] GC(71) y:      Used:    16304M (79%)       17084M (83%)       12974M (63%)       10048M (49%)       17084M (83%)       10034M (49%)    
[2026-09-13T14:31:20.289-0400][609.381s][info][gc,heap     ] GC(71) y: Young Generation Statistics:
[2026-09-13T14:31:20.289-0400][609.381s][info][gc,heap     ] GC(71) y:                Mark Start          Mark End        Relocate Start      Relocate End    
[2026-09-13T14:31:20.289-0400][609.381s][info][gc,heap     ] GC(71) y:      Used:     8442M (41%)        9222M (45%)        4366M (21%)        1438M (7%)     
[2026-09-13T14:31:20.289-0400][609.381s][info][gc,heap     ] GC(71) y:      Live:         -              1073M (5%)          350M (2%)          350M (2%)     
[2026-09-13T14:31:20.289-0400][609.381s][info][gc,heap     ] GC(71) y:   Garbage:         -              7368M (36%)        3191M (16%)          28M (0%)     
[2026-09-13T14:31:20.289-0400][609.381s][info][gc,heap     ] GC(71) y: Allocated:         -               780M (4%)          824M (4%)         1058M (5%)     
[2026-09-13T14:31:20.289-0400][609.381s][info][gc,heap     ] GC(71) y: Reclaimed:         -                  -              4177M (20%)        7340M (36%)    
[2026-09-13T14:31:20.289-0400][609.381s][info][gc,heap     ] GC(71) y:  Promoted:         -                  -               722M (4%)          722M (4%)     
[2026-09-13T14:31:20.289-0400][609.381s][info][gc,heap     ] GC(71) y: Compacted:         -                  -                  -               163M (1%)     
[2026-09-13T14:31:20.289-0400][609.381s][info][gc,phases   ] GC(71) y: Young Generation 16304M(79%)->10048M(49%) 0.751s
[2026-09-13T14:31:20.289-0400][609.381s][info][gc          ] GC(71) Minor Collection (Allocation Rate) 16304M(79%)->10048M(49%) 0.751s
[2026-09-13T14:31:23.507-0400][612.600s][info][gc          ] GC(72) Minor Collection (Allocation Rate)
[2026-09-13T14:31:23.507-0400][612.600s][info][gc,task     ] GC(72) Using 1 Workers for Young Generation
[2026-09-13T14:31:23.507-0400][612.600s][info][gc,phases   ] GC(72) y: Young Generation
[2026-09-13T14:31:23.507-0400][612.600s][info][gc,phases   ] GC(72) y: Pause Mark Start 0.011ms
[2026-09-13T14:31:24.370-0400][613.463s][info][gc,phases   ] GC(72) y: Concurrent Mark 862.179ms
[2026-09-13T14:31:24.370-0400][613.463s][info][gc,phases   ] GC(72) y: Pause Mark End 0.016ms
[2026-09-13T14:31:24.370-0400][613.463s][info][gc,phases   ] GC(72) y: Concurrent Mark Free 0.004ms
[2026-09-13T14:31:24.375-0400][613.468s][info][gc,phases   ] GC(72) y: Concurrent Reset Relocation Set 4.808ms
[2026-09-13T14:31:24.376-0400][613.468s][info][gc,reloc    ] GC(72) y: Using tenuring threshold: 3 (Computed)
[2026-09-13T14:31:24.381-0400][613.473s][info][gc,phases   ] GC(72) y: Concurrent Select Relocation Set 5.466ms
[2026-09-13T14:31:24.381-0400][613.473s][info][gc,phases   ] GC(72) y: Pause Relocate Start 0.011ms
[2026-09-13T14:31:24.582-0400][613.674s][info][gc,phases   ] GC(72) y: Concurrent Relocate 200.686ms
[2026-09-13T14:31:24.582-0400][613.674s][info][gc,alloc    ] GC(72) y:                         Mark Start        Mark End      Relocate Start    Relocate End   
[2026-09-13T14:31:24.582-0400][613.674s][info][gc,alloc    ] GC(72) y: Allocation Stalls:          0                0                0                0         
[2026-09-13T14:31:24.582-0400][613.674s][info][gc,load     ] GC(72) y: Load: 0.00 (0%) / 0.00 (0%) / 0.00 (0%)
[2026-09-13T14:31:24.582-0400][613.674s][info][gc,mmu      ] GC(72) y: MMU: 2ms/96.9%, 5ms/98.8%, 10ms/99.4%, 20ms/99.6%, 50ms/99.9%, 100ms/99.9%
[2026-09-13T14:31:24.582-0400][613.674s][info][gc,marking  ] GC(72) y: Mark: 1 stripe(s), 2 proactive flush(es), 1 terminate flush(es), 0 completion(s), 0 continuation(s) 
[2026-09-13T14:31:24.582-0400][613.674s][info][gc,nmethod  ] GC(72) y: NMethods: 24326 registered, 15185 unregistered
[2026-09-13T14:31:24.582-0400][613.674s][info][gc,metaspace] GC(72) y: Metaspace: 580M used, 583M committed, 1472M reserved
[2026-09-13T14:31:24.582-0400][613.674s][info][gc,reloc    ] GC(72) y:                        Candidates     Selected     In-Place         Size        Empty    Relocated 
[2026-09-13T14:31:24.582-0400][613.674s][info][gc,reloc    ] GC(72) y: Small Pages:                 2128         1376            0        4256M        1102M          77M 
[2026-09-13T14:31:24.582-0400][613.674s][info][gc,reloc    ] GC(72) y: Medium Pages:                  10            3            0         320M         128M          23M 
[2026-09-13T14:31:24.582-0400][613.674s][info][gc,reloc    ] GC(72) y: Large Pages:                    0            0            0           0M           0M           0M 
[2026-09-13T14:31:24.582-0400][613.674s][info][gc,reloc    ] GC(72) y: Forwarding Usage: 38M
[2026-09-13T14:31:24.582-0400][613.674s][info][gc,reloc    ] GC(72) y: Age Table:
[2026-09-13T14:31:24.582-0400][613.674s][info][gc,reloc    ] GC(72) y:                    Live             Garbage             Small              Medium             Large        
[2026-09-13T14:31:24.582-0400][613.674s][info][gc,reloc    ] GC(72) y: Eden              97M (0%)         4008M (19%)       1973 / 1371           5 / 1              0 / 0        
[2026-09-13T14:31:24.582-0400][613.674s][info][gc,reloc    ] GC(72) y: Survivor 1       141M (1%)           72M (0%)          75 / 3              2 / 1              0 / 0        
[2026-09-13T14:31:24.582-0400][613.674s][info][gc,reloc    ] GC(72) y: Survivor 2       206M (1%)           49M (0%)          80 / 2              3 / 1              0 / 0        
[2026-09-13T14:31:24.582-0400][613.674s][info][gc,heap     ] GC(72) y: Min Capacity: 256M(1%)
[2026-09-13T14:31:24.582-0400][613.674s][info][gc,heap     ] GC(72) y: Max Capacity: 20576M(100%)
[2026-09-13T14:31:24.582-0400][613.674s][info][gc,heap     ] GC(72) y: Soft Max Capacity: 20576M(100%)
[2026-09-13T14:31:24.582-0400][613.674s][info][gc,heap     ] GC(72) y: Heap Statistics:
[2026-09-13T14:31:24.582-0400][613.674s][info][gc,heap     ] GC(72) y:                Mark Start          Mark End        Relocate Start      Relocate End           High               Low         
[2026-09-13T14:31:24.582-0400][613.674s][info][gc,heap     ] GC(72) y:  Capacity:    20328M (99%)       20328M (99%)       20328M (99%)       20328M (99%)       20328M (99%)       20328M (99%)    
[2026-09-13T14:31:24.582-0400][613.674s][info][gc,heap     ] GC(72) y:      Free:     7390M (36%)        6376M (31%)        7600M (37%)       10126M (49%)       10132M (49%)        6372M (31%)    
[2026-09-13T14:31:24.582-0400][613.674s][info][gc,heap     ] GC(72) y:      Used:    13186M (64%)       14200M (69%)       12976M (63%)       10450M (51%)       14204M (69%)       10444M (51%)    
[2026-09-13T14:31:24.582-0400][613.674s][info][gc,heap     ] GC(72) y: Young Generation Statistics:
[2026-09-13T14:31:24.582-0400][613.674s][info][gc,heap     ] GC(72) y:                Mark Start          Mark End        Relocate Start      Relocate End    
[2026-09-13T14:31:24.582-0400][613.674s][info][gc,heap     ] GC(72) y:      Used:     4576M (22%)        5590M (27%)        4366M (21%)        1840M (9%)     
[2026-09-13T14:31:24.582-0400][613.674s][info][gc,heap     ] GC(72) y:      Live:         -               445M (2%)          445M (2%)          445M (2%)     
[2026-09-13T14:31:24.582-0400][613.674s][info][gc,heap     ] GC(72) y:   Garbage:         -              4130M (20%)        2900M (14%)          32M (0%)     
[2026-09-13T14:31:24.582-0400][613.674s][info][gc,heap     ] GC(72) y: Allocated:         -              1014M (5%)         1020M (5%)         1361M (7%)     
[2026-09-13T14:31:24.582-0400][613.674s][info][gc,heap     ] GC(72) y: Reclaimed:         -                  -              1230M (6%)         4097M (20%)    
[2026-09-13T14:31:24.582-0400][613.674s][info][gc,heap     ] GC(72) y:  Promoted:         -                  -                 0M (0%)            0M (0%)     
[2026-09-13T14:31:24.582-0400][613.674s][info][gc,heap     ] GC(72) y: Compacted:         -                  -                  -               118M (1%)     
[2026-09-13T14:31:24.582-0400][613.674s][info][gc,phases   ] GC(72) y: Young Generation 13186M(64%)->10450M(51%) 1.074s
[2026-09-13T14:31:24.582-0400][613.674s][info][gc          ] GC(72) Minor Collection (Allocation Rate) 13184M(64%)->10450M(51%) 1.074s
[2026-09-13T14:31:27.936-0400][617.028s][info][gc          ] GC(73) Minor Collection (Allocation Rate)
[2026-09-13T14:31:27.936-0400][617.028s][info][gc,task     ] GC(73) Using 1 Workers for Young Generation
[2026-09-13T14:31:27.936-0400][617.028s][info][gc,phases   ] GC(73) y: Young Generation
[2026-09-13T14:31:27.936-0400][617.028s][info][gc,phases   ] GC(73) y: Pause Mark Start 0.011ms
[2026-09-13T14:31:28.768-0400][617.861s][info][gc,phases   ] GC(73) y: Concurrent Mark 832.432ms
[2026-09-13T14:31:28.768-0400][617.861s][info][gc,phases   ] GC(73) y: Pause Mark End 0.031ms
[2026-09-13T14:31:28.769-0400][617.861s][info][gc,phases   ] GC(73) y: Concurrent Mark Free 0.014ms
[2026-09-13T14:31:28.769-0400][617.861s][info][gc,phases   ] GC(73) y: Concurrent Reset Relocation Set 0.052ms
[2026-09-13T14:31:28.770-0400][617.862s][info][gc,reloc    ] GC(73) y: Using tenuring threshold: 1 (Computed)
[2026-09-13T14:31:28.944-0400][618.037s][info][gc,phases   ] GC(73) y: Concurrent Select Relocation Set 175.954ms
[2026-09-13T14:31:28.944-0400][618.037s][info][gc,phases   ] GC(73) y: Pause Relocate Start 0.011ms
[2026-09-13T14:31:29.328-0400][618.421s][info][gc,phases   ] GC(73) y: Concurrent Relocate 383.473ms
[2026-09-13T14:31:29.328-0400][618.421s][info][gc,alloc    ] GC(73) y:                         Mark Start        Mark End      Relocate Start    Relocate End   
[2026-09-13T14:31:29.328-0400][618.421s][info][gc,alloc    ] GC(73) y: Allocation Stalls:          0                0                0                0         
[2026-09-13T14:31:29.328-0400][618.421s][info][gc,load     ] GC(73) y: Load: 0.00 (0%) / 0.00 (0%) / 0.00 (0%)
[2026-09-13T14:31:29.328-0400][618.421s][info][gc,mmu      ] GC(73) y: MMU: 2ms/96.9%, 5ms/98.8%, 10ms/99.4%, 20ms/99.6%, 50ms/99.9%, 100ms/99.9%
[2026-09-13T14:31:29.328-0400][618.421s][info][gc,marking  ] GC(73) y: Mark: 1 stripe(s), 2 proactive flush(es), 1 terminate flush(es), 0 completion(s), 0 continuation(s) 
[2026-09-13T14:31:29.328-0400][618.421s][info][gc,nmethod  ] GC(73) y: NMethods: 24382 registered, 15185 unregistered
[2026-09-13T14:31:29.328-0400][618.421s][info][gc,metaspace] GC(73) y: Metaspace: 580M used, 583M committed, 1472M reserved
[2026-09-13T14:31:29.328-0400][618.421s][info][gc,reloc    ] GC(73) y:                        Candidates     Selected     In-Place         Size        Empty    Relocated 
[2026-09-13T14:31:29.328-0400][618.421s][info][gc,reloc    ] GC(73) y: Small Pages:                 3119         1222            0        6238M        3354M          47M 
[2026-09-13T14:31:29.328-0400][618.421s][info][gc,reloc    ] GC(73) y: Medium Pages:                   8            4            0         256M          32M          24M 
[2026-09-13T14:31:29.328-0400][618.421s][info][gc,reloc    ] GC(73) y: Large Pages:                    0            0            0           0M           0M           0M 
[2026-09-13T14:31:29.328-0400][618.421s][info][gc,reloc    ] GC(73) y: Forwarding Usage: 17M
[2026-09-13T14:31:29.328-0400][618.421s][info][gc,reloc    ] GC(73) y: Age Table:
[2026-09-13T14:31:29.328-0400][618.421s][info][gc,reloc    ] GC(73) y:                    Live             Garbage             Small              Medium             Large        
[2026-09-13T14:31:29.328-0400][618.421s][info][gc,reloc    ] GC(73) y: Eden              48M (0%)         5817M (28%)       2917 / 1213           1 / 1              0 / 0        
[2026-09-13T14:31:29.328-0400][618.421s][info][gc,reloc    ] GC(73) y: Survivor 1        91M (0%)           74M (0%)          51 / 6              2 / 1              0 / 0        
[2026-09-13T14:31:29.328-0400][618.421s][info][gc,reloc    ] GC(73) y: Survivor 2       140M (1%)           67M (0%)          72 / 2              2 / 1              0 / 0        
[2026-09-13T14:31:29.328-0400][618.421s][info][gc,reloc    ] GC(73) y: Survivor 3       206M (1%)           47M (0%)          79 / 1              3 / 1              0 / 0        
[2026-09-13T14:31:29.328-0400][618.421s][info][gc,heap     ] GC(73) y: Min Capacity: 256M(1%)
[2026-09-13T14:31:29.328-0400][618.421s][info][gc,heap     ] GC(73) y: Max Capacity: 20576M(100%)
[2026-09-13T14:31:29.328-0400][618.421s][info][gc,heap     ] GC(73) y: Soft Max Capacity: 20576M(100%)
[2026-09-13T14:31:29.328-0400][618.421s][info][gc,heap     ] GC(73) y: Heap Statistics:
[2026-09-13T14:31:29.328-0400][618.421s][info][gc,heap     ] GC(73) y:                Mark Start          Mark End        Relocate Start      Relocate End           High               Low         
[2026-09-13T14:31:29.328-0400][618.421s][info][gc,heap     ] GC(73) y:  Capacity:    20328M (99%)       20328M (99%)       20328M (99%)       20328M (99%)       20328M (99%)       20328M (99%)    
[2026-09-13T14:31:29.328-0400][618.421s][info][gc,heap     ] GC(73) y:      Free:     5472M (27%)        4064M (20%)        7026M (34%)        8662M (42%)        9226M (45%)        4064M (20%)    
[2026-09-13T14:31:29.328-0400][618.421s][info][gc,heap     ] GC(73) y:      Used:    15104M (73%)       16512M (80%)       13550M (66%)       11914M (58%)       16512M (80%)       11350M (55%)    
[2026-09-13T14:31:29.328-0400][618.421s][info][gc,heap     ] GC(73) y: Young Generation Statistics:
[2026-09-13T14:31:29.328-0400][618.421s][info][gc,heap     ] GC(73) y:                Mark Start          Mark End        Relocate Start      Relocate End    
[2026-09-13T14:31:29.328-0400][618.421s][info][gc,heap     ] GC(73) y:      Used:     6494M (32%)        7902M (38%)        4494M (22%)        2822M (14%)    
[2026-09-13T14:31:29.328-0400][618.421s][info][gc,heap     ] GC(73) y:      Live:         -               488M (2%)           76M (0%)           48M (0%)     
[2026-09-13T14:31:29.328-0400][618.421s][info][gc,heap     ] GC(73) y:   Garbage:         -              6005M (29%)        2585M (13%)           0M (0%)     
[2026-09-13T14:31:29.328-0400][618.421s][info][gc,heap     ] GC(73) y: Allocated:         -              1408M (7%)         1832M (9%)         2773M (13%)    
[2026-09-13T14:31:29.328-0400][618.421s][info][gc,heap     ] GC(73) y: Reclaimed:         -                  -              3420M (17%)        6005M (29%)    
[2026-09-13T14:31:29.328-0400][618.421s][info][gc,heap     ] GC(73) y:  Promoted:         -                  -               411M (2%)          439M (2%)     
[2026-09-13T14:31:29.328-0400][618.421s][info][gc,heap     ] GC(73) y: Compacted:         -                  -                  -                48M (0%)     
[2026-09-13T14:31:29.328-0400][618.421s][info][gc,phases   ] GC(73) y: Young Generation 15104M(73%)->11914M(58%) 1.393s
[2026-09-13T14:31:29.328-0400][618.421s][info][gc          ] GC(73) Minor Collection (Allocation Rate) 15104M(73%)->11914M(58%) 1.393s
[2026-09-13T14:31:30.188-0400][619.280s][info][gc          ] GC(74) Minor Collection (Allocation Rate)
[2026-09-13T14:31:30.188-0400][619.280s][info][gc,task     ] GC(74) Using 1 Workers for Young Generation
[2026-09-13T14:31:30.188-0400][619.280s][info][gc,phases   ] GC(74) y: Young Generation
[2026-09-13T14:31:30.188-0400][619.281s][info][gc,phases   ] GC(74) y: Pause Mark Start 0.017ms
[2026-09-13T14:31:30.473-0400][619.565s][info][gc,phases   ] GC(74) y: Concurrent Mark 284.532ms
[2026-09-13T14:31:30.473-0400][619.565s][info][gc,phases   ] GC(74) y: Pause Mark End 0.015ms
[2026-09-13T14:31:30.473-0400][619.565s][info][gc,phases   ] GC(74) y: Concurrent Mark Free 0.003ms
[2026-09-13T14:31:30.478-0400][619.570s][info][gc,phases   ] GC(74) y: Concurrent Reset Relocation Set 4.738ms
[2026-09-13T14:31:30.479-0400][619.571s][info][gc,reloc    ] GC(74) y: Using tenuring threshold: 2 (Computed)
[2026-09-13T14:31:30.481-0400][619.572s][info][gc,phases   ] GC(74) y: Concurrent Select Relocation Set 2.278ms
[2026-09-13T14:31:30.481-0400][619.572s][info][gc,phases   ] GC(74) y: Pause Relocate Start 0.009ms
[2026-09-13T14:31:30.542-0400][619.634s][info][gc,phases   ] GC(74) y: Concurrent Relocate 61.922ms
[2026-09-13T14:31:30.542-0400][619.634s][info][gc,alloc    ] GC(74) y:                         Mark Start        Mark End      Relocate Start    Relocate End   
[2026-09-13T14:31:30.542-0400][619.634s][info][gc,alloc    ] GC(74) y: Allocation Stalls:          0                0                0                0         
[2026-09-13T14:31:30.542-0400][619.635s][info][gc,load     ] GC(74) y: Load: 0.00 (0%) / 0.00 (0%) / 0.00 (0%)
[2026-09-13T14:31:30.542-0400][619.635s][info][gc,mmu      ] GC(74) y: MMU: 2ms/96.9%, 5ms/98.8%, 10ms/99.4%, 20ms/99.6%, 50ms/99.9%, 100ms/99.9%
[2026-09-13T14:31:30.542-0400][619.635s][info][gc,marking  ] GC(74) y: Mark: 1 stripe(s), 2 proactive flush(es), 1 terminate flush(es), 0 completion(s), 0 continuation(s) 
[2026-09-13T14:31:30.542-0400][619.635s][info][gc,nmethod  ] GC(74) y: NMethods: 24398 registered, 15185 unregistered
[2026-09-13T14:31:30.542-0400][619.635s][info][gc,metaspace] GC(74) y: Metaspace: 580M used, 583M committed, 1472M reserved
[2026-09-13T14:31:30.542-0400][619.635s][info][gc,reloc    ] GC(74) y:                        Candidates     Selected     In-Place         Size        Empty    Relocated 
[2026-09-13T14:31:30.542-0400][619.635s][info][gc,reloc    ] GC(74) y: Small Pages:                 2318          600            0        4636M        3362M          24M 
[2026-09-13T14:31:30.543-0400][619.635s][info][gc,reloc    ] GC(74) y: Medium Pages:                   2            1            0          64M           0M           1M 
[2026-09-13T14:31:30.543-0400][619.635s][info][gc,reloc    ] GC(74) y: Large Pages:                    0            0            0           0M           0M           0M 
[2026-09-13T14:31:30.543-0400][619.635s][info][gc,reloc    ] GC(74) y: Forwarding Usage: 9M
[2026-09-13T14:31:30.543-0400][619.635s][info][gc,reloc    ] GC(74) y: Age Table:
[2026-09-13T14:31:30.543-0400][619.635s][info][gc,reloc    ] GC(74) y:                    Live             Garbage             Small              Medium             Large        
[2026-09-13T14:31:30.543-0400][619.635s][info][gc,reloc    ] GC(74) y: Eden              23M (0%)         4562M (22%)       2293 / 598            0 / 0              0 / 0        
[2026-09-13T14:31:30.543-0400][619.635s][info][gc,reloc    ] GC(74) y: Survivor 1        46M (0%)           67M (0%)          25 / 2              2 / 1              0 / 0        
[2026-09-13T14:31:30.543-0400][619.635s][info][gc,heap     ] GC(74) y: Min Capacity: 256M(1%)
[2026-09-13T14:31:30.543-0400][619.635s][info][gc,heap     ] GC(74) y: Max Capacity: 20576M(100%)
[2026-09-13T14:31:30.543-0400][619.635s][info][gc,heap     ] GC(74) y: Soft Max Capacity: 20576M(100%)
[2026-09-13T14:31:30.543-0400][619.635s][info][gc,heap     ] GC(74) y: Heap Statistics:
[2026-09-13T14:31:30.543-0400][619.635s][info][gc,heap     ] GC(74) y:                Mark Start          Mark End        Relocate Start      Relocate End           High               Low         
[2026-09-13T14:31:30.543-0400][619.635s][info][gc,heap     ] GC(74) y:  Capacity:    20328M (99%)       20328M (99%)       20328M (99%)       20328M (99%)       20328M (99%)       20328M (99%)    
[2026-09-13T14:31:30.543-0400][619.635s][info][gc,heap     ] GC(74) y:      Free:     6784M (33%)        6102M (30%)        9450M (46%)       10450M (51%)       10456M (51%)        6094M (30%)    
[2026-09-13T14:31:30.543-0400][619.635s][info][gc,heap     ] GC(74) y:      Used:    13792M (67%)       14474M (70%)       11126M (54%)       10126M (49%)       14482M (70%)       10120M (49%)    
[2026-09-13T14:31:30.543-0400][619.635s][info][gc,heap     ] GC(74) y: Young Generation Statistics:
[2026-09-13T14:31:30.543-0400][619.635s][info][gc,heap     ] GC(74) y:                Mark Start          Mark End        Relocate Start      Relocate End    
[2026-09-13T14:31:30.543-0400][619.635s][info][gc,heap     ] GC(74) y:      Used:     4700M (23%)        5382M (26%)        2034M (10%)        1034M (5%)     
[2026-09-13T14:31:30.543-0400][619.635s][info][gc,heap     ] GC(74) y:      Live:         -                70M (0%)           70M (0%)           70M (0%)     
[2026-09-13T14:31:30.543-0400][619.635s][info][gc,heap     ] GC(74) y:   Garbage:         -              4629M (23%)        1267M (6%)            1M (0%)     
[2026-09-13T14:31:30.543-0400][619.635s][info][gc,heap     ] GC(74) y: Allocated:         -               682M (3%)          696M (3%)          961M (5%)     
[2026-09-13T14:31:30.543-0400][619.635s][info][gc,heap     ] GC(74) y: Reclaimed:         -                  -              3362M (16%)        4627M (22%)    
[2026-09-13T14:31:30.543-0400][619.635s][info][gc,heap     ] GC(74) y:  Promoted:         -                  -                 0M (0%)            0M (0%)     
[2026-09-13T14:31:30.543-0400][619.635s][info][gc,heap     ] GC(74) y: Compacted:         -                  -                  -                28M (0%)     
[2026-09-13T14:31:30.543-0400][619.635s][info][gc,phases   ] GC(74) y: Young Generation 13792M(67%)->10126M(49%) 0.354s
[2026-09-13T14:31:30.543-0400][619.635s][info][gc          ] GC(74) Minor Collection (Allocation Rate) 13790M(67%)->10130M(49%) 0.355s
[2026-09-13T14:31:31.274-0400][620.366s][info][gc          ] GC(75) Major Collection (Allocation Rate)
[2026-09-13T14:31:31.274-0400][620.366s][info][gc,task     ] GC(75) Using 1 Workers for Young Generation
[2026-09-13T14:31:31.274-0400][620.366s][info][gc,task     ] GC(75) Using 1 Workers for Old Generation
[2026-09-13T14:31:31.274-0400][620.366s][info][gc,phases   ] GC(75) Y: Young Generation
[2026-09-13T14:31:31.274-0400][620.366s][info][gc,phases   ] GC(75) Y: Pause Mark Start (Major) 0.019ms
[2026-09-13T14:31:31.525-0400][620.617s][info][gc,phases   ] GC(75) Y: Concurrent Mark 251.447ms
[2026-09-13T14:31:31.525-0400][620.617s][info][gc,phases   ] GC(75) Y: Pause Mark End 0.016ms
[2026-09-13T14:31:31.525-0400][620.617s][info][gc,phases   ] GC(75) Y: Concurrent Mark Free 0.004ms
[2026-09-13T14:31:31.525-0400][620.617s][info][gc,phases   ] GC(75) Y: Concurrent Reset Relocation Set 0.019ms
[2026-09-13T14:31:31.526-0400][620.618s][info][gc,reloc    ] GC(75) Y: Using tenuring threshold: 3 (Computed)
[2026-09-13T14:31:31.527-0400][620.619s][info][gc,phases   ] GC(75) Y: Concurrent Select Relocation Set 1.444ms
[2026-09-13T14:31:31.527-0400][620.619s][info][gc,phases   ] GC(75) Y: Pause Relocate Start 0.008ms
[2026-09-13T14:31:31.563-0400][620.655s][info][gc,phases   ] GC(75) Y: Concurrent Relocate 36.267ms
[2026-09-13T14:31:31.563-0400][620.655s][info][gc,alloc    ] GC(75) Y:                         Mark Start        Mark End      Relocate Start    Relocate End   
[2026-09-13T14:31:31.563-0400][620.655s][info][gc,alloc    ] GC(75) Y: Allocation Stalls:          0                0                0                0         
[2026-09-13T14:31:31.563-0400][620.655s][info][gc,load     ] GC(75) Y: Load: 0.00 (0%) / 0.00 (0%) / 0.00 (0%)
[2026-09-13T14:31:31.563-0400][620.655s][info][gc,mmu      ] GC(75) Y: MMU: 2ms/96.9%, 5ms/98.8%, 10ms/99.4%, 20ms/99.6%, 50ms/99.9%, 100ms/99.9%
[2026-09-13T14:31:31.563-0400][620.655s][info][gc,marking  ] GC(75) Y: Mark: 1 stripe(s), 2 proactive flush(es), 1 terminate flush(es), 0 completion(s), 0 continuation(s) 
[2026-09-13T14:31:31.563-0400][620.655s][info][gc,nmethod  ] GC(75) Y: NMethods: 24410 registered, 15185 unregistered
[2026-09-13T14:31:31.563-0400][620.655s][info][gc,metaspace] GC(75) Y: Metaspace: 580M used, 583M committed, 1472M reserved
[2026-09-13T14:31:31.563-0400][620.655s][info][gc,reloc    ] GC(75) Y:                        Candidates     Selected     In-Place         Size        Empty    Relocated 
[2026-09-13T14:31:31.563-0400][620.656s][info][gc,reloc    ] GC(75) Y: Small Pages:                 1314          297            0        2628M        1948M          15M 
[2026-09-13T14:31:31.563-0400][620.656s][info][gc,reloc    ] GC(75) Y: Medium Pages:                   3            2            0          96M           0M           2M 
[2026-09-13T14:31:31.563-0400][620.656s][info][gc,reloc    ] GC(75) Y: Large Pages:                    0            0            0           0M           0M           0M 
[2026-09-13T14:31:31.563-0400][620.656s][info][gc,reloc    ] GC(75) Y: Forwarding Usage: 6M
[2026-09-13T14:31:31.563-0400][620.656s][info][gc,reloc    ] GC(75) Y: Age Table:
[2026-09-13T14:31:31.563-0400][620.656s][info][gc,reloc    ] GC(75) Y:                    Live             Garbage             Small              Medium             Large        
[2026-09-13T14:31:31.563-0400][620.656s][info][gc,reloc    ] GC(75) Y: Eden              15M (0%)         2566M (12%)       1275 / 294            1 / 1              0 / 0        
[2026-09-13T14:31:31.563-0400][620.656s][info][gc,reloc    ] GC(75) Y: Survivor 1        21M (0%)            8M (0%)          15 / 2              0 / 0              0 / 0        
[2026-09-13T14:31:31.563-0400][620.656s][info][gc,reloc    ] GC(75) Y: Survivor 2        45M (0%)           66M (0%)          24 / 1              2 / 1              0 / 0        
[2026-09-13T14:31:31.563-0400][620.656s][info][gc,heap     ] GC(75) Y: Min Capacity: 256M(1%)
[2026-09-13T14:31:31.563-0400][620.656s][info][gc,heap     ] GC(75) Y: Max Capacity: 20576M(100%)
[2026-09-13T14:31:31.563-0400][620.656s][info][gc,heap     ] GC(75) Y: Soft Max Capacity: 20576M(100%)
[2026-09-13T14:31:31.563-0400][620.656s][info][gc,heap     ] GC(75) Y: Heap Statistics:
[2026-09-13T14:31:31.563-0400][620.656s][info][gc,heap     ] GC(75) Y:                Mark Start          Mark End        Relocate Start      Relocate End           High               Low         
[2026-09-13T14:31:31.564-0400][620.656s][info][gc,heap     ] GC(75) Y:  Capacity:    20328M (99%)       20328M (99%)       20328M (99%)       20328M (99%)       20328M (99%)       20328M (99%)    
[2026-09-13T14:31:31.564-0400][620.656s][info][gc,heap     ] GC(75) Y:      Free:     8760M (43%)        8166M (40%)       10112M (49%)       10624M (52%)       10628M (52%)        8166M (40%)    
[2026-09-13T14:31:31.564-0400][620.656s][info][gc,heap     ] GC(75) Y:      Used:    11816M (57%)       12410M (60%)       10464M (51%)        9952M (48%)       12410M (60%)        9948M (48%)    
[2026-09-13T14:31:31.564-0400][620.656s][info][gc,heap     ] GC(75) Y: Young Generation Statistics:
[2026-09-13T14:31:31.564-0400][620.656s][info][gc,heap     ] GC(75) Y:                Mark Start          Mark End        Relocate Start      Relocate End    
[2026-09-13T14:31:31.564-0400][620.656s][info][gc,heap     ] GC(75) Y:      Used:     2724M (13%)        3318M (16%)        1372M (7%)          860M (4%)     
[2026-09-13T14:31:31.564-0400][620.656s][info][gc,heap     ] GC(75) Y:      Live:         -                82M (0%)           82M (0%)           82M (0%)     
[2026-09-13T14:31:31.564-0400][620.656s][info][gc,heap     ] GC(75) Y:   Garbage:         -              2641M (13%)         693M (3%)            3M (0%)     
[2026-09-13T14:31:31.564-0400][620.656s][info][gc,heap     ] GC(75) Y: Allocated:         -               594M (3%)          596M (3%)          773M (4%)     
[2026-09-13T14:31:31.564-0400][620.656s][info][gc,heap     ] GC(75) Y: Reclaimed:         -                  -              1948M (9%)         2637M (13%)    
[2026-09-13T14:31:31.564-0400][620.656s][info][gc,heap     ] GC(75) Y:  Promoted:         -                  -                 0M (0%)            0M (0%)     
[2026-09-13T14:31:31.564-0400][620.656s][info][gc,heap     ] GC(75) Y: Compacted:         -                  -                  -                20M (0%)     
[2026-09-13T14:31:31.564-0400][620.656s][info][gc,phases   ] GC(75) Y: Young Generation 11816M(57%)->9952M(48%) 0.290s
[2026-09-13T14:31:31.564-0400][620.656s][info][gc,phases   ] GC(75) O: Old Generation
[2026-09-13T14:31:33.109-0400][622.202s][info][gc          ] GC(76) Minor Collection (Allocation Rate)
[2026-09-13T14:31:33.109-0400][622.202s][info][gc,task     ] GC(76) Using 1 Workers for Young Generation
[2026-09-13T14:31:33.109-0400][622.202s][info][gc,phases   ] GC(76) y: Young Generation
[2026-09-13T14:31:33.110-0400][622.202s][info][gc,phases   ] GC(76) y: Pause Mark Start 0.015ms
[2026-09-13T14:31:33.403-0400][622.495s][info][gc,phases   ] GC(76) y: Concurrent Mark 293.340ms
[2026-09-13T14:31:33.403-0400][622.495s][info][gc,phases   ] GC(76) y: Pause Mark End 0.015ms
[2026-09-13T14:31:33.403-0400][622.495s][info][gc,phases   ] GC(76) y: Concurrent Mark Free 0.001ms
[2026-09-13T14:31:33.403-0400][622.495s][info][gc,phases   ] GC(76) y: Concurrent Reset Relocation Set 0.010ms
[2026-09-13T14:31:33.404-0400][622.496s][info][gc,reloc    ] GC(76) y: Using tenuring threshold: 3 (Computed)
[2026-09-13T14:31:33.424-0400][622.517s][info][gc,phases   ] GC(76) y: Concurrent Select Relocation Set 21.007ms
[2026-09-13T14:31:33.424-0400][622.517s][info][gc,phases   ] GC(76) y: Pause Relocate Start 0.015ms
[2026-09-13T14:31:33.523-0400][622.616s][info][gc,phases   ] GC(76) y: Concurrent Relocate 98.911ms
[2026-09-13T14:31:33.523-0400][622.616s][info][gc,alloc    ] GC(76) y:                         Mark Start        Mark End      Relocate Start    Relocate End   
[2026-09-13T14:31:33.523-0400][622.616s][info][gc,alloc    ] GC(76) y: Allocation Stalls:          0                0                0                0         
[2026-09-13T14:31:33.523-0400][622.616s][info][gc,load     ] GC(76) y: Load: 0.00 (0%) / 0.00 (0%) / 0.00 (0%)
[2026-09-13T14:31:33.523-0400][622.616s][info][gc,mmu      ] GC(76) y: MMU: 2ms/96.9%, 5ms/98.8%, 10ms/99.4%, 20ms/99.6%, 50ms/99.9%, 100ms/99.9%
[2026-09-13T14:31:33.523-0400][622.616s][info][gc,marking  ] GC(76) y: Mark: 1 stripe(s), 2 proactive flush(es), 1 terminate flush(es), 0 completion(s), 0 continuation(s) 
[2026-09-13T14:31:33.523-0400][622.616s][info][gc,nmethod  ] GC(76) y: NMethods: 25107 registered, 15185 unregistered
[2026-09-13T14:31:33.523-0400][622.616s][info][gc,metaspace] GC(76) y: Metaspace: 581M used, 584M committed, 1472M reserved
[2026-09-13T14:31:33.523-0400][622.616s][info][gc,reloc    ] GC(76) y:                        Candidates     Selected     In-Place         Size        Empty    Relocated 
[2026-09-13T14:31:33.523-0400][622.616s][info][gc,reloc    ] GC(76) y: Small Pages:                 2068          554            0        4136M        2918M          22M 
[2026-09-13T14:31:33.524-0400][622.616s][info][gc,reloc    ] GC(76) y: Medium Pages:                   4            3            0         128M           0M           3M 
[2026-09-13T14:31:33.524-0400][622.616s][info][gc,reloc    ] GC(76) y: Large Pages:                    0            0            0           0M           0M           0M 
[2026-09-13T14:31:33.524-0400][622.616s][info][gc,reloc    ] GC(76) y: Forwarding Usage: 9M
[2026-09-13T14:31:33.524-0400][622.616s][info][gc,reloc    ] GC(76) y: Age Table:
[2026-09-13T14:31:33.524-0400][622.616s][info][gc,reloc    ] GC(76) y:                    Live             Garbage             Small              Medium             Large        
[2026-09-13T14:31:33.524-0400][622.616s][info][gc,reloc    ] GC(76) y: Eden              22M (0%)         4051M (20%)       2021 / 549            1 / 1              0 / 0        
[2026-09-13T14:31:33.524-0400][622.616s][info][gc,reloc    ] GC(76) y: Survivor 1        13M (0%)           34M (0%)           8 / 1              1 / 1              0 / 0        
[2026-09-13T14:31:33.524-0400][622.616s][info][gc,reloc    ] GC(76) y: Survivor 2        21M (0%)            6M (0%)          14 / 2              0 / 0              0 / 0        
[2026-09-13T14:31:33.524-0400][622.616s][info][gc,reloc    ] GC(76) y: Survivor 3        45M (0%)           68M (0%)          25 / 2              2 / 1              0 / 0        
[2026-09-13T14:31:33.524-0400][622.616s][info][gc,heap     ] GC(76) y: Min Capacity: 256M(1%)
[2026-09-13T14:31:33.524-0400][622.616s][info][gc,heap     ] GC(76) y: Max Capacity: 20576M(100%)
[2026-09-13T14:31:33.524-0400][622.616s][info][gc,heap     ] GC(76) y: Soft Max Capacity: 20576M(100%)
[2026-09-13T14:31:33.524-0400][622.616s][info][gc,heap     ] GC(76) y: Heap Statistics:
[2026-09-13T14:31:33.524-0400][622.616s][info][gc,heap     ] GC(76) y:                Mark Start          Mark End        Relocate Start      Relocate End           High               Low         
[2026-09-13T14:31:33.524-0400][622.616s][info][gc,heap     ] GC(76) y:  Capacity:    20328M (99%)       20328M (99%)       20328M (99%)       20328M (99%)       20328M (99%)       20328M (99%)    
[2026-09-13T14:31:33.524-0400][622.616s][info][gc,heap     ] GC(76) y:      Free:     7220M (35%)        6636M (32%)        9514M (46%)       10462M (51%)       10500M (51%)        6636M (32%)    
[2026-09-13T14:31:33.524-0400][622.616s][info][gc,heap     ] GC(76) y:      Used:    13356M (65%)       13940M (68%)       11062M (54%)       10114M (49%)       13940M (68%)       10076M (49%)    
[2026-09-13T14:31:33.524-0400][622.616s][info][gc,heap     ] GC(76) y: Young Generation Statistics:
[2026-09-13T14:31:33.524-0400][622.616s][info][gc,heap     ] GC(76) y:                Mark Start          Mark End        Relocate Start      Relocate End    
[2026-09-13T14:31:33.524-0400][622.616s][info][gc,heap     ] GC(76) y:      Used:     4264M (21%)        4848M (24%)        1924M (9%)          940M (5%)     
[2026-09-13T14:31:33.524-0400][622.616s][info][gc,heap     ] GC(76) y:      Live:         -               102M (0%)           58M (0%)           57M (0%)     
[2026-09-13T14:31:33.524-0400][622.616s][info][gc,heap     ] GC(76) y:   Garbage:         -              4161M (20%)        1241M (6%)            4M (0%)     
[2026-09-13T14:31:33.524-0400][622.616s][info][gc,heap     ] GC(76) y: Allocated:         -               584M (3%)          624M (3%)          878M (4%)     
[2026-09-13T14:31:33.524-0400][622.616s][info][gc,heap     ] GC(76) y: Reclaimed:         -                  -              2920M (14%)        4156M (20%)    
[2026-09-13T14:31:33.524-0400][622.616s][info][gc,heap     ] GC(76) y:  Promoted:         -                  -                43M (0%)           45M (0%)     
[2026-09-13T14:31:33.524-0400][622.616s][info][gc,heap     ] GC(76) y: Compacted:         -                  -                  -                25M (0%)     
[2026-09-13T14:31:33.524-0400][622.616s][info][gc,phases   ] GC(76) y: Young Generation 13356M(65%)->10114M(49%) 0.414s
[2026-09-13T14:31:33.524-0400][622.616s][info][gc          ] GC(76) Minor Collection (Allocation Rate) 13356M(65%)->10114M(49%) 0.414s
[2026-09-13T14:31:35.890-0400][624.982s][info][gc          ] GC(77) Minor Collection (Allocation Rate)
[2026-09-13T14:31:35.890-0400][624.982s][info][gc,task     ] GC(77) Using 1 Workers for Young Generation
[2026-09-13T14:31:35.890-0400][624.982s][info][gc,phases   ] GC(77) y: Young Generation
[2026-09-13T14:31:35.890-0400][624.982s][info][gc,phases   ] GC(77) y: Pause Mark Start 0.015ms
[2026-09-13T14:31:36.519-0400][625.612s][info][gc,phases   ] GC(77) y: Concurrent Mark 629.479ms
[2026-09-13T14:31:36.519-0400][625.612s][info][gc,phases   ] GC(77) y: Pause Mark End 0.018ms
[2026-09-13T14:31:36.519-0400][625.612s][info][gc,phases   ] GC(77) y: Concurrent Mark Free 0.003ms
[2026-09-13T14:31:36.520-0400][625.613s][info][gc,phases   ] GC(77) y: Concurrent Reset Relocation Set 0.656ms
[2026-09-13T14:31:36.521-0400][625.614s][info][gc,reloc    ] GC(77) y: Using tenuring threshold: 4 (Computed)
[2026-09-13T14:31:36.531-0400][625.624s][info][gc,phases   ] GC(77) y: Concurrent Select Relocation Set 11.447ms
[2026-09-13T14:31:36.532-0400][625.624s][info][gc,phases   ] GC(77) y: Pause Relocate Start 0.023ms
[2026-09-13T14:31:36.780-0400][625.872s][info][gc,phases   ] GC(77) y: Concurrent Relocate 248.056ms
[2026-09-13T14:31:36.780-0400][625.873s][info][gc,alloc    ] GC(77) y:                         Mark Start        Mark End      Relocate Start    Relocate End   
[2026-09-13T14:31:36.780-0400][625.873s][info][gc,alloc    ] GC(77) y: Allocation Stalls:          0                0                0                0         
[2026-09-13T14:31:36.780-0400][625.873s][info][gc,load     ] GC(77) y: Load: 0.00 (0%) / 0.00 (0%) / 0.00 (0%)
[2026-09-13T14:31:36.780-0400][625.873s][info][gc,mmu      ] GC(77) y: MMU: 2ms/96.9%, 5ms/98.8%, 10ms/99.4%, 20ms/99.6%, 50ms/99.9%, 100ms/99.9%
[2026-09-13T14:31:36.780-0400][625.873s][info][gc,marking  ] GC(77) y: Mark: 1 stripe(s), 2 proactive flush(es), 1 terminate flush(es), 0 completion(s), 0 continuation(s) 
[2026-09-13T14:31:36.780-0400][625.873s][info][gc,nmethod  ] GC(77) y: NMethods: 25911 registered, 15185 unregistered
[2026-09-13T14:31:36.780-0400][625.873s][info][gc,metaspace] GC(77) y: Metaspace: 582M used, 585M committed, 1472M reserved
[2026-09-13T14:31:36.780-0400][625.873s][info][gc,reloc    ] GC(77) y:                        Candidates     Selected     In-Place         Size        Empty    Relocated 
[2026-09-13T14:31:36.780-0400][625.873s][info][gc,reloc    ] GC(77) y: Small Pages:                 2482         1050            0        4964M        2638M          99M 
[2026-09-13T14:31:36.780-0400][625.873s][info][gc,reloc    ] GC(77) y: Medium Pages:                   3            2            0          96M           0M          11M 
[2026-09-13T14:31:36.780-0400][625.873s][info][gc,reloc    ] GC(77) y: Large Pages:                    0            0            0           0M           0M           0M 
[2026-09-13T14:31:36.780-0400][625.873s][info][gc,reloc    ] GC(77) y: Forwarding Usage: 53M
[2026-09-13T14:31:36.780-0400][625.873s][info][gc,reloc    ] GC(77) y: Age Table:
[2026-09-13T14:31:36.780-0400][625.873s][info][gc,reloc    ] GC(77) y:                    Live             Garbage             Small              Medium             Large        
[2026-09-13T14:31:36.780-0400][625.873s][info][gc,reloc    ] GC(77) y: Eden             152M (1%)         4763M (23%)       2442 / 1041           1 / 1              0 / 0        
[2026-09-13T14:31:36.780-0400][625.873s][info][gc,reloc    ] GC(77) y: Survivor 1        19M (0%)           48M (0%)          18 / 6              1 / 0              0 / 0        
[2026-09-13T14:31:36.780-0400][625.873s][info][gc,reloc    ] GC(77) y: Survivor 2        13M (0%)           34M (0%)           8 / 1              1 / 1              0 / 0        
[2026-09-13T14:31:36.780-0400][625.873s][info][gc,reloc    ] GC(77) y: Survivor 3        21M (0%)            6M (0%)          14 / 2              0 / 0              0 / 0        
[2026-09-13T14:31:36.780-0400][625.873s][info][gc,heap     ] GC(77) y: Min Capacity: 256M(1%)
[2026-09-13T14:31:36.780-0400][625.873s][info][gc,heap     ] GC(77) y: Max Capacity: 20576M(100%)
[2026-09-13T14:31:36.780-0400][625.873s][info][gc,heap     ] GC(77) y: Soft Max Capacity: 20576M(100%)
[2026-09-13T14:31:36.780-0400][625.873s][info][gc,heap     ] GC(77) y: Heap Statistics:
[2026-09-13T14:31:36.780-0400][625.873s][info][gc,heap     ] GC(77) y:                Mark Start          Mark End        Relocate Start      Relocate End           High               Low         
[2026-09-13T14:31:36.780-0400][625.873s][info][gc,heap     ] GC(77) y:  Capacity:    20328M (99%)       20328M (99%)       20328M (99%)       20328M (99%)       20328M (99%)       20328M (99%)    
[2026-09-13T14:31:36.780-0400][625.873s][info][gc,heap     ] GC(77) y:      Free:     6342M (31%)        5374M (26%)        7994M (39%)        9672M (47%)        9700M (47%)        5372M (26%)    
[2026-09-13T14:31:36.780-0400][625.873s][info][gc,heap     ] GC(77) y:      Used:    14234M (69%)       15202M (74%)       12582M (61%)       10904M (53%)       15204M (74%)       10876M (53%)    
[2026-09-13T14:31:36.780-0400][625.873s][info][gc,heap     ] GC(77) y: Young Generation Statistics:
[2026-09-13T14:31:36.780-0400][625.873s][info][gc,heap     ] GC(77) y:                Mark Start          Mark End        Relocate Start      Relocate End    
[2026-09-13T14:31:36.780-0400][625.873s][info][gc,heap     ] GC(77) y:      Used:     5060M (25%)        6028M (29%)        3408M (17%)        1730M (8%)     
[2026-09-13T14:31:36.780-0400][625.873s][info][gc,heap     ] GC(77) y:      Live:         -               206M (1%)          206M (1%)          206M (1%)     
[2026-09-13T14:31:36.780-0400][625.873s][info][gc,heap     ] GC(77) y:   Garbage:         -              4853M (24%)        2215M (11%)          14M (0%)     
[2026-09-13T14:31:36.780-0400][625.873s][info][gc,heap     ] GC(77) y: Allocated:         -               968M (5%)          986M (5%)         1509M (7%)     
[2026-09-13T14:31:36.780-0400][625.873s][info][gc,heap     ] GC(77) y: Reclaimed:         -                  -              2638M (13%)        4839M (24%)    
[2026-09-13T14:31:36.780-0400][625.873s][info][gc,heap     ] GC(77) y:  Promoted:         -                  -                 0M (0%)            0M (0%)     
[2026-09-13T14:31:36.780-0400][625.873s][info][gc,heap     ] GC(77) y: Compacted:         -                  -                  -               132M (1%)     
[2026-09-13T14:31:36.780-0400][625.873s][info][gc,phases   ] GC(77) y: Young Generation 14234M(69%)->10904M(53%) 0.890s
[2026-09-13T14:31:36.780-0400][625.873s][info][gc          ] GC(77) Minor Collection (Allocation Rate) 14234M(69%)->10904M(53%) 0.891s
[2026-09-13T14:31:36.780-0400][625.873s][info][gc          ] GC(78) Minor Collection (Allocation Rate)
[2026-09-13T14:31:36.780-0400][625.873s][info][gc,task     ] GC(78) Using 1 Workers for Young Generation
[2026-09-13T14:31:36.780-0400][625.873s][info][gc,phases   ] GC(78) y: Young Generation
[2026-09-13T14:31:36.780-0400][625.873s][info][gc,phases   ] GC(78) y: Pause Mark Start 0.009ms
[2026-09-13T14:31:37.590-0400][626.682s][info][gc,phases   ] GC(78) y: Concurrent Mark 808.611ms
[2026-09-13T14:31:37.590-0400][626.682s][info][gc,phases   ] GC(78) y: Pause Mark End 0.018ms
[2026-09-13T14:31:37.590-0400][626.682s][info][gc,phases   ] GC(78) y: Concurrent Mark Free 0.006ms
[2026-09-13T14:31:37.590-0400][626.682s][info][gc,phases   ] GC(78) y: Concurrent Reset Relocation Set 0.049ms
[2026-09-13T14:31:37.591-0400][626.683s][info][gc,reloc    ] GC(78) y: Using tenuring threshold: 1 (Computed)
[2026-09-13T14:31:37.690-0400][626.782s][info][gc,phases   ] GC(78) y: Concurrent Select Relocation Set 99.482ms
[2026-09-13T14:31:37.690-0400][626.782s][info][gc,phases   ] GC(78) y: Pause Relocate Start 0.012ms
[2026-09-13T14:31:37.900-0400][626.992s][info][gc,phases   ] GC(78) y: Concurrent Relocate 210.046ms
[2026-09-13T14:31:37.900-0400][626.992s][info][gc,alloc    ] GC(78) y:                         Mark Start        Mark End      Relocate Start    Relocate End   
[2026-09-13T14:31:37.900-0400][626.992s][info][gc,alloc    ] GC(78) y: Allocation Stalls:          0                0                0                0         
[2026-09-13T14:31:37.900-0400][626.992s][info][gc,load     ] GC(78) y: Load: 0.00 (0%) / 0.00 (0%) / 0.00 (0%)
[2026-09-13T14:31:37.900-0400][626.992s][info][gc,mmu      ] GC(78) y: MMU: 2ms/96.9%, 5ms/98.8%, 10ms/99.4%, 20ms/99.6%, 50ms/99.9%, 100ms/99.9%
[2026-09-13T14:31:37.900-0400][626.992s][info][gc,marking  ] GC(78) y: Mark: 1 stripe(s), 2 proactive flush(es), 1 terminate flush(es), 0 completion(s), 0 continuation(s) 
[2026-09-13T14:31:37.900-0400][626.992s][info][gc,nmethod  ] GC(78) y: NMethods: 26280 registered, 15185 unregistered
[2026-09-13T14:31:37.900-0400][626.992s][info][gc,metaspace] GC(78) y: Metaspace: 582M used, 585M committed, 1472M reserved
[2026-09-13T14:31:37.900-0400][626.992s][info][gc,reloc    ] GC(78) y:                        Candidates     Selected     In-Place         Size        Empty    Relocated 
[2026-09-13T14:31:37.900-0400][626.992s][info][gc,reloc    ] GC(78) y: Small Pages:                  785          291            0        1570M         762M          18M 
[2026-09-13T14:31:37.900-0400][626.992s][info][gc,reloc    ] GC(78) y: Medium Pages:                   5            4            0         160M           0M          12M 
[2026-09-13T14:31:37.900-0400][626.992s][info][gc,reloc    ] GC(78) y: Large Pages:                    0            0            0           0M           0M           0M 
[2026-09-13T14:31:37.900-0400][626.992s][info][gc,reloc    ] GC(78) y: Forwarding Usage: 10M
[2026-09-13T14:31:37.900-0400][626.992s][info][gc,reloc    ] GC(78) y: Age Table:
[2026-09-13T14:31:37.900-0400][626.992s][info][gc,reloc    ] GC(78) y:                    Live             Garbage             Small              Medium             Large        
[2026-09-13T14:31:37.900-0400][626.992s][info][gc,reloc    ] GC(78) y: Eden              17M (0%)         1350M (7%)         668 / 278            1 / 1              0 / 0        
[2026-09-13T14:31:37.900-0400][626.992s][info][gc,reloc    ] GC(78) y: Survivor 1       149M (1%)           76M (0%)          81 / 8              2 / 2              0 / 0        
[2026-09-13T14:31:37.900-0400][626.992s][info][gc,reloc    ] GC(78) y: Survivor 2        19M (0%)           40M (0%)          14 / 3              1 / 0              0 / 0        
[2026-09-13T14:31:37.900-0400][626.992s][info][gc,reloc    ] GC(78) y: Survivor 3        13M (0%)           34M (0%)           8 / 1              1 / 1              0 / 0        
[2026-09-13T14:31:37.900-0400][626.992s][info][gc,reloc    ] GC(78) y: Survivor 4        21M (0%)            6M (0%)          14 / 1              0 / 0              0 / 0        
[2026-09-13T14:31:37.900-0400][626.992s][info][gc,heap     ] GC(78) y: Min Capacity: 256M(1%)
[2026-09-13T14:31:37.900-0400][626.992s][info][gc,heap     ] GC(78) y: Max Capacity: 20576M(100%)
[2026-09-13T14:31:37.900-0400][626.992s][info][gc,heap     ] GC(78) y: Soft Max Capacity: 20576M(100%)
[2026-09-13T14:31:37.900-0400][626.992s][info][gc,heap     ] GC(78) y: Heap Statistics:
[2026-09-13T14:31:37.900-0400][626.992s][info][gc,heap     ] GC(78) y:                Mark Start          Mark End        Relocate Start      Relocate End           High               Low         
[2026-09-13T14:31:37.900-0400][626.992s][info][gc,heap     ] GC(78) y:  Capacity:    20328M (99%)       20328M (99%)       20328M (99%)       20328M (99%)       20328M (99%)       20328M (99%)    
[2026-09-13T14:31:37.900-0400][626.992s][info][gc,heap     ] GC(78) y:      Free:     9672M (47%)        8292M (40%)        8904M (43%)        9096M (44%)        9672M (47%)        8292M (40%)    
[2026-09-13T14:31:37.900-0400][626.992s][info][gc,heap     ] GC(78) y:      Used:    10904M (53%)       12284M (60%)       11672M (57%)       11480M (56%)       12284M (60%)       10904M (53%)    
[2026-09-13T14:31:37.900-0400][626.992s][info][gc,heap     ] GC(78) y: Young Generation Statistics:
[2026-09-13T14:31:37.900-0400][626.992s][info][gc,heap     ] GC(78) y:                Mark Start          Mark End        Relocate Start      Relocate End    
[2026-09-13T14:31:37.900-0400][626.992s][info][gc,heap     ] GC(78) y:      Used:     1730M (8%)         3110M (15%)        2300M (11%)        2030M (10%)    
[2026-09-13T14:31:37.900-0400][626.992s][info][gc,heap     ] GC(78) y:      Live:         -               221M (1%)           37M (0%)           17M (0%)     
[2026-09-13T14:31:37.900-0400][626.992s][info][gc,heap     ] GC(78) y:   Garbage:         -              1508M (7%)          732M (4%)            0M (0%)     
[2026-09-13T14:31:37.900-0400][626.992s][info][gc,heap     ] GC(78) y: Allocated:         -              1380M (7%)         1530M (7%)         2012M (10%)    
[2026-09-13T14:31:37.900-0400][626.992s][info][gc,heap     ] GC(78) y: Reclaimed:         -                  -               775M (4%)         1508M (7%)     
[2026-09-13T14:31:37.900-0400][626.992s][info][gc,heap     ] GC(78) y:  Promoted:         -                  -               184M (1%)          203M (1%)     
[2026-09-13T14:31:37.900-0400][626.992s][info][gc,heap     ] GC(78) y: Compacted:         -                  -                  -                17M (0%)     
[2026-09-13T14:31:37.900-0400][626.992s][info][gc,phases   ] GC(78) y: Young Generation 10904M(53%)->11480M(56%) 1.119s
[2026-09-13T14:31:37.900-0400][626.992s][info][gc          ] GC(78) Minor Collection (Allocation Rate) 10904M(53%)->11480M(56%) 1.119s
[2026-09-13T14:31:40.676-0400][629.768s][info][gc          ] GC(79) Minor Collection (Allocation Rate)
[2026-09-13T14:31:40.676-0400][629.768s][info][gc,task     ] GC(79) Using 2 Workers for Young Generation
[2026-09-13T14:31:40.676-0400][629.768s][info][gc,phases   ] GC(79) y: Young Generation
[2026-09-13T14:31:40.676-0400][629.768s][info][gc,phases   ] GC(79) y: Pause Mark Start 0.016ms
[2026-09-13T14:31:41.121-0400][630.214s][info][gc,phases   ] GC(79) y: Concurrent Mark 445.661ms
[2026-09-13T14:31:41.121-0400][630.214s][info][gc,phases   ] GC(79) y: Pause Mark End 0.024ms
[2026-09-13T14:31:41.121-0400][630.214s][info][gc,phases   ] GC(79) y: Concurrent Mark Free 0.005ms
[2026-09-13T14:31:41.123-0400][630.216s][info][gc,phases   ] GC(79) y: Concurrent Reset Relocation Set 1.996ms
[2026-09-13T14:31:41.125-0400][630.217s][info][gc,reloc    ] GC(79) y: Using tenuring threshold: 2 (Computed)
[2026-09-13T14:31:41.142-0400][630.235s][info][gc,phases   ] GC(79) y: Concurrent Select Relocation Set 19.062ms
[2026-09-13T14:31:41.143-0400][630.235s][info][gc,phases   ] GC(79) y: Pause Relocate Start 0.012ms
[2026-09-13T14:31:41.373-0400][630.465s][info][gc,phases   ] GC(79) y: Concurrent Relocate 229.598ms
[2026-09-13T14:31:41.373-0400][630.465s][info][gc,alloc    ] GC(79) y:                         Mark Start        Mark End      Relocate Start    Relocate End   
[2026-09-13T14:31:41.373-0400][630.465s][info][gc,alloc    ] GC(79) y: Allocation Stalls:          0                0                0                0         
[2026-09-13T14:31:41.373-0400][630.465s][info][gc,load     ] GC(79) y: Load: 0.00 (0%) / 0.00 (0%) / 0.00 (0%)
[2026-09-13T14:31:41.373-0400][630.465s][info][gc,mmu      ] GC(79) y: MMU: 2ms/96.9%, 5ms/98.8%, 10ms/99.4%, 20ms/99.6%, 50ms/99.9%, 100ms/99.9%
[2026-09-13T14:31:41.373-0400][630.465s][info][gc,marking  ] GC(79) y: Mark: 2 stripe(s), 3 proactive flush(es), 1 terminate flush(es), 0 completion(s), 0 continuation(s) 
[2026-09-13T14:31:41.373-0400][630.465s][info][gc,nmethod  ] GC(79) y: NMethods: 27122 registered, 15185 unregistered
[2026-09-13T14:31:41.373-0400][630.465s][info][gc,metaspace] GC(79) y: Metaspace: 583M used, 586M committed, 1472M reserved
[2026-09-13T14:31:41.373-0400][630.465s][info][gc,reloc    ] GC(79) y:                        Candidates     Selected     In-Place         Size        Empty    Relocated 
[2026-09-13T14:31:41.373-0400][630.465s][info][gc,reloc    ] GC(79) y: Small Pages:                 3491         1665            0        6982M        3362M         169M 
[2026-09-13T14:31:41.373-0400][630.465s][info][gc,reloc    ] GC(79) y: Medium Pages:                   2            1            0          64M           0M           3M 
[2026-09-13T14:31:41.373-0400][630.465s][info][gc,reloc    ] GC(79) y: Large Pages:                    2            0            0          12M           0M           0M 
[2026-09-13T14:31:41.373-0400][630.465s][info][gc,reloc    ] GC(79) y: Forwarding Usage: 90M
[2026-09-13T14:31:41.373-0400][630.465s][info][gc,reloc    ] GC(79) y: Age Table:
[2026-09-13T14:31:41.373-0400][630.465s][info][gc,reloc    ] GC(79) y:                    Live             Garbage             Small              Medium             Large        
[2026-09-13T14:31:41.373-0400][630.465s][info][gc,reloc    ] GC(79) y: Eden             251M (1%)         6752M (33%)       3480 / 1663           1 / 1              2 / 0        
[2026-09-13T14:31:41.373-0400][630.465s][info][gc,reloc    ] GC(79) y: Survivor 1        14M (0%)           39M (0%)          11 / 2              1 / 0              0 / 0        
[2026-09-13T14:31:41.373-0400][630.465s][info][gc,heap     ] GC(79) y: Min Capacity: 256M(1%)
[2026-09-13T14:31:41.373-0400][630.465s][info][gc,heap     ] GC(79) y: Max Capacity: 20576M(100%)
[2026-09-13T14:31:41.373-0400][630.465s][info][gc,heap     ] GC(79) y: Soft Max Capacity: 20576M(100%)
[2026-09-13T14:31:41.373-0400][630.465s][info][gc,heap     ] GC(79) y: Heap Statistics:
[2026-09-13T14:31:41.373-0400][630.465s][info][gc,heap     ] GC(79) y:                Mark Start          Mark End        Relocate Start      Relocate End           High               Low         
[2026-09-13T14:31:41.373-0400][630.465s][info][gc,heap     ] GC(79) y:  Capacity:    20328M (99%)       20328M (99%)       20328M (99%)       20328M (99%)       20328M (99%)       20328M (99%)    
[2026-09-13T14:31:41.373-0400][630.465s][info][gc,heap     ] GC(79) y:      Free:     4068M (20%)        3210M (16%)        6542M (32%)        9442M (46%)        9446M (46%)        3210M (16%)    
[2026-09-13T14:31:41.373-0400][630.465s][info][gc,heap     ] GC(79) y:      Used:    16508M (80%)       17366M (84%)       14034M (68%)       11134M (54%)       17366M (84%)       11130M (54%)    
[2026-09-13T14:31:41.373-0400][630.465s][info][gc,heap     ] GC(79) y: Young Generation Statistics:
[2026-09-13T14:31:41.373-0400][630.465s][info][gc,heap     ] GC(79) y:                Mark Start          Mark End        Relocate Start      Relocate End    
[2026-09-13T14:31:41.373-0400][630.465s][info][gc,heap     ] GC(79) y:      Used:     7058M (34%)        7916M (38%)        4584M (22%)        1684M (8%)     
[2026-09-13T14:31:41.373-0400][630.465s][info][gc,heap     ] GC(79) y:      Live:         -               266M (1%)          266M (1%)          266M (1%)     
[2026-09-13T14:31:41.373-0400][630.465s][info][gc,heap     ] GC(79) y:   Garbage:         -              6791M (33%)        3429M (17%)           9M (0%)     
[2026-09-13T14:31:41.373-0400][630.465s][info][gc,heap     ] GC(79) y: Allocated:         -               858M (4%)          888M (4%)         1408M (7%)     
[2026-09-13T14:31:41.373-0400][630.465s][info][gc,heap     ] GC(79) y: Reclaimed:         -                  -              3362M (16%)        6782M (33%)    
[2026-09-13T14:31:41.373-0400][630.465s][info][gc,heap     ] GC(79) y:  Promoted:         -                  -                 0M (0%)            0M (0%)     
[2026-09-13T14:31:41.373-0400][630.465s][info][gc,heap     ] GC(79) y: Compacted:         -                  -                  -               211M (1%)     
[2026-09-13T14:31:41.373-0400][630.465s][info][gc,phases   ] GC(79) y: Young Generation 16508M(80%)->11134M(54%) 0.697s
[2026-09-13T14:31:41.373-0400][630.465s][info][gc          ] GC(79) Minor Collection (Allocation Rate) 16508M(80%)->11134M(54%) 0.697s
[2026-09-13T14:31:41.594-0400][630.687s][info][gc,phases   ] GC(75) O: Concurrent Mark 10030.871ms
[2026-09-13T14:31:41.594-0400][630.687s][info][gc,phases   ] GC(75) O: Pause Mark End 0.017ms
[2026-09-13T14:31:41.594-0400][630.687s][info][gc,phases   ] GC(75) O: Concurrent Mark Free 0.003ms
[2026-09-13T14:31:41.722-0400][630.814s][info][gc,phases   ] GC(75) O: Concurrent Process Non-Strong 127.198ms
[2026-09-13T14:31:41.722-0400][630.814s][info][gc,phases   ] GC(75) O: Concurrent Reset Relocation Set 0.088ms
[2026-09-13T14:31:41.749-0400][630.841s][info][gc,phases   ] GC(75) O: Concurrent Select Relocation Set 26.473ms
[2026-09-13T14:31:41.749-0400][630.841s][info][gc,task     ] GC(75) O: Using 3 Workers for Old Generation
[2026-09-13T14:31:41.793-0400][630.885s][info][gc,task     ] GC(75) O: Using 1 Workers for Old Generation
[2026-09-13T14:31:41.793-0400][630.885s][info][gc,phases   ] GC(75) O: Concurrent Remap Roots 44.636ms
[2026-09-13T14:31:41.793-0400][630.886s][info][gc,phases   ] GC(75) O: Pause Relocate Start 0.012ms
[2026-09-13T14:31:42.501-0400][631.594s][info][gc,phases   ] GC(75) O: Concurrent Relocate 708.165ms
[2026-09-13T14:31:42.501-0400][631.594s][info][gc,alloc    ] GC(75) O:                         Mark Start        Mark End      Relocate Start    Relocate End   
[2026-09-13T14:31:42.501-0400][631.594s][info][gc,alloc    ] GC(75) O: Allocation Stalls:          0                0                0                0         
[2026-09-13T14:31:42.501-0400][631.594s][info][gc,load     ] GC(75) O: Load: 0.00 (0%) / 0.00 (0%) / 0.00 (0%)
[2026-09-13T14:31:42.501-0400][631.594s][info][gc,mmu      ] GC(75) O: MMU: 2ms/96.9%, 5ms/98.8%, 10ms/99.4%, 20ms/99.6%, 50ms/99.9%, 100ms/99.9%
[2026-09-13T14:31:42.501-0400][631.594s][info][gc,marking  ] GC(75) O: Mark: 1 stripe(s), 2 proactive flush(es), 1 terminate flush(es), 0 completion(s), 0 continuation(s) 
[2026-09-13T14:31:42.501-0400][631.594s][info][gc,nmethod  ] GC(75) O: NMethods: 26076 registered, 16264 unregistered
[2026-09-13T14:31:42.501-0400][631.594s][info][gc,metaspace] GC(75) O: Metaspace: 585M used, 588M committed, 1472M reserved
[2026-09-13T14:31:42.501-0400][631.594s][info][gc,ref      ] GC(75) O:                       Encountered   Discovered     Enqueued 
[2026-09-13T14:31:42.501-0400][631.594s][info][gc,ref      ] GC(75) O: Soft References:            45723            0            0 
[2026-09-13T14:31:42.501-0400][631.594s][info][gc,ref      ] GC(75) O: Weak References:           226056       180176        28128 
[2026-09-13T14:31:42.502-0400][631.594s][info][gc,ref      ] GC(75) O: Final References:            2012           83           78 
[2026-09-13T14:31:42.502-0400][631.594s][info][gc,ref      ] GC(75) O: Phantom References:         75785        74235        66320 
[2026-09-13T14:31:42.502-0400][631.594s][info][gc,reloc    ] GC(75) O:                        Candidates     Selected     In-Place         Size        Empty    Relocated 
[2026-09-13T14:31:42.502-0400][631.594s][info][gc,reloc    ] GC(75) O: Small Pages:                 2988          423            0        5976M         222M         176M 
[2026-09-13T14:31:42.502-0400][631.594s][info][gc,reloc    ] GC(75) O: Medium Pages:                  78            7            0        2496M         224M          73M 
[2026-09-13T14:31:42.502-0400][631.594s][info][gc,reloc    ] GC(75) O: Large Pages:                   48            0            0         620M         146M           0M 
[2026-09-13T14:31:42.502-0400][631.594s][info][gc,reloc    ] GC(75) O: Forwarding Usage: 154M
[2026-09-13T14:31:42.502-0400][631.594s][info][gc,heap     ] GC(75) O: Min Capacity: 256M(1%)
[2026-09-13T14:31:42.502-0400][631.594s][info][gc,heap     ] GC(75) O: Max Capacity: 20576M(100%)
[2026-09-13T14:31:42.502-0400][631.594s][info][gc,heap     ] GC(75) O: Soft Max Capacity: 20576M(100%)
[2026-09-13T14:31:42.502-0400][631.594s][info][gc,heap     ] GC(75) O: Heap Statistics:
[2026-09-13T14:31:42.502-0400][631.594s][info][gc,heap     ] GC(75) O:                Mark Start          Mark End        Relocate Start      Relocate End           High               Low         
[2026-09-13T14:31:42.502-0400][631.594s][info][gc,heap     ] GC(75) O:  Capacity:    20328M (99%)       20328M (99%)       20328M (99%)       20328M (99%)       20328M (99%)       20328M (99%)    
[2026-09-13T14:31:42.502-0400][631.594s][info][gc,heap     ] GC(75) O:      Free:     8760M (43%)        9130M (44%)        9472M (46%)        9632M (47%)       10628M (52%)        3210M (16%)    
[2026-09-13T14:31:42.502-0400][631.594s][info][gc,heap     ] GC(75) O:      Used:    11816M (57%)       11446M (56%)       11104M (54%)       10944M (53%)       17366M (84%)        9948M (48%)    
[2026-09-13T14:31:42.502-0400][631.594s][info][gc,heap     ] GC(75) O: Old Generation Statistics:
[2026-09-13T14:31:42.502-0400][631.594s][info][gc,heap     ] GC(75) O:                Mark Start          Mark End        Relocate Start      Relocate End    
[2026-09-13T14:31:42.502-0400][631.594s][info][gc,heap     ] GC(75) O:      Used:     9092M (44%)        9450M (46%)        8858M (43%)        7724M (38%)    
[2026-09-13T14:31:42.502-0400][631.594s][info][gc,heap     ] GC(75) O:      Live:         -              7107M (35%)        7107M (35%)        7107M (35%)    
[2026-09-13T14:31:42.502-0400][631.594s][info][gc,heap     ] GC(75) O:   Garbage:         -              1984M (10%)        1392M (7%)          225M (1%)     
[2026-09-13T14:31:42.502-0400][631.594s][info][gc,heap     ] GC(75) O: Allocated:         -               358M (2%)          358M (2%)          391M (2%)     
[2026-09-13T14:31:42.502-0400][631.594s][info][gc,heap     ] GC(75) O: Reclaimed:         -                  -               592M (3%)         1759M (9%)     
[2026-09-13T14:31:42.502-0400][631.594s][info][gc,heap     ] GC(75) O: Compacted:         -                  -                  -               666M (3%)     
[2026-09-13T14:31:42.502-0400][631.594s][info][gc,phases   ] GC(75) O: Old Generation 9954M(48%)->10944M(53%) 10.938s
[2026-09-13T14:31:42.502-0400][631.594s][info][gc          ] GC(75) Major Collection (Allocation Rate) 11816M(57%)->10948M(53%) 11.229s
